,booktitle,author,rating,voted,score
0,To Kill a Mockingbird,Harper Lee,4.26,"24,848","2,451,081"
1,Pride and Prejudice,Jane Austen,4.29,"15,652","1,528,356"
2,The Diary of a Young Girl,Anne Frank,4.20,"14,958","1,456,676"
3,"Harry Potter and the Sorcerer’s Stone (Harry Potter, #1)",J.K. Rowling,4.47,"14,190","1,396,467"
4,Animal Farm,George Orwell,4.00,"11,446","1,105,110"
5,1984,George Orwell,4.20,"10,836","1,059,642"
6,The Little Prince,Antoine de Saint-Exupéry,4.33,"10,684","1,031,649"
7,The Great Gatsby,F. Scott Fitzgerald,3.93,"9,866","943,707"
8,The Catcher in the Rye,J.D. Salinger,3.80,"9,190","884,097"
9,The Lord of the Rings,J.R.R. Tolkien,4.54,"8,955","850,641"
10,The Book Thief,Markus Zusak,4.39,"8,804","835,807"
11,Jane Eyre,Charlotte Brontë,4.15,"8,376","794,387"
12,"The Chronicles of Narnia (The Chronicles of Narnia, #1-7)",C.S. Lewis,4.28,"7,823","742,104"
13,Lord of the Flies,William Golding,3.70,"7,693","724,406"
14,Romeo and Juliet,William Shakespeare,3.74,"7,535","712,091"
15,"Harry Potter and the Deathly Hallows (Harry Potter, #7)",J.K. Rowling,4.62,"7,486","702,777"
16,The Kite Runner,Khaled Hosseini,4.35,"7,364","698,809"
17,"The Giver (The Giver, #1)",Lois Lowry,4.12,"7,087","669,419"
18,The Giving Tree,Shel Silverstein,4.38,"6,898","652,260"
19,"Little Women (Little Women, #1)",Louisa May Alcott,4.16,"6,536","601,160"
20,Charlotte’s Web,E.B. White,4.20,"6,457","598,994"
21,"The Hunger Games (The Hunger Games, #1)",Suzanne Collins,4.34,"6,338","596,596"
22,"The Hobbit, or There and Back Again",J.R.R. Tolkien,4.29,"6,096","582,980"
23,Fahrenheit 451,Ray Bradbury,3.97,"6,064","569,500"
24,Of Mice and Men,John Steinbeck,3.89,"6,220","567,252"
25,"Harry Potter and the Prisoner of Azkaban (Harry Potter, #3)",J.K. Rowling,4.58,"5,924","540,207"
26,Green Eggs and Ham,Dr. Seuss,4.31,"5,740","539,942"
27,Wuthering Heights,Emily Brontë,3.90,"5,777","530,467"
28,Alice’s Adventures in Wonderland / Through the Looking-Glass,Lewis Carroll,4.07,"5,676","524,119"
29,The Picture of Dorian Gray,Oscar Wilde,4.13,"5,719","523,303"
30,Night,Elie Wiesel,4.38,"5,357","504,175"
31,"Harry Potter and the Sorcerer's Stone (Harry Potter, #1)",J.K. Rowling,4.47,"5,118","497,519"
32,Gone with the Wind,Margaret Mitchell,4.31,"5,400","496,552"
33,The Holy Bible: King James Version,Anonymous,4.44,"5,278","496,422"
34,"Harry Potter and the Goblet of Fire (Harry Potter, #4)",J.K. Rowling,4.57,"5,460","489,075"
35,"The Hitchhiker’s Guide to the Galaxy (The Hitchhiker's Guide to the Galaxy, #1)",Douglas Adams,4.23,"5,171","474,972"
36,Hamlet,William Shakespeare,4.02,"5,069","456,155"
37,"Harry Potter and the Half-Blood Prince (Harry Potter, #6)",J.K. Rowling,4.58,"5,111","450,959"
38,The Adventures of Huckleberry Finn,Mark Twain,3.83,"4,971","447,886"
39,Tolkien On Fairy-stories,J.R.R. Tolkien,4.32,"4,483","429,407"
40,Les Misérables,Victor Hugo,4.21,"4,639","419,734"
41,Brave New World and Brave New World Revisited,Aldous Huxley,4.16,"4,524","413,126"
42,Crime and Punishment,Fyodor Dostoevsky,4.28,"4,477","407,427"
43,The Help,Kathryn Stockett,4.46,"4,304","382,449"
44,The Secret Garden,Frances Hodgson Burnett,4.16,"4,365","379,652"
45,"The Lion, the Witch and the Wardrobe (Chronicles of Narnia, #1)",C.S. Lewis,4.24,"4,281","373,926"
46,Memoirs of a Geisha,Arthur Golden,4.16,"4,132","372,476"
47,The Odyssey,Homer,3.82,"4,138","363,793"
48,A Christmas Carol,Charles Dickens,4.09,"4,219","359,617"
49,"The Cat in the Hat (Cat in the Hat, #1)",Dr. Seuss,4.19,"3,884","344,007"
50,The Outsiders,S.E. Hinton,4.14,"3,785","335,372"
51,A Thousand Splendid Suns,Khaled Hosseini,4.45,"3,579","324,754"
52,One Hundred Years of Solitude,Gabriel García Márquez,4.12,"3,592","324,563"
53,"Anne of Green Gables (Anne of Green Gables, #1)",L.M. Montgomery,4.32,"3,686","321,475"
54,The Grapes of Wrath,John Steinbeck,4.02,"3,718","320,862"
55,The Count of Monte Cristo,Alexandre Dumas,4.31,"3,609","313,975"
56,Where the Sidewalk Ends,Shel Silverstein,4.34,"3,561","313,336"
57,"Ender’s Game (Ender's Saga, #1)",Orson Scott Card,4.31,"3,361","306,848"
58,Where the Wild Things Are,Maurice Sendak,4.25,"3,557","305,274"
59,The Color Purple,Alice Walker,4.27,"3,407","301,515"
60,"The Handmaid’s Tale (The Handmaid's Tale, #1)",Margaret Atwood,4.15,"3,426","298,314"
61,The Adventures of Tom Sawyer,Mark Twain,3.92,"3,527","298,050"
62,A Tale of Two Cities,Charles Dickens,3.87,"3,506","297,696"
63,Life of Pi,Yann Martel,3.94,"3,365","296,138"
64,Frankenstein: The 1818 Text,Mary Wollstonecraft Shelley,3.89,"3,437","289,911"
65,One Flew Over the Cuckoo’s Nest,Ken Kesey,4.20,"3,299","286,130"
66,"Oh, the Places You’ll Go!",Dr. Seuss,4.37,"3,200","280,087"
67,Anna Karenina,Leo Tolstoy,4.10,"3,253","279,701"
68,"Tuesdays with Morrie: An Old Man, a Young Man, and Life's Greatest Lesson",Mitch Albom,4.19,"3,045","272,680"
69,"The Fellowship of the Ring (The Lord of the Rings, #1)",J.R.R. Tolkien,4.40,"3,228","272,674"
70,Slaughterhouse-Five,Kurt Vonnegut Jr.,4.10,"3,071","268,422"
71,"Winnie-the-Pooh (Winnie-the-Pooh, #1)",A.A. Milne,4.38,"3,165","267,884"
72,The Old Man and the Sea,Ernest Hemingway,3.81,"3,176","267,468"
73,Catch-22,Joseph Heller,3.99,"3,025","263,483"
74,The Scarlet Letter,Nathaniel Hawthorne,3.44,"2,965","244,605"
75,The Alchemist,Paulo Coelho,3.92,"2,634","239,138"
76,Macbeth,William Shakespeare,3.89,"2,942","239,003"
77,"Twilight (The Twilight Saga, #1)",Stephenie Meyer,3.66,"2,530","226,332"
78,The Metamorphosis,Franz Kafka,3.89,"2,628","222,879"
79,Lolita,Vladimir Nabokov,3.87,"2,535","218,532"
80,Siddhartha,Hermann Hesse,4.08,"2,490","216,516"
81,The Stranger,Albert Camus,4.03,"2,507","216,349"
82,The Time Traveler's Wife,Audrey Niffenegger,4.00,"2,438","211,545"
83,Goodnight Moon,Margaret Wise Brown,4.32,"2,318","194,089"
84,"Harry Potter and the Chamber of Secrets (Harry Potter, #2)",J.K. Rowling,4.43,"2,340","191,846"
85,War and Peace,Leo Tolstoy,4.16,"2,289","186,186"
86,A Tree Grows in Brooklyn,Betty  Smith,4.30,"2,178","184,770"
87,The Alchemist,Paulo Coelho,3.92,"1,944","181,283"
88,All Quiet on the Western Front,Erich Maria Remarque,4.10,"2,155","180,215"
89,"The Little House Collection (Little House, #1-9)",Laura Ingalls Wilder,4.36,"2,129","179,180"
90,A Clockwork Orange,Anthony Burgess,4.00,"2,142","179,062"
91,The Stand,Stephen        King,4.35,"1,998","172,355"
92,Don Quixote,Miguel de Cervantes Saavedra,3.90,"2,088","170,471"
93,Uncle Tom’s Cabin,Harriet Beecher Stowe,3.91,"2,060","167,385"
94,القرآن الكريم,Anonymous,4.38,"1,756","162,647"
95,A Story of Yesterday,Sergio Cobo,4.54,"1,609","160,899"
96,Atlas Shrugged,Ayn Rand,3.69,"1,825","159,293"
97,Brave New World,Aldous Huxley,3.99,"1,822","158,993"
98,The Brothers Karamazov,Fyodor Dostoevsky,4.38,"1,873","157,982"
99,"I Know Why the Caged Bird Sings (Maya Angelou's Autobiography, #1)",Maya Angelou,4.30,"1,867","152,976"
100,"Moby-Dick or, The Whale",Herman Melville,3.56,"1,929","152,366"
101,The Poisonwood Bible,Barbara Kingsolver,4.11,"1,775","151,836"
102,The Book of Mormon: Another Testament of Jesus Christ,Joseph Smith Jr.,4.24,"1,588","150,979"
103,"The da Vinci Code (Robert Langdon, #2)",Dan    Brown,3.93,"1,632","137,523"
104,Great Expectations,Charles Dickens,3.80,"1,657","133,396"
105,The Hiding Place: The Triumphant True Story of Corrie Ten Boom,Corrie ten Boom,4.47,"1,537","131,480"
106,"The Good Earth (House of Earth, #1)",Pearl S. Buck,4.01,"1,593","130,037"
107,Dracula,Bram Stoker,4.02,"1,604","129,452"
108,The Girl With the Dragon Tattoo (Millennium #1),Stieg Larsson,4.17,"1,501","125,889"
109,"A Wrinkle in Time (Time Quintet, #1)",Madeleine L'Engle,3.98,"1,500","124,011"
110,The Fault in Our Stars,John Green,4.13,"1,388","123,106"
111,Matilda,Roald Dahl,4.33,"1,475","122,141"
112,The Perks of Being a Wallflower,Stephen Chbosky,4.23,"1,380","121,861"
113,The Elephant Tree,R.D. Ronald,3.79,"1,258","117,301"
114,Sense and Sensibility,Jane Austen,4.09,"1,343","104,699"
115,The Zombie Room,R.D. Ronald,3.83,"1,085","101,322"
116,The Princess Bride,William Goldman,4.27,"1,227","99,859"
117,The Iliad,Homer,3.92,"1,259","98,165"
118,East of Eden,John Steinbeck,4.42,"1,152","96,103"
119,Where the Red Fern Grows,Wilson Rawls,4.12,"1,129","92,317"
120,Man’s Search for Meaning,Viktor E. Frankl,4.37,"1,053","91,936"
121,The Tell-Tale Heart and Other Writings,Edgar Allan Poe,4.19,"1,154","91,418"
122,"A Game of Thrones (A Song of Ice and Fire, #1)",George R.R. Martin,4.45,"1,079","90,190"
123,"Catching Fire (The Hunger Games, #2)",Suzanne Collins,4.34,"1,102","89,547"
124,The Curious Incident of the Dog in the Night-Time,Mark Haddon,3.89,"1,073","89,207"
125,The Lorax,Dr. Seuss,4.35,"1,095","89,193"
126,The Declaration of Independence / The Constitution of the United States,Founding Fathers,4.44,"1,109","88,501"
127,"Watership Down (Watership Down, #1)",Richard  Adams,4.09,"1,084","88,005"
128,Rebecca,Daphne du Maurier,4.25,"1,088","86,746"
129,The Bell Jar,Sylvia Plath,4.06,"1,063","86,362"
130,"Dune (Dune, #1)",Frank Herbert,4.28,"1,045","85,519"
131,And Then There Were None,Agatha Christie,4.28,"1,055","84,508"
132,"Charlie and the Chocolate Factory (Charlie Bucket, #1)",Roald Dahl,4.16,"1,108","84,182"
133,The Last Lecture,Randy Pausch,4.26,933,"81,529"
134,The Lovely Bones,Alice Sebold,3.86,"1,001","81,445"
135,The Velveteen Rabbit,Margery Williams Bianco,4.31,"1,047","81,142"
136,The Fountainhead,Ayn Rand,3.89,930,"79,882"
137,Alice in Wonderland,Jane Carruth,4.03,"1,045","79,464"
138,The Call of the Wild,Jack  London,3.91,"1,042","78,731"
139,"The Return of the King (The Lord of the Rings, #3)",J.R.R. Tolkien,4.57,"1,012","77,651"
140,Perfume: The Story of a Murderer,Patrick Süskind,4.04,904,"77,409"
141,The Girl Who Played With Fire (Millennium #2),Stieg Larsson,4.26,898,"77,314"
142,Animal Farm / 1984,George Orwell,4.30,989,"77,164"
143,The Five People You Meet in Heaven,Mitch Albom,4.00,907,"75,966"
144,"The Wonderful Wizard of Oz (Oz, #1)",L. Frank Baum,4.00,985,"72,240"
145,"Angela’s Ashes (Frank McCourt, #1)",Frank McCourt,4.15,906,"72,110"
146,"The Two Towers (The Lord of the Rings, #2)",J.R.R. Tolkien,4.49,963,"71,300"
147,Bridge to Terabithia,Katherine Paterson,4.06,887,"69,604"
148,Love You Forever,Robert Munsch,4.38,853,"69,449"
149,The Road,Cormac McCarthy,4.00,840,"69,384"
150,The Divine Comedy: Inferno - Purgatorio - Paradiso,Dante Alighieri,4.08,895,"68,895"
151,A Prayer for Owen Meany,John Irving,4.24,801,"68,071"
152,A Midsummer Night’s Dream,William Shakespeare,3.94,945,"67,644"
153,The Name of the Rose,Umberto Eco,4.14,857,"67,537"
154,Persuasion,Jane Austen,4.15,880,"67,205"
155,"The Golden Compass (His Dark Materials, #1)",Philip Pullman,4.03,829,"66,539"
156,The Prophet,Kahlil Gibran,4.23,821,"66,274"
157,The Three Musketeers,Alexandre Dumas,4.10,885,"65,921"
158,The Boy in the Striped Pajamas,John Boyne,4.16,797,"65,261"
159,Water for Elephants,Sara Gruen,4.11,826,"65,179"
160,"The Pillars of the Earth (Kingsbridge, #1)",Ken Follett,4.34,793,"64,807"
161,The Girl on the Train,Paula Hawkins,3.96,698,"63,765"
162,Gone Girl,Gillian Flynn,4.14,716,"63,080"
163,How the Grinch Stole Christmas!,Dr. Seuss,4.38,881,"62,286"
164,Jonathan Livingston Seagull,Richard Bach,3.86,773,"61,992"
165,Oliver Twist,Charles Dickens,3.88,871,"61,386"
166,The Secret Life of Bees,Sue Monk Kidd,4.10,787,"60,385"
167,The Master and Margarita,Mikhail Bulgakov,4.29,709,"60,158"
168,"Mockingjay (The Hunger Games, #3)",Suzanne Collins,4.10,774,"59,900"
169,"The Notebook (The Notebook, #1)",Nicholas Sparks,4.16,756,"59,711"
170,"Red Dragon (Hannibal Lecter, #1)",Thomas  Harris,4.07,650,"59,427"
171,The Complete Sherlock Holmes,Arthur Conan Doyle,4.50,785,"59,294"
172,Dark Places,Gillian Flynn,3.95,638,"59,096"
173,Mystic River,Dennis Lehane,4.17,640,"58,900"
174,In Cold Blood,Truman Capote,4.09,772,"58,250"
175,Never Lie,Freida McFadden,4.09,609,"57,469"
176,The Crucible,Arthur Miller,3.61,779,"57,413"
177,Heart of Darkness,Joseph Conrad,3.43,766,"57,407"
178,"The Shadow of the Wind (The Cemetery of Forgotten Books, #1)",Carlos Ruiz Zafón,4.30,679,"57,386"
179,The Red Tent,Anita Diamant,4.20,693,"57,320"
180,Lock Every Door,Riley Sager,3.89,610,"57,282"
181,Love in the Time of Cholera,Gabriel García Márquez,3.94,735,"57,236"
182,None of This Is True,Lisa Jewell,4.10,603,"56,594"
183,"The Woman in Cabin 10 (Lo Blacklock, #1)",Ruth Ware,3.73,605,"56,395"
184,The Glass Castle,Jeannette Walls,4.32,679,"56,368"
185,The Paris Apartment,Lucy Foley,3.65,598,"56,208"
186,The Woman in the Window,A.J. Finn,3.94,599,"55,769"
187,Big Little Lies,Liane Moriarty,4.31,598,"55,700"
188,"The Family Upstairs (The Family Upstairs, #1)",Lisa Jewell,3.96,588,"55,174"
189,The Gift of the Magi,O. Henry,4.11,743,"55,064"
190,"The Housemaid's Secret (The Housemaid, #2)",Freida McFadden,4.21,585,"54,838"
191,The Art of War,Sun Tzu,3.95,697,"54,613"
192,Before I Go to Sleep,S.J. Watson,3.90,585,"54,431"
193,"Eat, Pray, Love",Elizabeth Gilbert,3.64,659,"53,933"
194,"You (You, #1)",Caroline Kepnes,3.96,576,"53,924"
195,"Interview with the Vampire (The Vampire Chronicles, #1)",Anne Rice,4.02,720,"53,793"
196,The Unbearable Lightness of Being,Milan Kundera,4.11,669,"53,759"
197,Walden,Henry David Thoreau,3.78,701,"53,522"
198,The Canterbury Tales,Geoffrey Chaucer,3.52,745,"53,117"
199,On the Road,Jack Kerouac,3.61,672,"53,067"
200,The Screwtape Letters,C.S. Lewis,4.27,674,"52,497"
201,Aesop’s Fables,Aesop,4.05,732,"52,337"
202,Dr. Jekyll and Mr. Hyde,Robert Louis Stevenson,3.83,735,"51,769"
203,J.R.R. Tolkien 4-Book Boxed Set: The Hobbit and The Lord of the Rings,J.R.R. Tolkien,4.61,662,"51,509"
204,Fight Club,Chuck Palahniuk,4.18,628,"51,210"
205,"The Godfather (The Godfather, #1)",Mario Puzo,4.39,661,"51,184"
206,Pretty Girls,Karin Slaughter,4.02,544,"51,103"
207,Shutter Island,Dennis Lehane,4.13,557,"51,031"
208,Robinson Crusoe,Daniel Defoe,3.68,713,"50,524"
209,Gulliver’s Travels,Jonathan Swift,3.59,730,"50,339"
210,The Couple Next Door,Shari Lapena,3.80,535,"50,108"
211,No Exit,Taylor  Adams,3.99,534,"50,035"
212,"The Bone Collector (Lincoln Rhyme, #1)",Jeffery Deaver,4.20,535,"49,662"
213,The Only One Left,Riley Sager,4.14,521,"48,895"
214,Emma,Jane Austen,4.05,690,"48,887"
215,The Origin of Species,Charles Darwin,4.01,645,"48,854"
216,Invisible Man,Ralph Ellison,3.92,624,"48,542"
217,Sophie’s World,Jostein Gaarder,3.97,581,"48,205"
218,The Trial,Franz Kafka,3.95,617,"48,109"
219,The Prince,Niccolò Machiavelli,3.84,643,"48,069"
220,The Complete Grimm's Fairy Tales,Jacob Grimm,4.23,691,"47,920"
221,Final Girls,Riley Sager,3.82,509,"47,593"
222,The Last Thing He Told Me,Laura Dave,3.83,509,"47,576"
223,Candide,Voltaire,3.76,624,"47,519"
224,Then She Was Gone,Lisa Jewell,4.05,508,"47,501"
225,Watchmen,Alan             Moore,4.39,576,"47,487"
226,The Time Machine,H.G. Wells,3.89,661,"47,311"
227,Behind Closed Doors,B.A. Paris,3.97,504,"46,902"
228,Roots: The Saga of an American Family,Alex Haley,4.44,611,"46,124"
229,Home Before Dark,Riley Sager,4.06,484,"45,277"
230,"Beloved (Beloved Trilogy, #1)",Toni Morrison,3.97,578,"45,053"
231,A Flicker in the Dark,Stacy Willingham,3.98,477,"44,585"
232,Go Ask Alice,Beatrice Sparks,3.74,541,"42,915"
233,Atonement,Ian McEwan,3.95,558,"42,830"
234,The Things They Carried,Tim O'Brien,4.14,513,"42,166"
235,My Sister’s Keeper,Jodi Picoult,4.10,521,"40,938"
236,"The Lightning Thief (Percy Jackson and the Olympians, #1)",Rick Riordan,4.31,503,"40,896"
237,Tuck Everlasting,Natalie Babbitt,3.90,519,"40,525"
238,"Divergent (Divergent, #1)",Veronica Roth,4.14,491,"40,491"
239,Stranger in a Strange Land,Robert A. Heinlein,3.92,510,"39,951"
240,The Sun Also Rises,Ernest Hemingway,3.79,530,"39,759"
241,Mere Christianity,C.S. Lewis,4.36,503,"39,598"
242,"Murder on the Orient Express (Hercule Poirot, #10)",Agatha Christie,4.20,561,"39,465"
243,"The Mists of Avalon (Avalon, #1)",Marion Zimmer Bradley,4.13,500,"39,272"
244,"The Tale of Peter Rabbit (World of Beatrix Potter, #1)",Beatrix Potter,4.22,566,"38,836"
245,The Complete Maus,Art Spiegelman,4.58,489,"38,800"
246,Number the Stars,Lois Lowry,4.19,516,"38,554"
247,The Phantom Tollbooth,Norton Juster,4.20,486,"38,366"
248,U.S. Constitution (Saddlewire) (Books of American Wisdom),Founding Fathers,4.52,497,"37,239"
249,American Gods,Neil Gaiman,4.10,469,"37,183"
250,James and the Giant Peach,Roald Dahl,4.03,518,"36,966"
251,Bury My Heart at Wounded Knee: An Indian History of the American West,Dee Brown,4.26,492,"36,521"
252,"The Ultimate Hitchhiker’s Guide to the Galaxy (Hitchhiker's Guide to the Galaxy, #1-5)",Douglas Adams,4.38,464,"36,107"
253,A Little Princess,Frances Hodgson Burnett,4.23,496,"35,762"
254,Schindler’s List,Thomas Keneally,4.34,502,"35,746"
255,The Autobiography of Malcolm X,Malcolm X,4.37,448,"35,518"
256,The Essential Calvin and Hobbes: A Calvin and Hobbes Treasury,Bill Watterson,4.65,477,"35,244"
257,"A Child Called ""It"" (Dave Pelzer, #1)",Dave Pelzer,4.13,440,"35,126"
258,Their Eyes Were Watching God,Zora Neale Hurston,3.99,471,"35,022"
259,Middlesex,Jeffrey Eugenides,4.04,434,"34,893"
260,Three Cups of Tea: One Man's Mission to Promote Peace ... One School at a Time,Greg Mortenson,3.66,417,"34,795"
261,Into the Wild,Jon Krakauer,4.02,434,"34,356"
262,Leaves of Grass,Walt Whitman,4.12,478,"34,224"
263,"Holes (Holes, #1)",Louis Sachar,4.01,454,"33,626"
264,The Wind in the Willows,Kenneth Grahame,4.02,487,"33,473"
265,The Republic,Plato,3.96,471,"33,150"
266,Speak,Laurie Halse Anderson,4.05,412,"32,820"
267,Peter Pan,J.M. Barrie,4.04,486,"32,470"
268,A People’s History of the United States: 1492 - Present,Howard Zinn,4.08,406,"32,431"
269,Looking for Alaska,John Green,3.96,379,"32,269"
270,The Story of My Life,Helen Keller,4.08,461,"32,028"
271,The World According to Garp,John Irving,4.11,428,"31,972"
272,"Good Omens: The Nice and Accurate Prophecies of Agnes Nutter, Witch",Terry Pratchett,4.25,396,"31,706"
273,A Brief History of Time,Stephen Hawking,4.21,426,"31,492"
274,The Secret Magdalene,Ki Longfellow,4.15,324,"31,477"
275,"Things Fall Apart (The African Trilogy, #1)",Chinua Achebe,3.74,414,"31,370"
276,"The Hound of the Baskervilles (Sherlock Holmes, #5)",Arthur Conan Doyle,4.13,466,"31,310"
277,Island of the Blue Dolphins,Scott O'Dell,3.88,427,"30,738"
278,Hidden Pictures,Jason Rekulak,4.16,323,"30,733"
279,A Short History of Nearly Everything,Bill Bryson,4.22,386,"30,603"
280,The Addiction Manifesto,Jerry Weaver,4.76,305,"30,497"
281,Cat’s Cradle,Kurt Vonnegut Jr.,4.15,396,"30,272"
282,زندگی مه آلود پریا,سید مرتضی مصطفوی,3.34,303,"30,060"
283,The Raven,Edgar Allan Poe,4.29,448,"30,057"
284,A Farewell to Arms,Ernest Hemingway,3.82,422,"29,944"
285,A Separate Peace,John Knowles,3.60,391,"29,781"
286,Blindness,José Saramago,4.18,363,"29,706"
287,The Complete Fairy Tales,Hans Christian Andersen,4.29,457,"29,636"
288,Fried Green Tomatoes at the Whistle Stop Cafe,Fannie Flagg,4.28,415,"29,599"
289,The Shack,William Paul Young,3.83,367,"29,134"
290,Tao Te Ching,Lao Tzu,4.29,370,"28,907"
291,Madame Bovary,Gustave Flaubert,3.71,415,"28,889"
292,The Joy Luck Club,Amy Tan,3.97,417,"28,726"
293,"Angels & Demons (Robert Langdon, #1)",Dan    Brown,3.95,386,"28,677"
294,How to Win Friends & Influence People,Dale Carnegie,4.22,365,"28,630"
295,The God Delusion,Richard Dawkins,3.90,350,"28,510"
296,The Neverending Story,Michael Ende,4.18,387,"28,308"
297,Sophie’s Choice,William Styron,4.17,392,"28,196"
298,Never Let Me Go,Kazuo Ishiguro,3.85,365,"28,186"
299,A Confederacy of Dunces,John Kennedy Toole,3.89,341,"28,001"
300,"Guns, Germs, and Steel: The Fates of Human Societies",Jared Diamond,4.04,358,"27,763"
301,The Color Purple,Alice Walker,4.27,307,"27,661"
302,Tess of the D’Urbervilles,Thomas Hardy,3.84,403,"27,156"
303,Flow Down Like Silver,Ki Longfellow,4.01,275,"27,093"
304,Local Woman Missing,Mary Kubica,4.13,284,"26,960"
305,Extremely Loud & Incredibly Close,Jonathan Safran Foer,3.97,332,"26,918"
306,"Outlander (Outlander, #1)",Diana Gabaldon,4.26,346,"26,846"
307,"The Clan of the Cave Bear (Earth's Children, #1)",Jean M. Auel,4.10,370,"26,708"
308,The Tao of Pooh,Benjamin Hoff,4.01,330,"26,430"
309,The 7 Habits of Highly Effective People: Powerful Lessons in Personal Change,Stephen R. Covey,4.16,356,"26,237"
310,"Eclipse (The Twilight Saga, #3)",Stephenie Meyer,3.74,341,"26,190"
311,Ulysses,James Joyce,3.77,362,"26,187"
312,A Light in the Attic,Shel Silverstein,4.36,387,"25,825"
313,The Phantom of the Opera,Gaston Leroux,3.96,374,"25,681"
314,One Day in the Life of Ivan Denisovich,Aleksandr Solzhenitsyn,3.98,356,"25,649"
315,"Lonesome Dove (Lonesome Dove, #1)",Larry McMurtry,4.55,332,"25,523"
316,"The Shining (The Shining, #1)",Stephen        King,4.28,360,"25,492"
317,"Breaking Dawn (The Twilight Saga, #4)",Stephenie Meyer,3.75,332,"25,251"
318,The Jungle,Upton Sinclair,3.77,363,"25,228"
319,Those Empty Eyes,Charlie Donlea,4.16,265,"25,165"
320,Treasure Island,Robert Louis Stevenson,3.85,395,"25,157"
321,The Green Mile,Stephen King,4.48,348,"25,110"
322,"The Name of the Wind (The Kingkiller Chronicle, #1)",Patrick Rothfuss,4.52,296,"25,080"
323,Paradise Lost,John Milton,3.85,375,"25,043"
324,The God of Small Things,Arundhati Roy,3.96,311,"24,846"
325,Nickel and Dimed: On (Not) Getting By in America,Barbara Ehrenreich,3.65,312,"24,762"
326,All Creatures Great and Small / All Things Bright and Beautiful,James Herriot,4.34,355,"24,487"
327,Horton Hears a Who!,Dr. Seuss,4.21,367,"24,472"
328,The Iliad / The Odyssey,Homer,4.07,356,"24,430"
329,The House of the Spirits,Isabel Allende,4.29,323,"24,201"
330,"Are You There God? It’s Me, Margaret",Judy Blume,3.94,355,"24,194"
331,The Complete Works,William Shakespeare,4.48,353,"23,914"
332,V for Vendetta,Alan             Moore,4.26,324,"23,852"
333,"The Foundation Trilogy (Foundation, #1-3)",Isaac Asimov,4.42,315,"23,817"
334,"Harry Potter and the Order of the Phoenix (Harry Potter, #5)",J.K. Rowling,4.50,319,"23,618"
335,"New Moon (The Twilight Saga, #2)",Stephenie Meyer,3.61,317,"23,489"
336,"Neverwhere (London Below, #1)",Neil Gaiman,4.17,305,"23,376"
337,"Little House in the Big Woods (Little House, #1)",Laura Ingalls Wilder,4.21,340,"23,247"
338,Julius Caesar,William Shakespeare,3.71,379,"23,016"
339,"Unbroken: A World War II Story of Survival, Resilience and Redemption",Laura Hillenbrand,4.39,280,"22,872"
340,The Guernsey Literary and Potato Peel Pie Society,Mary Ann Shaffer,4.19,292,"22,850"
341,The Elements of Style,William Strunk Jr.,4.18,320,"22,632"
342,David Copperfield,Charles Dickens,4.04,348,"22,505"
343,The Importance of Being Earnest,Oscar Wilde,4.17,331,"22,227"
344,What Lies in the Woods,Kate Alice Marshall,3.95,233,"22,046"
345,For Whom the Bell Tolls,Ernest Hemingway,3.98,330,"21,927"
346,"Zen and the Art of Motorcycle Maintenance: An Inquiry Into Values (Phaedrus, #1)",Robert M. Pirsig,3.78,297,"21,625"
347,Death of a Salesman,Arthur Miller,3.58,329,"21,062"
348,The Communist Manifesto,Karl Marx,3.67,292,"20,920"
349,"Sheever's Journal, Diary of a Poison Master",K.  Ritz,4.30,219,"20,839"
350,Othello,William Shakespeare,3.89,340,"20,736"
351,The Thorn Birds,Colleen McCullough,4.25,287,"20,651"
352,It,Stephen        King,4.24,284,"20,533"
353,A Walk in the Woods: Rediscovering America on the Appalachian Trail,Bill Bryson,4.07,268,"20,505"
354,"Wicked: The Life and Times of the Wicked Witch of the West (The Wicked Years, #1)",Gregory Maguire,3.52,289,"20,262"
355,Beowulf,Unknown,3.49,322,"20,056"
356,Room,Emma Donoghue,4.08,263,"20,000"
357,Norwegian Wood,Haruki Murakami,4.00,249,"19,946"
358,Eragon (The Inheritance Cycle #1),Christopher Paolini,3.96,271,"19,927"
359,"Shōgun (Asian Saga, #1)",James Clavell,4.41,259,"19,448"
360,A Fine Balance,Rohinton Mistry,4.38,237,"19,317"
361,The Reader,Bernhard Schlink,3.78,260,"19,225"
362,The Plague,Albert Camus,4.02,277,"19,151"
363,Thirteen Reasons Why,Jay Asher,3.84,231,"19,102"
364,"The Chosen (Reuven Malther, #1)",Chaim Potok,4.07,261,"18,860"
365,The Martian Chronicles,Ray Bradbury,4.16,280,"18,656"
366,The Awakening,Kate Chopin,3.68,261,"18,612"
367,Who Moved My Cheese? An Amazing Way to Deal with Change in Your Work and in Your Life...,Spencer Johnson,3.87,242,"18,506"
368,"Lamb: The Gospel According to Biff, Christ’s Childhood Pal",Christopher Moore,4.23,217,"18,486"
369,Do Androids Dream of Electric Sheep?,Philip K. Dick,4.09,259,"18,485"
370,The Trigger: Hunting the Assassin Who Brought the World to War,Tim Butcher,3.81,188,"18,417"
371,"The Host (The Host, #1)",Stephenie Meyer,3.86,236,"18,350"
372,Steppenwolf,Hermann Hesse,4.13,244,"18,131"
373,"Calvin and Hobbes (Calvin and Hobbes, #1)",Bill Watterson,4.61,254,"18,002"
374,"Antigone (The Theban Plays, #3)",Sophocles,3.67,278,"17,840"
375,Holy Bible: New International Version,Anonymous,4.62,225,"17,830"
376,Much Ado About Nothing,William Shakespeare,4.06,308,"17,818"
377,"Cry, the Beloved Country",Alan Paton,3.92,249,"17,735"
378,The Cider House Rules,John Irving,4.17,259,"17,722"
379,"The Girl Who Kicked the Hornet’s Nest (Millennium, #3)",Stieg Larsson,4.24,254,"17,600"
380,Taming Flame,Therisa Peimer,4.29,185,"17,582"
381,"Wonder (Wonder, #1)",R.J. Palacio,4.36,215,"17,488"
382,"Being a Witch, and Other Things I Didn't Ask For",Sara Pascoe,4.29,181,"17,276"
383,"Faust, First Part",Johann Wolfgang von Goethe,3.86,242,"17,266"
384,Johnny Got His Gun,Dalton Trumbo,4.21,213,"17,266"
385,Kafka on the Shore,Haruki Murakami,4.12,215,"17,226"
386,Inferno,Dante Alighieri,4.03,259,"17,027"
387,The Pilgrim's Progress,John Bunyan,4.07,238,"16,801"
388,"Hatchet (Brian's Saga, #1)",Gary Paulsen,3.79,240,"16,788"
389,Fear and Loathing in Las Vegas: A Savage Journey to the Heart of the American Dream,Hunter S. Thompson,4.07,227,"16,755"
390,Something Wicked This Way Comes,Ray Bradbury,3.90,240,"16,741"
391,"Oedipus Rex  (The Theban Plays, #1)",Sophocles,3.72,269,"16,739"
392,"Jurassic Park (Jurassic Park, #1)",Michael Crichton,4.12,242,"16,665"
393,Dead Poets Society,N.H. Kleinbaum,4.17,248,"16,659"
394,"Think Twice (Myron Bolitar, #12)",Harlan Coben,4.26,175,"16,641"
395,Pericles and Aspasia: A Story of Ancient Greece,Yvonne Korshak,4.29,173,"16,493"
396,Gray After Dark,Noelle W. Ihli,4.23,175,"16,493"
397,The Complete Persepolis,Marjane Satrapi,4.40,220,"16,468"
398,Common Sense,Thomas Paine,4.00,243,"16,401"
399,"Not Forever, But For Now",Chuck Palahniuk,3.08,174,"16,399"
400,The Four Agreements: A Practical Guide to Personal Freedom,Miguel Ruiz,4.19,204,"16,360"
401,"The House at Pooh Corner (Winnie-the-Pooh, #2)",A.A. Milne,4.38,252,"16,352"
402,"The Power of One (The Power of One, #1)",Bryce Courtenay,4.35,200,"16,229"
403,A Walk to Remember,Nicholas Sparks,4.20,231,"16,215"
404,Look Closer,David Ellis,4.18,171,"16,197"
405,No One Can Know,Kate Alice Marshall,3.66,169,"15,997"
406,The Club,Ellery Lloyd,3.29,168,"15,955"
407,The Art of Racing in the Rain,Garth Stein,4.23,195,"15,859"
408,"City of Bones (The Mortal Instruments, #1)",Cassandra Clare,4.07,205,"15,801"
409,Shantaram,Gregory David Roberts,4.28,178,"15,766"
410,The Roommate,Kiersten Modglin,3.81,167,"15,721"
411,The Immortal Life of Henrietta Lacks,Rebecca Skloot,4.13,210,"15,679"
412,Cloud Atlas,David Mitchell,4.01,197,"15,652"
413,Cosmos,Carl Sagan,4.40,211,"15,631"
414,All the Light We Cannot See,Anthony Doerr,4.31,189,"15,601"
415,The Girl Who Was Taken,Charlie Donlea,4.19,165,"15,489"
416,Silent Spring,Rachel Carson,4.05,220,"15,411"
417,His Dark Materials (His Dark Materials #1-3),Philip Pullman,4.29,205,"15,378"
418,The Once and Future King,T.H. White,4.07,232,"15,277"
419,"Heidi (Heidi, #1-2)",Johanna Spyri,4.04,244,"15,261"
420,Head Like a Hole,Andrew Van Wey,3.86,161,"15,217"
421,Ask for Andrea,Noelle W. Ihli,4.09,160,"15,134"
422,The Night Circus,Erin Morgenstern,4.01,190,"15,041"
423,Girl with a Pearl Earring,Tracy Chevalier,3.93,230,"15,030"
424,American Psycho,Bret Easton Ellis,3.81,189,"14,992"
425,The Shards,Bret Easton Ellis,4.00,158,"14,963"
426,The Glass Menagerie,Tennessee Williams,3.73,241,"14,938"
427,Waiting for Godot,Samuel Beckett,3.84,225,"14,917"
428,Narrative of the Life of Frederick Douglass,Frederick Douglass,4.12,213,"14,890"
429,Black Beauty,Anna Sewell,4.00,238,"14,887"
430,Native Son,Richard Wright,4.04,196,"14,775"
431,Sharp Objects,Gillian Flynn,4.01,165,"14,774"
432,The Idiot,Fyodor Dostoevsky,4.21,214,"14,753"
433,"Twenty Thousand Leagues Under the Sea (Captain Nemo, #2)",Jules Verne,3.89,231,"14,744"
434,Old Yeller,Fred Gipson,4.10,231,"14,704"
435,"Viciously Yours (Fae Kings of Eden, #1)",Jamie Applegate Hunter,3.60,153,"14,575"
436,Freakonomics: A Rogue Economist Explores the Hidden Side of Everything,Steven D. Levitt,4.01,194,"14,438"
437,"Inara (Godfrey Davis, #3)",A.R. Merrydew,4.36,157,"14,388"
438,Chasing the Devil: The Search for Africa's Fighting Spirit,Tim Butcher,4.13,149,"14,350"
439,Murder on Family Grounds (Mary Wandwalker #3),Susan  Rowland,4.30,152,"14,321"
440,Mrs. Dalloway,Virginia Woolf,3.79,204,"14,317"
441,"Inkheart (Inkworld, #1)",Cornelia Funke,3.92,193,"14,189"
442,The War of the Worlds,H.G. Wells,3.83,232,"14,003"
443,"Magical Midlife Awakening (Leveling Up, #9)",K.F. Breene,4.62,147,"13,990"
444,From the Mixed-Up Files of Mrs. Basil E. Frankweiler,E.L. Konigsburg,4.16,194,"13,935"
445,The Complete Poems of Emily Dickinson,Emily Dickinson,4.28,230,"13,927"
446,"The Oldest Dance (Wisdom Revolution, #2)",Misba,4.71,143,"13,855"
447,"The High Auction (Wisdom Revolution, #1)",Misba,4.70,142,"13,851"
448,The Sound and the Fury,William Faulkner,3.86,196,"13,771"
449,Life Application Study Bible: NIV,Anonymous,4.65,165,"13,755"
450,"Little House on the Prairie (Little House, #3)",Laura Ingalls Wilder,4.21,209,"13,648"
451,The Jungle Books,Rudyard Kipling,4.01,232,"13,643"
452,Mansfield Park,Jane Austen,3.86,222,"13,613"
453,"Stargirl (Stargirl, #1)",Jerry Spinelli,3.77,176,"13,510"
454,The Diving Bell and the Butterfly: A Memoir of Life in Death,Jean-Dominique Bauby,3.98,166,"13,462"
455,The Epic of Gilgamesh,Anonymous,3.75,201,"13,263"
456,The Bluest Eye,Toni Morrison,4.12,180,"13,240"
457,My Ántonia,Willa Cather,3.84,196,"13,108"
458,"Pippi Longstocking (Pippi Långstrump, #1)",Astrid Lindgren,4.15,212,"13,055"
459,Anthem,Ayn Rand,3.61,173,"12,985"
460,"Howl’s Moving Castle (Howl’s Moving Castle, #1)",Diana Wynne Jones,4.29,179,"12,938"
461,The Remains of the Day,Kazuo Ishiguro,4.14,192,"12,937"
462,The Art of Happiness,Dalai Lama XIV,4.17,181,"12,904"
463,The Thirteenth Tale,Diane Setterfield,3.98,172,"12,734"
464,The Secret History,Donna Tartt,4.16,165,"12,701"
465,"A Time to Kill (Jake Brigance, #1)",John Grisham,4.12,183,"12,701"
466,"Captive in the Dark (The Dark Duet, #1)",C.J. Roberts,3.94,135,"12,680"
467,White Fang,Jack  London,4.03,202,"12,662"
468,The Polymorph,Max Nowaz,4.28,138,"12,643"
469,Breakfast at Tiffany’s and Three Stories,Truman Capote,3.84,202,"12,598"
470,The Heart Is a Lonely Hunter,Carson McCullers,3.99,181,"12,473"
471,The Drowning Woman,Robyn Harding,4.05,132,"12,461"
472,"The Voyage of the Dawn Treader (Chronicles of Narnia, #3)",C.S. Lewis,4.09,201,"12,336"
473,Around the World in Eighty Days,Jules Verne,3.95,188,"12,212"
474,"Tears of Tess (Monsters in the Dark, #1)",Pepper Winters,3.99,128,"12,165"
475,The Left Hand of Darkness,Ursula K. Le Guin,4.10,161,"12,079"
476,"The Girl in the Eagle's Talons (Millennium, #7)",Karin Smirnoff,3.42,128,"12,077"
477,"Consequences (Consequences, #1)",Aleatha Romig,3.92,128,"12,066"
478,"The Cheat Code (Wisdom Revolution, #3)",Misba,4.74,123,"12,021"
479,Still Alice,Lisa Genova,4.32,159,"12,014"
480,She’s Come Undone,Wally Lamb,3.91,164,"11,975"
481,"Souls Unfractured (Hades Hangmen, #3)",Tillie Cole,4.41,126,"11,973"
482,11/22/63,Stephen        King,4.34,159,"11,969"
483,Northanger Abbey,Jane Austen,3.85,193,"11,894"
484,Marley and Me: Life and Love With the World’s Worst Dog,John Grogan,4.14,167,"11,834"
485,"Killing Sarai (In the Company of Killers, #1)",J.A. Redmerski,4.08,125,"11,832"
486,King Lear,William Shakespeare,3.91,198,"11,680"
487,The Martian,Andy Weir,4.42,145,"11,669"
488,"I, Robot (Robot, #0.1)",Isaac Asimov,4.21,179,"11,658"
489,"A Wizard of Earthsea (Earthsea Cycle, #1)",Ursula K. Le Guin,4.01,164,"11,644"
490,"Corrupt (Devil's Night, #1)",Penelope Douglas,3.79,123,"11,643"
491,The Rise and Fall of the Third Reich: A History of Nazi Germany,William L. Shirer,4.22,166,"11,629"
492,Houdini Heart,Ki Longfellow,3.84,120,"11,609"
493,Travels with Charley: In Search of America,John Steinbeck,4.08,146,"11,574"
494,Different Seasons,Stephen        King,4.36,165,"11,562"
495,Middlemarch,George Eliot,4.03,171,"11,542"
496,"Truth (Consequences, #2)",Aleatha Romig,4.34,121,"11,457"
497,The Wind-Up Bird Chronicle,Haruki Murakami,4.14,147,"11,418"
498,Keep It in the Family,John Marrs,4.08,121,"11,417"
499,The Hunchback of Notre-Dame,Victor Hugo,4.02,185,"11,336"
500,Sarah's Key,Tatiana de Rosnay,4.18,155,"11,327"
501,The Omnivore's Dilemma: A Natural History of Four Meals,Michael Pollan,4.19,152,"11,320"
502,"The Amber Spyglass (His Dark Materials, #3)",Philip Pullman,4.10,149,"11,251"
503,World War Z: An Oral History of the Zombie War,Max Brooks,4.02,145,"11,215"
504,Mistress Suffragette,Diana   Forbes,4.29,125,"11,210"
505,A Portrait of the Artist as a Young Man,James Joyce,3.64,166,"11,181"
506,I Know This Much Is True,Wally Lamb,4.21,152,"11,171"
507,Fast Food Nation: The Dark Side of the All-American Meal,Eric Schlosser,3.75,161,"11,163"
508,"Deeper Than the Dead (Vera Boyett, #1)",Debra Webb,4.05,118,"11,163"
509,Breakfast of Champions,Kurt Vonnegut Jr.,4.06,161,"11,152"
510,"Notes from Underground, White Nights, The Dream of a Ridiculous Man, and Selections from The House of the Dead",Fyodor Dostoevsky,4.19,145,"11,062"
511,Harper Lee's To Kill a Mockingbird: Bloom's Guides,Harold Bloom,4.44,164,"11,037"
512,Starship Troopers,Robert A. Heinlein,4.01,143,"11,034"
513,A Winter Grave,Peter  May,4.07,116,"10,968"
514,The Power of Myth,Joseph Campbell,4.26,155,"10,931"
515,"It Ain't Me, Babe (Hades Hangmen, #1)",Tillie Cole,4.04,115,"10,917"
516,Paper Towns,John Green,3.70,135,"10,903"
517,Veronika Decides to Die,Paulo Coelho,3.73,136,"10,805"
518,"The Devil in the White City: Murder, Magic, and Madness at the Fair That Changed America",Erik Larson,4.00,154,"10,710"
519,The 5 Love Languages: The Secret to Love that Lasts,Gary Chapman,4.28,149,"10,675"
520,"The Magician’s Nephew (Chronicles of Narnia, #6)",C.S. Lewis,4.05,178,"10,669"
521,Twenty Years Later,Charlie Donlea,4.20,112,"10,668"
522,Snow Flower and the Secret Fan,Lisa See,4.09,146,"10,656"
523,"Ishmael (Ishmael, #1)",Daniel Quinn,4.01,126,"10,609"
524,"Bridget Jones’s Diary (Bridget Jones, #1)",Helen Fielding,3.81,166,"10,608"
525,The Selfish Gene,Richard Dawkins,4.16,137,"10,597"
526,"Trainspotting (Mark Renton, #2)",Irvine Welsh,4.11,134,"10,585"
527,White Oleander,Janet Fitch,4.00,150,"10,571"
528,"A Clash of Kings  (A Song of Ice and Fire, #2)",George R.R. Martin,4.42,150,"10,567"
529,The Very Secret Society of Irregular Witches,Sangu Mandanna,4.06,112,"10,555"
530,The Marriage Portrait,Maggie O'Farrell,4.01,110,"10,536"
531,The Graveyard Book,Neil Gaiman,4.16,142,"10,534"
532,The Purpose Driven Life: What on Earth Am I Here for?,Rick Warren,3.98,146,"10,469"
533,The Prince and the Pauper,Mark Twain,3.87,180,"10,417"
534,The Three Witches and the Master,Max Nowaz,4.31,110,"10,345"
535,Outliers: The Story of Success,Malcolm Gladwell,4.19,137,"10,329"
536,Salvager: A Military Science Fiction Adventure,Scott Moon,4.20,108,"10,285"
537,The Autobiography of Benjamin Franklin,Benjamin Franklin,3.86,153,"10,155"
538,"Artemis Fowl (Artemis Fowl, #1)",Eoin Colfer,3.86,139,"9,994"
539,The Witch of Blackbird Pond,Elizabeth George Speare,4.02,156,"9,925"
540,A Room of One’s Own,Virginia Woolf,4.22,146,"9,853"
541,The Amazing Adventures of Kavalier & Clay,Michael Chabon,4.18,129,"9,829"
542,The Power of Now: A Guide to Spiritual Enlightenment,Eckhart Tolle,4.15,129,"9,791"
543,Sapiens: A Brief History of Humankind,Yuval Noah Harari,4.35,113,"9,706"
544,The Prince of Tides,Pat Conroy,4.26,143,"9,702"
545,The Merchant of Venice,William Shakespeare,3.78,170,"9,684"
546,The Yellow Wallpaper and Other Stories,Charlotte Perkins Gilman,4.08,147,"9,660"
547,"A Dead and Stormy Night (Nevermore Bookshop Mysteries, #1)",Steffanie Holmes,3.90,102,"9,650"
548,"The Hunger Games Trilogy Boxset (The Hunger Games, #1-3)",Suzanne Collins,4.49,132,"9,616"
549,The Witches,Roald Dahl,4.18,142,"9,579"
550,Hello Beautiful,Ann Napolitano,4.14,101,"9,567"
551,Lady Chatterley’s Lover,D.H. Lawrence,3.50,157,"9,537"
552,Infidel,Ayaan Hirsi Ali,4.20,117,"9,535"
553,Midnight in the Garden of Good and Evil,John Berendt,3.92,143,"9,519"
554,"The Eye of the World (The Wheel of Time, #1)",Robert Jordan,4.19,122,"9,500"
555,"On Her Watch (Bree Taggert, #8)",Melinda Leigh,4.50,100,"9,498"
556,Ivanhoe,Walter Scott,3.76,150,"9,480"
557,To the Lighthouse,Virginia Woolf,3.81,136,"9,461"
558,Sybil: The Classic True Story of a Woman Possessed by Sixteen Personalities,Flora Rheta Schreiber,3.99,145,"9,453"
559,The Memory Keeper's Daughter,Kim Edwards,3.70,141,"9,444"
560,Like Water for Chocolate,Laura Esquivel,3.95,142,"9,389"
561,The BFG,Roald Dahl,4.23,144,"9,304"
562,"Amelia Bedelia  (Amelia Bedelia, #1)",Peggy Parish,4.19,154,"9,298"
563,صالة أورفانيللي,أشرف العشماوي,4.12,93,"9,298"
564,The Tipping Point: How Little Things Can Make a Big Difference,Malcolm Gladwell,4.01,136,"9,283"
565,God Is Not Great: How Religion Poisons Everything,Christopher Hitchens,3.96,119,"9,262"
566,Cold Mountain,Charles Frazier,3.89,148,"9,206"
567,Marked by Magic (Tracking Trouble #1),Lindsay Buroker,4.32,97,"9,188"
568,We Need to Talk About Kevin,Lionel Shriver,4.08,120,"9,163"
569,On the Beach,Nevil Shute,3.97,134,"9,145"
570,The Stinky Cheese Man and Other Fairly Stupid Tales,Jon Scieszka,4.20,132,"9,133"
571,"The Silence of the Lambs  (Hannibal Lecter, #2)",Thomas  Harris,4.25,144,"9,068"
572,The Mercy of Gods (The Captive’s War #1),James S.A. Corey,4.18,95,"9,004"
573,To Live and Drink in L.A.,Ben Peller,3.98,90,"8,990"
574,"Lucky Son of a Gun (Demon Accords, #19)",John Conroe,4.46,95,"8,985"
575,"The Killer Angels (The Civil War Trilogy, #2)",Michael Shaara,4.33,129,"8,962"
576,"My Side of the Mountain (Mountain, #1)",Jean Craighead George,4.10,132,"8,935"
577,"Guards! Guards! (Discworld, #8; City Watch, #1)",Terry Pratchett,4.34,98,"8,911"
578,The Warm Hands of Ghosts,Katherine Arden,3.98,94,"8,910"
579,Wild Swans: Three Daughters of China,Jung Chang,4.29,119,"8,899"
580,"The Art of Avoiding Your Alpha (Wildwood, #2)",Lola Glass,3.91,93,"8,805"
581,"Code Yellow in Gretna Green (Midlife Recorder, #5)",Linzi Day,4.62,93,"8,803"
582,House of Vampires and Flame (Shades of Ruin and Magic #1),Meg Xuemei X,4.13,92,"8,802"
583,"The Archon of Peace (Sovereign, #1)",Juddy Anderson C. Punzalan,4.59,88,"8,783"
584,"The Art of Avoiding Your Werewolf (Wildwood, #1)",Lola Glass,3.87,93,"8,777"
585,Franny and Zooey,J.D. Salinger,3.96,131,"8,773"
586,"The Adventures of Sherlock Holmes (Sherlock Holmes, #3)",Arthur Conan Doyle,4.30,131,"8,772"
587,Victor's Blessing,Barbara Sontheimer,4.34,92,"8,733"
588,"Heretical Fishing (Heretical Fishing, #1)",Haylock Jobson,4.31,92,"8,732"
589,The Wasp Factory,Iain Banks,3.76,107,"8,661"
590,The Silmarillion,J.R.R. Tolkien,4.03,127,"8,596"
591,Guess How Much I Love You,Sam McBratney,4.39,131,"8,536"
592,"World Without End (Kingsbridge, #2)",Ken Follett,4.32,115,"8,527"
593,"A Cursed Son (Remnants of the Fallen Kingdom, #1)",Day Leitao,4.01,90,"8,465"
594,Saint Richard Parker,Merlin Franco,4.31,89,"8,464"
595,"A Storm of Swords (A Song of Ice and Fire, #3)",George R.R. Martin,4.55,122,"8,412"
596,"2001: A Space Odyssey (Space Odyssey, #1)",Arthur C. Clarke,4.17,129,"8,408"
597,"Alexander and the Terrible, Horrible, No Good, Very Bad Day",Judith Viorst,4.24,138,"8,403"
598,"The Lies of Vampires and Slayers (Magic on Main Street, #1)",K.M. Shea,4.37,89,"8,400"
599,Zodiac Explained: Understanding the Innate Motives Behind Our Actions,Alb Imeri,4.60,84,"8,399"
600,"The Other Boleyn Girl (The Plantagenet and Tudor Novels, #9)",Philippa Gregory,4.09,127,"8,395"
601,On Writing: A Memoir of the Craft,Stephen        King,4.34,120,"8,336"
602,The Aeneid,Virgil,3.87,150,"8,303"
603,"God Is the Cure, Love Is the Answer: A Memoir",Aimee Cabo Nikolov,4.30,87,"8,286"
604,"Accidental Mystic (Midlife Melody, #1)",Phoebe Ravencraft,4.20,87,"8,275"
605,"The Eden Paradox (Eden Paradox, #1)",Barry Kirwan,4.22,92,"8,258"
606,Illusions: The Adventures of a Reluctant Messiah,Richard Bach,4.15,103,"8,249"
607,Helter Skelter: The True Story of the Manson Murders,Vincent Bugliosi,4.06,119,"8,160"
608,Thus Spoke Zarathustra,Friedrich Nietzsche,4.07,115,"8,111"
609,"Miss Peregrine's Home for Peculiar Children (Miss Peregrine's Peculiar Children, #1)",Ransom Riggs,3.92,113,"8,108"
610,Everything is Illuminated,Jonathan Safran Foer,3.89,111,"8,075"
611,The Satanic Verses,Salman Rushdie,3.71,121,"8,061"
612,Meditations,Marcus Aurelius,4.28,104,"8,043"
613,"Desert Outcast (Sovereign, #0.5)",Juddy Anderson C. Punzalan,4.64,81,"8,022"
614,"Why They Stay: Sex Scandals, Deals, and Hidden Agendas of Eight Political Wives",Anne  Michaud,4.29,85,"7,993"
615,Cyrano de Bergerac,Edmond Rostand,4.07,126,"7,944"
616,The White Tiger,Aravind Adiga,3.77,90,"7,854"
617,Snow Falling on Cedars,David Guterson,3.86,124,"7,850"
618,Quiet: The Power of Introverts in a World That Can't Stop Talking,Susan Cain,4.08,103,"7,838"
619,"The Maze Runner (The Maze Runner, #1)",James Dashner,4.05,104,"7,780"
620,Doctor Zhivago,Boris Pasternak,4.01,122,"7,735"
621,Don't Sweat the Small Stuff ... and It's All Small Stuff: Simple Ways to Keep the Little Things From Taking Over Your Life,Richard Carlson,4.00,114,"7,717"
622,Survival in Auschwitz,Primo Levi,4.34,102,"7,705"
623,The English Patient,Michael Ondaatje,3.86,122,"7,691"
624,Into Thin Air: A Personal Account of the Mt. Everest Disaster,Jon Krakauer,4.25,103,"7,687"
625,The Lottery and Other Stories,Shirley Jackson,4.02,129,"7,646"
626,Isabella Warrior Queen,Michael G. Kramer,4.30,86,"7,623"
627,The Federalist Papers,Alexander Hamilton,4.10,121,"7,614"
628,Bel Canto,Ann Patchett,3.94,106,"7,612"
629,Midnight’s Children,Salman Rushdie,3.98,109,"7,612"
630,The Wrong Daughter,Dandy Smith,4.02,79,"7,609"
631,Silas Marner,George Eliot,3.69,126,"7,600"
632,Pet Sematary,Stephen        King,4.08,119,"7,575"
633,House of Leaves,Mark Z. Danielewski,4.09,94,"7,573"
634,The Erkeley Shadows,Michael Wyndham Thomas,4.30,81,"7,570"
635,"Death Leaves a Shadow (Marlowe Black Mystery, #2)",Gabriel F.W. Koch,4.30,83,"7,568"
636,The House on Mango Street,Sandra Cisneros,3.69,108,"7,567"
637,Journey to the Center of the Earth,Jules Verne,3.85,121,"7,535"
638,Four Great Tragedies: Hamlet / Othello / King Lear / Macbeth,William Shakespeare,4.42,110,"7,523"
639,"The Raven Boys (The Raven Cycle, #1)",Maggie Stiefvater,4.05,80,"7,488"
640,"The Lost Hero (The Heroes of Olympus, #1)",Rick Riordan,4.30,101,"7,472"
641,Just Love Her,Raz Mihal,4.31,82,"7,455"
642,The Brief Wondrous Life of Oscar Wao,Junot Díaz,3.89,93,"7,413"
643,Blink: The Power of Thinking Without Thinking,Malcolm Gladwell,3.96,99,"7,372"
644,Requiem for a Dream,Hubert Selby Jr.,4.11,85,"7,305"
645,"The Tales of Beedle the Bard (Hogwarts Library, #3)",J.K. Rowling,4.03,112,"7,292"
646,"Ready Player One (Ready Player One, #1)",Ernest Cline,4.23,95,"7,226"
647,Dandelion Wine,Ray Bradbury,4.09,101,"7,208"
648,گم شده ای در مه,سید مرتضی مصطفوی,3.81,73,"7,178"
649,The Scarlet Pimpernel,Emmuska Orczy,4.07,112,"7,142"
650,The Historian,Elizabeth Kostova,3.80,102,"7,129"
651,"Passions in Death (In Death, #59)",J.D. Robb,4.29,75,"7,127"
652,The Complete Stories and Poems,Edgar Allan Poe,4.40,116,"7,120"
653,"Worm Holes (Quantum Roots, #2)",Kyle Keyes,4.34,78,"7,070"
654,The V Girl: A Coming of Age Story,Mya Robarts,3.97,73,"7,050"
655,"The Road Less Traveled: A New Psychology of Love, Traditional Values and Spiritual Growth",M. Scott Peck,4.08,102,"7,043"
656,Hiroshima,John Hersey,4.04,104,"7,042"
657,"Book of Night (Book of Night, #1)",Holly Black,3.54,72,"6,967"
658,Shakespeare's Sonnets,William Shakespeare,4.25,112,"6,956"
659,"Prince Caspian (Chronicles of Narnia, #2)",C.S. Lewis,3.98,126,"6,948"
660,"Angel of Vengeance (Pendergast, #22)",Douglas Preston,4.30,73,"6,934"
661,"Echo Road (Mercy Kilpatrick, #9; Bree Taggert, #9)",Kendra Elliot,4.54,73,"6,921"
662,"Finding Hope in the Darkness of Grief: Spiritual Insights Expressed Through Art, Poetry and Prose",Diamante Lavendar,4.30,75,"6,892"
663,The Goldfinch,Donna Tartt,3.96,86,"6,862"
664,Carrie,Stephen        King,3.99,114,"6,823"
665,Dogs vs Bears,Austin    Davis,4.31,71,"6,823"
666,"The Celestine Prophecy (Celestine Prophecy, #1)",James Redfield,3.72,97,"6,793"
667,The Mayor of Maxwell Street,Avery Cunningham,3.55,71,"6,777"
668,The Total Money Makeover: A Proven Plan for Financial Fitness,Dave Ramsey,4.22,85,"6,774"
669,"People in Glass Houses (Ghost Hunters, #16)",Jayne Castle,4.39,71,"6,763"
670,The Second Sex,Simone de Beauvoir,4.18,98,"6,757"
671,A Streetcar Named Desire,Tennessee Williams,3.98,110,"6,757"
672,"Perron Manor (Haunted, #1)",Lee Mountford,4.11,71,"6,754"
673,"The Horse and His Boy (Chronicles of Narnia, #5)",C.S. Lewis,3.91,119,"6,737"
674,"Maus I: A Survivor's Tale: My Father Bleeds History (Maus, #1)",Art Spiegelman,4.39,91,"6,736"
675,The French Lieutenant’s Woman,John Fowles,3.88,106,"6,733"
676,"Foundation (Foundation, #1)",Isaac Asimov,4.17,97,"6,731"
677,"The Subtle Knife (His Dark Materials, #2)",Philip Pullman,4.15,95,"6,707"
678,All the Murmuring Bones,A.G. Slatter,3.92,69,"6,681"
679,Invisible Monsters,Chuck Palahniuk,4.00,78,"6,679"
680,Blue Like Jazz: Nonreligious Thoughts on Christian Spirituality,Donald Miller,3.91,81,"6,661"
681,A Room with a View,E.M. Forster,3.90,114,"6,659"
682,"Fair Market Value (The Body Shop, #1)",Hailey Edwards,4.36,70,"6,659"
683,"One Dark Window (The Shepherd King, #1)",Rachel Gillig,4.28,69,"6,650"
684,The Hollow Places,T. Kingfisher,3.79,70,"6,645"
685,"Me Before You (Me Before You, #1)",Jojo Moyes,4.26,91,"6,644"
686,Redeeming Love,Francine  Rivers,4.51,83,"6,627"
687,The Ball at Versailles,Danielle Steel,4.04,69,"6,623"
688,"The Watchers (The Watchers, #1)",A.M. Shine,3.90,69,"6,584"
689,Hart's Ridge (Hart's Ridge #1),Kay Bratt,4.37,70,"6,574"
690,Lies My Teacher Told Me: Everything Your American History Textbook Got Wrong,James W. Loewen,3.97,95,"6,566"
691,Factotum,Charles Bukowski,3.92,78,"6,561"
692,The Salt Grows Heavy,Cassandra Khaw,3.56,68,"6,558"
693,"All Creatures Great and Small (All Creatures Great and Small, #1-2)",James Herriot,4.35,97,"6,556"
694,"The Reaping (Steinbeck and Reed, #2)",Jess Lourey,4.11,69,"6,555"
695,The Last Thing She Ever Did,Gregg Olsen,4.04,69,"6,548"
696,Peace Like a River,Leif Enger,4.02,87,"6,535"
697,Morsels,Abe Moss,3.71,69,"6,521"
698,The Agony and the Ecstasy,Irving Stone,4.09,82,"6,509"
699,"A MAN WHO SEEMED REAL: a story of love, lies, fear and kindness",Elizabeth Tebby Germaine,4.42,74,"6,507"
700,"Glow (The Plated Prisoner, #4)",Raven Kennedy,4.14,67,"6,490"
701,I Have a Dream: Writings and Speeches That Changed the World,Martin Luther King Jr.,4.50,111,"6,475"
702,The Horse Whisperer,Nicholas Evans,3.85,98,"6,469"
703,"Dangerous Play (Kate Green, #2)",Elise Hart Kipness,4.26,68,"6,454"
704,Far From the Madding Crowd,Thomas Hardy,3.97,109,"6,452"
705,"Eats, Shoots & Leaves: The Zero Tolerance Approach to Punctuation",Lynne Truss,3.87,103,"6,450"
706,Cackle,Rachel   Harrison,3.72,68,"6,442"
707,I Capture the Castle,Dodie Smith,3.99,90,"6,421"
708,Shot Down: The True Story of Pilot Howard Snyder and the Crew of the B-17 Susan Ruth,Steve Snyder,4.21,70,"6,398"
709,Nineteen Steps,Millie Bobby Brown,3.75,67,"6,396"
710,So Thirsty,Rachel   Harrison,3.51,67,"6,389"
711,Journey's Paradox (Journey Russo FBI Mystery #6),Mary Stone,4.54,68,"6,385"
712,The Forgotten Palace,Alexandra Walsh,4.19,67,"6,384"
713,Homo Cosmicus 2: Titan: A Science Fiction Novel,Todor Bombov,4.38,73,"6,367"
714,Jitterbug Perfume,Tom Robbins,4.23,82,"6,364"
715,"The Big Sleep (Philip Marlowe, #1)",Raymond Chandler,3.95,99,"6,337"
716,"Storm Front (The Dresden Files, #1)",Jim  Butcher,3.97,73,"6,337"
717,Brainwalker,Robyn Mundell,4.31,70,"6,332"
718,"A Lady's Guide to Fortune-Hunting (A Lady's Guide, #1)",Sophie Irwin,3.92,66,"6,325"
719,A Storm of Infinite Beauty,Julianne MacLean,4.30,66,"6,305"
720,"Blood Orange (The Dracula Duet, #1)",Karina Halle,3.81,66,"6,300"
721,"Crowns of Ice (Fae of Snow & Ice, #4)",Krista Street,4.16,66,"6,297"
722,"Cannery Row (Cannery Row, #1)",John Steinbeck,4.06,103,"6,289"
723,"Neuromancer (Sprawl, #1)",William Gibson,3.89,89,"6,285"
724,Infinite Jest,David Foster Wallace,4.25,73,"6,273"
725,Exodus,Leon Uris,4.34,98,"6,269"
726,"The Alpha's Fated Encounter (Fated to Royalty, #1)",Roxie Ray,3.93,66,"6,256"
727,"Haunting Adeline (Cat and Mouse, #1)",H.D. Carlton,3.96,66,"6,235"
728,Dark Horizon the Witching Hour (The Children of the Gods #82),I.T. Lucas,4.49,65,"6,228"
729,Fated to the Wolf Prince (The Hunted Omegas #1),April L. Moon,3.99,65,"6,206"
730,"Counter Identity (Remmich/Miller, #2)",Karl Braungart,4.31,65,"6,204"
731,The Three Witches and The Master,Max Nowaz,4.31,66,"6,196"
732,"Two Twisted Crowns (The Shepherd King, #2)",Rachel Gillig,4.41,64,"6,190"
733,Death Be Not Proud,John Gunther,3.86,97,"6,177"
734,"Falling Down (The Boy in the Iron Box, #1)",Guillermo del Toro,3.59,65,"6,174"
735,"Flowers in the Attic (Dollanganger, #1)",V.C. Andrews,3.85,89,"6,160"
736,The Invention of Hugo Cabret,Brian Selznick,4.22,92,"6,159"
737,The Butcher of the Forest,Premee Mohamed,3.89,64,"6,156"
738,Black Like Me,John Howard Griffin,4.11,86,"6,145"
739,"Vampire Academy (Vampire Academy, #1)",Richelle Mead,4.11,84,"6,141"
740,The Twisted Ones,T. Kingfisher,3.64,65,"6,137"
741,’Salem’s Lot,Stephen        King,4.10,94,"6,133"
742,"The Gunslinger (The Dark Tower, #1)",Stephen        King,3.92,87,"6,133"
743,"The Bad Beginning (A Series of Unfortunate Events, #1)",Lemony Snicket,4.02,92,"6,116"
744,"Eldest (The Inheritance Cycle, #2)",Christopher Paolini,4.05,90,"6,115"
745,The Age of Innocence,Edith Wharton,3.97,98,"6,097"
746,Brisingr (The Inheritance Cycle #3),Christopher Paolini,4.10,85,"6,078"
747,"Stripped Bare (Kate Fox, #1)",Shannon  Baker,4.04,65,"6,072"
748,Constant Companion: Your Practical Path to Real Interaction with God,Ami Loper,4.42,70,"6,069"
749,The Seven Moons of Maali Almeida,Shehan Karunatilaka,3.91,63,"6,061"
750,Ethan Frome,Edith Wharton,3.45,98,"6,058"
751,Slewfoot: A Tale of Bewitchery,Brom,4.24,63,"6,047"
752,Utopia,Thomas More,3.55,95,"6,042"
753,I'm Just Saying: A Guide to Maintaining Civil Discourse in an Increasingly Divided World,Milan Kordestani,4.26,65,"6,041"
754,"Wicked Saints (Something Dark and Holy, #1)",Emily A. Duncan,3.56,63,"6,037"
755,The Shipping News,Annie Proulx,3.88,91,"6,020"
756,The Story of Ferdinand,Munro Leaf,4.37,91,"6,006"
757,"Twilight of Embers (Dragons of Ember Hollow, #1)",Tessa Hale,4.07,63,"6,000"
758,The Elegance of the Hedgehog,Muriel Barbery,3.80,77,"5,995"
759,"The Black Bird Oracle (All Souls, #5)",Deborah Harkness,4.08,63,"5,993"
760,Ankle Snatcher,Grady Hendrix,3.71,63,"5,989"
761,"Skagboys (Mark Renton, #1)",Irvine Welsh,4.06,68,"5,950"
762,"City of Ashes (The Mortal Instruments, #2)",Cassandra Clare,4.11,82,"5,944"
763,Song of Solomon,Toni Morrison,4.15,93,"5,936"
764,Vanity Fair,William Makepeace Thackeray,3.81,93,"5,932"
765,Lunar Park,Bret Easton Ellis,3.65,70,"5,923"
766,"Ruthless Fae (Zodiac Academy, #2)",Caroline Peckham,4.20,62,"5,910"
767,The Swimmer,Loreth Anne White,4.15,63,"5,909"
768,"Lean In: Women, Work, and the Will to Lead",Sheryl Sandberg,3.95,65,"5,893"
769,"Descent (The Palladium Wars, #4)",Marko Kloos,4.32,61,"5,854"
770,"P.S. I Love You (P.S. I Love You, #1)",Cecelia Ahern,4.04,85,"5,848"
771,Scavenger Hunt,Chad Boudreaux,4.29,61,"5,846"
772,I Am Malala: The Story of the Girl Who Stood Up for Education and Was Shot by the Taliban,Malala Yousafzai,4.16,77,"5,823"
773,Walks Away Woman,Ki Longfellow,4.37,60,"5,810"
774,"Always Remember: Ben's Story (Ravenswood, #3)",Mary Balogh,4.15,61,"5,795"
775,The Waste Land,T.S. Eliot,4.11,92,"5,791"
776,"Crossroads and the Himalayan Crystals (Crossroads, #1)",C. Toni Graham,4.34,64,"5,791"
777,The Town the World Forgot (The Town That Shouldn't Exist #1),Boris Bacic,4.19,61,"5,790"
778,"The Hate U Give (The Hate U Give, #1)",Angie Thomas,4.46,69,"5,787"
779,"The Last Olympian (Percy Jackson and the Olympians, #5)",Rick Riordan,4.55,83,"5,769"
780,Misery,Stephen        King,4.23,93,"5,768"
781,Of Human Bondage,W. Somerset Maugham,4.15,79,"5,747"
782,Yildun: Worldmaker of Yand,Andri E. Elia,4.39,66,"5,743"
783,An American Beauty,Shana Abe,4.14,60,"5,742"
784,Dreams from My Father: A Story of Race and Inheritance,Barack Obama,3.94,82,"5,720"
785,Last Tang Standing,Lauren  Ho,3.52,59,"5,706"
786,Collapse: How Societies Choose to Fail or Succeed,Jared Diamond,3.93,81,"5,700"
787,Under the Banner of Heaven: A Story of Violent Faith,Jon Krakauer,4.01,75,"5,694"
788,His Forefathers and Mick,Michael G. Kramer,4.38,64,"5,693"
789,Not a Speck of Light: Stories,Laird Barron,4.12,60,"5,689"
790,"Ella Enchanted (Ella Enchanted, #1)",Gail Carson Levine,4.01,87,"5,688"
791,"Storm and Fury (The Harbinger, #1)",Jennifer L. Armentrout,4.04,60,"5,685"
792,"Insurgent (Divergent, #2)",Veronica Roth,3.97,80,"5,682"
793,"The Accidental Further Adventures of the Hundred-Year-Old Man (The Hundred-Year-Old Man, #2)",Jonas Jonasson,3.73,59,"5,668"
794,A Heartbreaking Work of Staggering Genius,Dave Eggers,3.69,74,"5,663"
795,The Sorrows of Young Werther,Johann Wolfgang von Goethe,3.69,77,"5,643"
796,I Am the Messenger,Markus Zusak,4.03,69,"5,635"
797,"Boy of Chaotic Making (Whimbrel House, #3)",Charlie N. Holmberg,4.29,59,"5,626"
798,Contact,Carl Sagan,4.15,83,"5,618"
799,Someone Else's Bucket List,Amy T. Matthews,4.00,58,"5,604"
800,Medea,Euripides,3.94,89,"5,602"
801,"Rivers of London (Rivers of London, #1)",Ben Aaronovitch,3.86,61,"5,601"
802,Listen for the Lie,Amy Tintera,4.09,59,"5,597"
803,"Shift (Silo, #2)",Hugh Howey,4.13,58,"5,548"
804,A Man Called Ove,Fredrik Backman,4.38,69,"5,546"
805,"If I Stay (If I Stay, #1)",Gayle Forman,3.91,77,"5,542"
806,Twisted Ties (The Arrow Hart Academy #2),Hannah Haze,4.16,58,"5,542"
807,Dubliners,James Joyce,3.84,86,"5,538"
808,"Savage Bonds (The Bonds That Tie, #2)",J. Bree,4.25,58,"5,526"
809,His Forefathers and Mick 2nd Edition,Michael G. Kramer,4.32,61,"5,521"
810,Hitman Anders and the Meaning of It All,Jonas Jonasson,3.42,57,"5,519"
811,"Ral's Woman (Zorn Warriors, #1)",Laurann Dohner,3.82,57,"5,496"
812,Complete Works of Arthur Conan Doyle,Arthur Conan Doyle,4.49,95,"5,490"
813,"Spark of the Everflame (Kindred's Curse, #1)",Penn Cole,4.20,57,"5,478"
814,"Pride and Prejudice, Mansfield Park, Persuasion",Jane Austen,4.51,88,"5,474"
815,The Innocent Man: Murder and Injustice in a Small Town,John Grisham,3.86,62,"5,473"
816,Stardust,Neil Gaiman,4.10,82,"5,462"
817,"Fifty Shades of Grey (Fifty Shades, #1)",E.L. James,3.67,77,"5,461"
818,"Eon (The Way, #1)",Greg Bear,3.88,57,"5,441"
819,As I Lay Dying,William Faulkner,3.72,86,"5,440"
820,A Passage to India,E.M. Forster,3.68,96,"5,439"
821,Seabiscuit: An American Legend,Laura Hillenbrand,4.23,87,"5,437"
822,"My Roommate Is a Vampire (My Vampires, #1)",Jenna Levine,3.47,57,"5,432"
823,Starter Villain,John Scalzi,4.13,58,"5,427"
824,"Every Heart a Doorway (Wayward Children, #1)",Seanan McGuire,3.81,59,"5,422"
825,The Ocean at the End of the Lane,Neil Gaiman,4.02,57,"5,421"
826,"The Selection (The Selection, #1)",Kiera Cass,4.07,72,"5,417"
827,Black Fire,William Kely McClung,4.30,58,"5,413"
828,"The Undertaking of Hart and Mercy (Hart and Mercy, #1)",Megan Bannen,4.07,57,"5,412"
829,Quantum Energetics and Spirituality Volume 1: Aligning with Universal Consciousness,Kenneth Schmitt,4.38,61,"5,400"
830,"Uglies (Uglies, #1)",Scott Westerfeld,3.85,73,"5,394"
831,"Clockwork Angel (The Infernal Devices, #1)",Cassandra Clare,4.31,70,"5,391"
832,"The Alienist (Dr. Laszlo Kreizler, #1)",Caleb Carr,4.06,84,"5,390"
833,Under the Whispering Door,T.J. Klune,4.13,57,"5,389"
834,Galatea,Madeline Miller,3.93,57,"5,389"
835,"The Somerset Slayings (DI Haig Crime Thrillers, #1)",David J. Gatward,4.34,57,"5,380"
836,Ficciones,Jorge Luis Borges,4.41,69,"5,363"
837,The Sixth Borough,Alan    Bradley,4.43,59,"5,351"
838,Whisk Of Dust: Too Unseen Distance,Sherman Kennon,4.37,63,"5,345"
839,Adoption Stories,Janine Myung Ja,4.34,57,"5,333"
840,The Education of Little Tree,Forrest Carter,4.14,78,"5,326"
841,The Heart of Aleppo: A Story of the Syrian Civil War,Ammar Habib,4.40,54,"5,318"
842,The Satsuma Complex,Bob Mortimer,3.68,55,"5,318"
843,Mind's Eye,Douglas E. Richards,4.07,55,"5,300"
844,Games of Command,Linnea Sinclair,4.04,55,"5,294"
845,Wraith (The Convergence War #1),M.R. Forbes,4.27,55,"5,294"
846,A New Earth: Awakening to Your Life's Purpose,Eckhart Tolle,4.16,66,"5,289"
847,"Blood Meridian, or, the Evening Redness in the West",Cormac McCarthy,4.16,67,"5,287"
848,"Susan, You're The Chosen One (Welcome To Midlife Magic, #1)",Lauretta Hignett,4.32,56,"5,287"
849,The Demon-Haunted World: Science as a Candle in the Dark,Carl Sagan,4.29,69,"5,276"
850,"The MacKinnon's Bride (The Highland Brides, #1)",Tanya Anne Crosby,3.99,55,"5,272"
851,"The Worst Ship in the Fleet (Dumb Luck and Dead Heroes, #1)",Skyler Ramirez,4.04,55,"5,257"
852,"The Long Way to a Small, Angry Planet (Wayfarers, #1)",Becky  Chambers,4.18,55,"5,252"
853,"The Last Unicorn (The Last Unicorn, #1)",Peter S. Beagle,4.16,73,"5,247"
854,From Manchester to the Arctic,Sheena  Billett,4.30,58,"5,245"
855,"The Empress: (The Emperor, The Son and The Thief, #4)",Robert         Reid,4.41,60,"5,244"
856,"Oryx and Crake (MaddAddam, #1)",Margaret Atwood,4.01,79,"5,238"
857,Le Morte d'Arthur: King Arthur and the Legends of the Round Table,Thomas Malory,3.92,100,"5,232"
858,Just Once,Karen Kingsbury,4.41,55,"5,229"
859,Cutting for Stone,Abraham   Verghese,4.33,76,"5,223"
860,And the Mountains Echoed,Khaled Hosseini,4.08,68,"5,219"
861,"Crank Palace (The Maze Runner, #3.5)",James Dashner,4.09,55,"5,213"
862,"The Color of Magic (Discworld, #1; Rincewind, #1)",Terry Pratchett,4.00,74,"5,204"
863,Little Women / Little Men / Jo's Boys,Louisa May Alcott,4.37,89,"5,193"
864,A Million Little Pieces,James Frey,3.69,76,"5,184"
865,James,Percival Everett,4.50,54,"5,181"
866,"Small Gods (Discworld, #13)",Terry Pratchett,4.32,72,"5,179"
867,The Patient's Secret,Loreth Anne White,4.26,55,"5,170"
868,All the President’s Men,Carl Bernstein,4.18,83,"5,167"
869,The Dispossessed: An Ambiguous Utopia,Ursula K. Le Guin,4.25,69,"5,160"
870,The Shock Doctrine: The Rise of Disaster Capitalism,Naomi Klein,4.28,63,"5,149"
871,The Nightingale,Kristin Hannah,4.64,67,"5,141"
872,"Rich Dad, Poor Dad",Robert T. Kiyosaki,4.10,67,"5,121"
873,"Mickey7 (Mickey7, #1)",Edward Ashton,3.78,54,"5,119"
874,The Virgin Suicides,Jeffrey Eugenides,3.79,70,"5,096"
875,"The Hunt for Red October (Jack Ryan, #3)",Tom Clancy,4.12,78,"5,092"
876,If on a Winter’s Night a Traveler,Italo Calvino,4.02,69,"5,091"
877,The Prophet and the Idiot,Jonas Jonasson,3.64,53,"5,086"
878,"The Lost Symbol (Robert Langdon, #3)",Dan    Brown,3.76,71,"5,083"
879,"Light Bringer (Red Rising Saga, #6)",Pierce Brown,4.76,53,"5,083"
880,Down and Out in Paris and London,George Orwell,4.09,70,"5,082"
881,A Town Like Alice,Nevil Shute,4.15,71,"5,074"
882,"Columbus Day (Expeditionary Force, #1)",Craig Alanson,4.26,54,"5,066"
883,"On Death and Dying: What the Dying Have to Teach Doctors, Nurses, Clergy and Their Own Families",Elisabeth Kübler-Ross,4.16,88,"5,059"
884,The Fall,Albert Camus,4.04,65,"5,056"
885,Termination Shock,Neal Stephenson,3.84,53,"5,049"
886,"Riley Thorn and the Dead Guy Next Door (Riley Thorn, #1)",Lucy Score,4.17,53,"5,043"
887,Brideshead Revisited,Evelyn Waugh,4.00,82,"5,041"
888,"Left Behind (Left Behind, #1)",Tim LaHaye,3.86,79,"5,036"
889,"Girl, Interrupted",Susanna Kaysen,3.94,74,"5,032"
890,"The Cheat Code (Wisdom Revolution, #3)",Misba,4.74,53,"5,029"
891,"City of Glass (The Mortal Instruments, #3)",Cassandra Clare,4.27,71,"5,028"
892,"Wayside School Is Falling Down (Wayside School, #2)",Louis Sachar,4.17,76,"5,026"
893,Long Walk to Freedom,Nelson Mandela,4.36,72,"5,024"
894,High Fidelity,Nick Hornby,3.90,72,"5,017"
895,"Never Fall for a Dragon (Mate Mountain, #1)",Lola Glass,3.93,53,"5,014"
896,The Day the Crayons Quit,Drew Daywalt,4.42,52,"5,013"
897,The Sacred Well Murders (Mary Wandwalker #1),Susan  Rowland,4.29,56,"5,001"
898,Eleanor & Park,Rainbow Rowell,3.93,65,"4,985"
899,Columbine,Dave Cullen,4.29,72,"4,982"
900,"The Way of Kings (The Stormlight Archive, #1)",Brandon Sanderson,4.67,56,"4,982"
901,"Risen (The Boy in the Iron Box, #4)",Guillermo del Toro,4.03,53,"4,978"
902,The Pearl,John Steinbeck,3.55,86,"4,973"
903,"Unwind (Unwind, #1)",Neal Shusterman,4.17,63,"4,969"
904,The Artifact,David Collins,4.27,52,"4,964"
905,"Engines of Oblivion (The Memory War, #2)",Karen Osborne,4.02,52,"4,955"
906,"I, Claudius (Claudius, #1)",Robert  Graves,4.25,73,"4,945"
907,Lust for Life,Irving Stone,4.27,54,"4,944"
908,Zorba the Greek,Nikos Kazantzakis,4.04,69,"4,932"
909,The Bhagavad Gita,Krishna-Dwaipayana Vyasa,4.19,68,"4,931"
910,"Trials of Conviction (The Firebird Chronicles, #5)",T.A. White,4.51,51,"4,926"
911,Found,Erin Kinsley,4.11,52,"4,925"
912,"Matching Configurations (Quantum Roots, #3)",Kyle Keyes,4.30,55,"4,923"
913,Momo,Michael Ende,4.34,58,"4,922"
914,The Bad Seed (The Food Group #1),Jory John,4.33,51,"4,922"
915,Coraline,Neil Gaiman,4.13,76,"4,916"
916,Steve Jobs,Walter Isaacson,4.15,59,"4,913"
917,The Orphanage by the Lake,Daniel G.  Miller,3.95,51,"4,908"
918,"Animal, Vegetable, Miracle: A Year of Food Life",Barbara Kingsolver,4.05,64,"4,883"
919,The Joy of Cooking,Irma S. Rombauer,4.13,78,"4,872"
920,Winter Garden,Kristin Hannah,4.28,54,"4,867"
921,Becoming,Michelle Obama,4.44,59,"4,862"
922,The Invisible Boy,Trudy Ludwig,4.43,50,"4,852"
923,The Ocean at the End of the Lane,Neil Gaiman,4.02,75,"4,848"
924,On Destiny,Aileen Erin,4.20,51,"4,846"
925,The Night Before Christmas,Clement Clarke Moore,4.40,90,"4,837"
926,We,Yevgeny Zamyatin,3.88,63,"4,836"
927,"A Witch's Guide to Fake Dating a Demon (Glimmer Falls, #1)",Sarah  Hawley,3.64,51,"4,832"
928,Papillon,Henri Charrière,4.23,67,"4,831"
929,The Tin Drum,Günter Grass,3.95,74,"4,829"
930,"Romancing Mister Bridgerton (Bridgertons, #4)",Julia Quinn,3.88,51,"4,818"
931,"Hunt the Stars (Starlight's Shadow, #1)",Jessie Mihalik,4.02,50,"4,817"
932,The Echo of Old Books,Barbara  Davis,4.27,50,"4,812"
933,Service Model,Adrian Tchaikovsky,4.04,51,"4,806"
934,Jonathan Strange & Mr Norrell,Susanna Clarke,3.87,64,"4,805"
935,"Ice Planet Barbarians (Ice Planet Barbarians, #1)",Ruby Dixon,3.63,50,"4,791"
936,John Adams,David McCullough,4.08,68,"4,787"
937,Les Fleurs du Mal,Charles Baudelaire,4.20,70,"4,782"
938,The Runaway Bunny,Margaret Wise Brown,4.09,52,"4,776"
939,The Hobbit,Chuck Dixon,4.51,72,"4,768"
940,Secrets of the Realm,Bev Stout,3.97,51,"4,761"
941,Burned Out,Dean Mafako,4.30,55,"4,761"
942,"A Feast for Crows (A Song of Ice and Fire, #4)",George R.R. Martin,4.17,76,"4,751"
943,Little Blue Truck,Alice Schertle,4.51,49,"4,748"
944,"Compulsory (The Murderbot Diaries, #0.5)",Martha Wells,4.32,50,"4,742"
945,The Man in the High Castle,Philip K. Dick,3.59,69,"4,741"
946,Black Hawk Down: A Story of Modern War,Mark Bowden,4.30,53,"4,726"
947,"Dark Horse (Class 5, #1)",Michelle Diener,4.09,49,"4,723"
948,"The Bourne Identity (Jason Bourne, #1)",Robert Ludlum,4.05,70,"4,722"
949,Not Till We Are Lost (Bobiverse #5),Dennis E. Taylor,4.31,50,"4,715"
950,The Magus,John Fowles,4.05,70,"4,694"
951,"Dark Island (Orkney Mysteries, #1)",Daniel Aubrey,4.13,49,"4,691"
952,"Starsight (Skyward, #2)",Brandon Sanderson,4.35,50,"4,686"
953,"Quantum Roots (Quantum Roots, #1)",Kyle Keyes,4.27,52,"4,683"
954,"Book of Mormon, Doctrine and Covenants, Pearl of Great Price",The Church of Jesus Christ of Latter-day Saints,4.36,59,"4,680"
955,Soul Cure: How to Heal Your Pain and Discover Your Purpose,Gregory Dickow,3.55,51,"4,679"
956,Antarctica Station,A.G. Riddle,3.99,49,"4,677"
957,Move to Millions: The Proven Framework to Become a Million Dollar CEO with Grace & Ease Instead of Hustle & Grind,Darnyelle Jervey Harmon,4.29,49,"4,666"
958,Nineteen Minutes,Jodi Picoult,4.17,68,"4,665"
959,Livesuit (The Captive’s War #1.5),James S.A. Corey,4.34,50,"4,665"
960,"Hyperion (Hyperion Cantos, #1)",Dan Simmons,4.27,62,"4,662"
961,The Man Who Mistook His Wife for a Hat and Other Clinical Tales,Oliver Sacks,4.05,73,"4,658"
962,"Half a Soul (Regency Faerie Tales, #1)",Olivia Atwater,4.07,49,"4,657"
963,Educated,Tara Westover,4.47,54,"4,652"
964,Motive Black: A novel (Motive Black Series Book 1),Adam Scott Huerta,4.34,54,"4,650"
965,The Vagina Monologues,V (formerly Eve Ensler),3.87,71,"4,649"
966,Where the Crawdads Sing,Delia Owens,4.38,59,"4,644"
967,"Polaris Rising (Consortium Rebellion, #1)",Jessie Mihalik,3.92,49,"4,633"
968,"Good Girl, Bad Blood (A Good Girl's Guide to Murder, #2)",Holly  Jackson,4.27,50,"4,631"
969,"The Most Magnificent Thing (Most Magnificent, 1)",Ashley Spires,4.29,48,"4,625"
970,The Going To Bed Book,Sandra Boynton,4.24,48,"4,616"
971,The Pink Cadillac,Rebecca Harlem,4.47,56,"4,614"
972,The Dot,Peter H. Reynolds,4.26,48,"4,609"
973,One More Life to Live (Edward and the Bricklayer Book 1),Steven Decker,4.38,53,"4,595"
974,"AI Doctor: The Rise of Artificial Intelligence in Healthcare - A Guide for Users, Buyers, Builders, and Investors",Ronald M. Razmi,4.27,48,"4,582"
975,For the Love of Armin,Michael G. Kramer,4.30,50,"4,581"
976,I Am Legend and Other Stories,Richard Matheson,4.00,70,"4,560"
977,"The Asset (Lance Spector, #1)",Saul Herzog,4.29,47,"4,540"
978,My Big Fat Zombie Goldfish,Mo O'Hara,3.89,47,"4,540"
979,The Curious Secrets of Yesterday,Namrata  Patel,3.99,47,"4,524"
980,Revolutionary Road,Richard Yates,3.93,63,"4,522"
981,The Death of Ivan Ilych,Leo Tolstoy,4.13,61,"4,519"
982,An Accidental Goddess,Linnea Sinclair,4.03,47,"4,518"
983,Paradox Effect: Time Travel and Purified DNA Merge to Halt the Collapse of Human Existence,Gabriel F.W. Koch,4.33,51,"4,512"
984,Bleak House,Charles Dickens,4.02,71,"4,507"
985,The Cases Nobody Wanted (O'Shaughnessy Investigations Inc. Mystery Series Book 1),A.G. Russo,4.36,53,"4,506"
986,The World Without Us,Alan Weisman,3.81,57,"4,505"
987,The Tale of Despereaux,Kate DiCamillo,4.07,72,"4,505"
988,Start with Why: How Great Leaders Inspire Everyone to Take Action,Simon Sinek,4.10,49,"4,497"
989,"The Winds of War (The Henry Family, #1)",Herman Wouk,4.38,61,"4,489"
990,The Hours,Michael Cunningham,3.95,68,"4,482"
991,Heaven is for Real: A Little Boy's Astounding Story of His Trip to Heaven and Back,Todd Burpo,4.03,64,"4,479"
992,The House of Mirth,Edith Wharton,3.97,75,"4,477"
993,Geek Love,Katherine Dunn,3.95,58,"4,475"
994,Magenta,John Payton Foden,4.26,47,"4,468"
995,The Southern Lawyer (Joe Hennessy Legal Thriller #1),Peter O'Mahoney,4.22,47,"4,465"
996,"A Canticle for Leibowitz (St. Leibowitz, #1)",Walter M. Miller Jr.,3.99,67,"4,460"
997,"Executive Orders (Jack Ryan, #8)",Tom Clancy,4.12,47,"4,460"
998,"Mistborn: The Final Empire (Mistborn, #1)",Brandon Sanderson,4.49,52,"4,453"
999,"Graceling (Graceling Realm, #1)",Kristin Cashore,4.07,60,"4,446"
1000,"The Time Trilogy (Time Quintet, #1-3)",Madeleine L'Engle,4.31,67,"4,432"
1001,North and South,Elizabeth Gaskell,4.15,58,"4,431"
1002,The Consequence of Anna,Kate Birkin,4.14,46,"4,430"
1003,"Sabriel (Abhorsen, #1)",Garth Nix,4.17,55,"4,429"
1004,"1Q84 (1Q84, #1-3)",Haruki Murakami,3.95,55,"4,428"
1005,My Name Is Asher Lev,Chaim Potok,4.24,69,"4,426"
1006,Grace (The Shackleford Sisters #1),Beverley Watts,3.84,46,"4,421"
1007,"Go, Dog. Go!",P.D. Eastman,4.15,71,"4,420"
1008,Snow Crash,Neal Stephenson,4.02,59,"4,409"
1009,"Cinder (The Lunar Chronicles, #1)",Marissa Meyer,4.13,60,"4,403"
1010,"Love Story (Love Story, #1)",Erich Segal,3.65,68,"4,402"
1011,Creepy Carrots!,Aaron Reynolds,4.22,46,"4,395"
1012,"Crossroads and the Dominion of Four (Crossroads, #2)",C. Toni Graham,4.30,49,"4,393"
1013,Eating Animals,Jonathan Safran Foer,4.21,54,"4,390"
1014,Hello Little Girl (Hart's Ridge #10),Kay Bratt,4.58,46,"4,386"
1015,Destiny of the Vampire,Tina Traverse,4.29,45,"4,384"
1016,Self-Reliance and Other Essays,Ralph Waldo Emerson,4.12,55,"4,371"
1017,You Shouldn't Be Here,Lauren Thoman,3.70,45,"4,358"
1018,Exotic Neurotic,Kenneth Jarrett Singleton,3.71,44,"4,356"
1019,"Alas, Babylon",Pat Frank,4.09,61,"4,349"
1020,"The Evening and the Morning (Kingsbridge, #0)",Ken Follett,4.39,46,"4,324"
1021,When Breath Becomes Air,Paul Kalanithi,4.41,52,"4,320"
1022,Dark Voyage Matters of the Mind (The Children of the Gods #78),I.T. Lucas,4.57,45,"4,317"
1023,Money Game: A Wealth Manifestation Guide. Level Up Your Mindset Step-By-Step & Create An Abundant Life,Daniel Mangena,4.33,47,"4,315"
1024,The Color of Water: A Black Man's Tribute to His White Mother,James   McBride,4.15,60,"4,301"
1025,Savage Grounds (Dalton Savage #1),L.T. Ryan,4.26,45,"4,297"
1026,Seasonable Doubt,Robin      James,4.42,45,"4,280"
1027,"Moloka'i (Moloka'i, #1)",Alan Brennert,4.20,55,"4,259"
1028,"The Sea of Monsters (Percy Jackson and the Olympians, #2)",Rick Riordan,4.24,66,"4,251"
1029,"The Titan’s Curse (Percy Jackson and the Olympians, #3)",Rick Riordan,4.37,64,"4,247"
1030,Flatland: A Romance of Many Dimensions,Edwin A. Abbott,3.81,64,"4,246"
1031,The Forgotten Bookshop in Paris,Daisy Wood,4.33,44,"4,244"
1032,"Fall of Giants (The Century Trilogy, #1)",Ken Follett,4.32,56,"4,235"
1033,The Diamond of London,Andrea Penrose,3.75,44,"4,232"
1034,Battle Royale,Koushun Takami,4.26,54,"4,230"
1035,"The Alaska Job (Case Lee, #12)",Vince Milam,4.50,44,"4,229"
1036,"Love is the Answer, God is the Cure: A True Story of Abuse, Betrayal and Unconditional Love",Aimee Cabo Nikolov,4.30,46,"4,228"
1037,Angelica and Francesca,Kenneth Jarrett Singleton,4.56,43,"4,226"
1038,"Let's Talk: ...About Making Your Life Exciting, Easier, And Exceptional",Art Rios,4.29,47,"4,225"
1039,The Unquiet Bones,Loreth Anne White,4.18,44,"4,225"
1040,"Unravel Me (Shatter Me, #2)",Tahereh Mafi,4.12,45,"4,221"
1041,The Last Run (Peter Black #6),David Archer,4.35,44,"4,221"
1042,A Distant Mirror: The Calamitous 14th Century,Barbara W. Tuchman,4.06,59,"4,215"
1043,The Virgins of Venice,Gina Buonaguro,4.26,46,"4,213"
1044,Childhood’s End,Arthur C. Clarke,4.12,66,"4,189"
1045,The History of Love,Nicole Krauss,3.92,50,"4,178"
1046,Democracy in America,Alexis de Tocqueville,4.05,72,"4,170"
1047,"Thinking, Fast and Slow",Daniel Kahneman,4.17,48,"4,163"
1048,Divine Secrets of the Ya-Ya Sisterhood,Rebecca Wells,3.86,72,"4,157"
1049,The Namatjira Connection (Genevieve Lenard #16),Estelle Ryan,4.37,43,"4,151"
1050,"Gabriel's Ghost (Dock Five Universe, #1)",Linnea Sinclair,3.74,43,"4,151"
1051,A Sand County Almanac and Sketches Here and There,Aldo Leopold,4.31,52,"4,142"
1052,Little Owl's Night,Divya Srinivasan,4.06,43,"4,124"
1053,"The Secret (The Secret, #1)",Rhonda Byrne,3.74,52,"4,112"
1054,The Red Badge of Courage,Stephen Crane,3.29,73,"4,112"
1055,"A Study in Scarlet (Sherlock Holmes, #1)",Arthur Conan Doyle,4.14,68,"4,107"
1056,The Alice Network,Kate Quinn,4.32,47,"4,106"
1057,Cold Sassy Tree,Olive Ann Burns,4.02,60,"4,097"
1058,Lost in Yaba: Down and Out in Laos,Walt Gleeson,3.86,41,"4,096"
1059,"Persepolis. The story of a childhood (Persepolis, #1)",Marjane Satrapi,4.27,58,"4,084"
1060,Chronicle of a Death Foretold,Gabriel García Márquez,3.97,53,"4,057"
1061,The Lost Letters of Aisling,Cynthia Ellingsen,4.33,42,"4,039"
1062,"Marked (House of Night, #1)",P.C. Cast,3.82,47,"4,037"
1063,Prodigal Summer,Barbara Kingsolver,4.04,57,"4,031"
1064,Last Vote (Emma Last FBI Mystery #10),Mary Stone,4.60,42,"4,029"
1065,"The Survival Rule (Rain City Legal, #3)",Stephen Penner,4.20,42,"4,021"
1066,"Swift Judgment (Nate Shepherd, #7)",Michael  Stagg,4.43,42,"4,020"
1067,"The Nowhere Man (Orphan X, #2)",Gregg Hurwitz,4.16,42,"4,017"
1068,Night Owl (Trasker #1),Andrew Mayne,4.17,42,"4,010"
1069,Dark State (Jason Trapp #1),Jack     Slater,4.43,42,"4,001"
1070,Adhaata Asao's Liege,Afroz  Alam,4.58,40,"3,999"
1071,Never,Ken Follett,4.09,43,"3,999"
1072,"Theory of People: Master Behaviors, Business, Economics, Emotions and Mind in One Simple Way (Understanding the World Book 1)",Jakub Lasak,4.22,40,"3,998"
1073,Crossing the Seas: A Diary of My Thoughts,Yuehai Xiao,3.57,40,"3,997"
1074,"How It Unfolds (The Far Reaches, #1)",James S.A. Corey,3.99,42,"3,996"
1075,The Keeper of Happy Endings,Barbara  Davis,4.46,42,"3,989"
1076,"Predator & Prey (The Devenshire Chronicles, #2)",Tom Sechrist,4.64,41,"3,988"
1077,Fire Prayers: Building Arsenals That Destroy Satanic Kingdoms,John Ramirez,4.29,42,"3,986"
1078,"Swann’s Way (In Search of Lost Time, #1)",Marcel Proust,4.15,54,"3,982"
1079,"The Fiery Cross (Outlander, #5)",Diana Gabaldon,4.26,53,"3,978"
1080,Light in August,William Faulkner,3.94,62,"3,975"
1081,"The Stones of Andarus (The Devenshire Chronicles, #1)",Tom Sechrist,4.55,41,"3,973"
1082,"The Painter's Apprentice (Venetian Artisans, #1)",Laura Morelli,4.04,42,"3,972"
1083,"Roll of Thunder, Hear My Cry (Logans, #4)",Mildred D. Taylor,3.90,66,"3,959"
1084,Letters to a Young Poet,Rainer Maria Rilke,4.29,57,"3,936"
1085,The Story of Edgar Sawtelle,David Wroblewski,3.65,50,"3,931"
1086,"The Borrowers (The Borrowers, #1)",Mary Norton,4.03,73,"3,922"
1087,Twelve Years a Slave,Solomon Northup,4.22,50,"3,918"
1088,"The Sparrow (The Sparrow, #1)",Mary Doria Russell,4.14,52,"3,914"
1089,Child of Another Kind,Steven Decker,4.28,44,"3,907"
1090,The Blind Assassin,Margaret Atwood,3.96,53,"3,904"
1091,The Confidence Code: The Science and Art of Self-Assurance – What Women Should Know,Katty Kay,3.72,41,"3,904"
1092,"Legendborn (The Legendborn Cycle, #1)",Tracy Deonn,4.32,41,"3,892"
1093,Ana Rocha: Shadows of Justice,Ammar Habib,4.24,39,"3,887"
1094,She Thinks Like a Boss: Leadership—9 Essential Skills for New Female Leaders in Business and the Workplace,Jemma Roedel,3.83,41,"3,882"
1095,Invisible Women: Data Bias in a World Designed for Men,Caroline Criado Pérez,4.35,41,"3,881"
1096,What Is the What,Dave Eggers,4.14,47,"3,870"
1097,Don't Be In Love,Liana Cincotti,3.70,41,"3,865"
1098,The Secret Life of Sunflowers,Marta Molnar,4.10,40,"3,863"
1099,"The Hawthorne Legacy (The Inheritance Games, #2)",Jennifer Lynn Barnes,4.19,42,"3,856"
1100,"Wolf's Head (The Forest Lord, #1)",Steven A. McKay,4.04,40,"3,843"
1101,"Win (Windsor Horne Lockwood III, #1)",Harlan Coben,4.09,40,"3,834"
1102,"The Vampire Lestat (The Vampire Chronicles, #2)",Anne Rice,4.10,63,"3,833"
1103,"Lost Identity (Remmich/Miller, #1)",Karl Braungart,4.28,41,"3,827"
1104,Honor and Polygamy,Omar Farhad,4.27,40,"3,822"
1105,Presence: Bringing Your Boldest Self to Your Biggest Challenges,Amy Cuddy,3.90,40,"3,822"
1106,The Tempest,William Shakespeare,3.78,74,"3,818"
1107,Catch the Sun,Jennifer Hartmann,4.29,41,"3,814"
1108,Pompeii,Robert   Harris,3.87,43,"3,804"
1109,The Whalebone Theatre,Joanna   Quinn,4.05,40,"3,796"
1110,Drowning,T.J. Newman,4.15,40,"3,794"
1111,The Lost Boy (Dave Pelzer #2),Dave Pelzer,4.12,49,"3,787"
1112,The Song of Achilles,Madeline Miller,4.31,46,"3,784"
1113,Nine Stories,J.D. Salinger,4.18,54,"3,782"
1114,The Woman in White,Wilkie Collins,4.01,51,"3,780"
1115,"Oath of Loyalty (Mitch Rapp, #21)",Kyle Mills,4.48,39,"3,773"
1116,The Bone Church,Victoria Dougherty,3.84,39,"3,771"
1117,Living in Harmony with the Real World Vol 3: Coping with Loss and Grief,Gary Edward Gedall,4.33,40,"3,766"
1118,"Dragonfly in Amber (Outlander, #2)",Diana Gabaldon,4.34,56,"3,764"
1119,"The Battle of the Labyrinth (Percy Jackson and the Olympians, #4)",Rick Riordan,4.42,59,"3,763"
1120,"Voyager (Outlander, #3)",Diana Gabaldon,4.39,54,"3,763"
1121,Mindset: The New Psychology of Success,Carol S. Dweck,4.10,42,"3,750"
1122,"Lady, in Waiting (The Tudor Court #3)",Karen Heenan,4.35,39,"3,750"
1123,Sometimes a Great Notion,Ken Kesey,4.26,47,"3,749"
1124,"A Great and Terrible Beauty (Gemma Doyle, #1)",Libba Bray,3.80,57,"3,747"
1125,A Monster Calls,Patrick Ness,4.35,47,"3,746"
1126,Possession,A.S. Byatt,3.90,57,"3,745"
1127,The Pandarus File,Kyle Keyes,4.31,41,"3,744"
1128,The Glass Bead Game,Hermann Hesse,4.10,50,"3,737"
1129,Frindle,Andrew Clements,3.85,55,"3,736"
1130,The Last Dying Light,William Havelock,4.39,39,"3,715"
1131,"Hell's Corner (The Camel Club, #5)",David Baldacci,4.19,39,"3,712"
1132,Think and Grow Rich,Napoleon Hill,4.17,46,"3,702"
1133,Into the Darkest Corner,Elizabeth Haynes,4.07,40,"3,701"
1134,Birdsong,Sebastian Faulks,4.11,51,"3,690"
1135,Reading Lolita in Tehran: A Memoir in Books,Azar Nafisi,3.65,48,"3,689"
1136,Table 21,T. Rafael Cimino,3.68,37,"3,677"
1137,Tom Clancy Weapons Grade,Don Bentley,4.33,38,"3,670"
1138,The Alchemy Fire Murder (Mary Wandwalker #2),Susan  Rowland,4.30,39,"3,661"
1139,The Man Without A Face (Peter Black #2),David Archer,4.39,38,"3,656"
1140,Gallant,Victoria E. Schwab,3.71,39,"3,656"
1141,"A Time for Swords (A Time for Swords, #1)",Matthew Harffy,4.33,38,"3,646"
1142,A Stolen Life,Jaycee Dugard,3.96,41,"3,645"
1143,"Hild (The Hild Sequence, #1)",Nicola Griffith,3.84,38,"3,645"
1144,"Claimed (Brides of the Kindred, #1)",Evangeline Anderson,3.79,38,"3,640"
1145,Corelli’s Mandolin,Louis de Bernières,4.03,52,"3,629"
1146,"Sunday Morning (Sunday Morning, #1)",Jewel E. Ann,4.23,39,"3,626"
1147,The Romantic,William  Boyd,4.15,38,"3,618"
1148,The Westing Game,Ellen Raskin,4.00,52,"3,615"
1149,"Diplomats & Admirals: From Failed Negotiations and Tragic Misjudgments to Powerful Leaders and Heroic Deeds, the Untold Story of the Pacific War from Pearl Harbor to Midway",Dale A. Jenkins,4.30,38,"3,614"
1150,Pilgrim at Tinker Creek,Annie Dillard,4.08,47,"3,600"
1151,The Right Stuff,Tom Wolfe,4.23,56,"3,596"
1152,Henry V,William Shakespeare,3.85,64,"3,595"
1153,Homecoming Queen,Chad Boudreaux,4.35,41,"3,593"
1154,The Last Guardian (Clayton White #3),Simon Gervais,4.38,37,"3,583"
1155,"The Sleeper (Lance Spector, #4)",Saul Herzog,4.50,37,"3,569"
1156,Because of Winn-Dixie,Kate DiCamillo,4.10,56,"3,568"
1157,"Flash Point (Jason Trapp, #3)",Jack     Slater,4.51,37,"3,562"
1158,Toe to Toe (Nonie Broussard Ghost Tracker Series),Deborah Leblanc,4.22,40,"3,557"
1159,"The Winter King (The Warlord Chronicles, #1)",Bernard Cornwell,4.26,38,"3,556"
1160,Dear Barack: The Extraordinary Partnership of Barack Obama and Angela Merkel,Claudia   Clark,4.28,37,"3,556"
1161,Shrines of Gaiety,Kate Atkinson,3.84,37,"3,552"
1162,A Gracious Enemy & After the War Volume Two,Michael G. Kramer,4.30,37,"3,551"
1163,Surviving Chaos: How I Found Peace at A Beach Bar,Harold Phifer,4.29,38,"3,550"
1164,No. 23 Burlington Square,Jenni Keer,4.19,37,"3,547"
1165,"Picking Daisies on Sundays (Picking Daisies on Sundays, #1)",Liana Cincotti,4.03,38,"3,545"
1166,Between Shades of Gray,Ruta Sepetys,4.37,46,"3,542"
1167,Little Bee,Chris Cleave,3.72,45,"3,536"
1168,"Six of Crows (Six of Crows, #1)",Leigh Bardugo,4.47,42,"3,535"
1169,The Octunnumi Fosbit Files Prologue,Trevor Alan Foris,4.04,39,"3,533"
1170,"The Raven and the Nine (The Viking Blood and Blade Saga, #6)",Peter  Gibbons,4.49,37,"3,532"
1171,Divergent Mind: Thriving in a World That Wasn't Designed for You,Jenara Nerenberg,3.83,37,"3,527"
1172,...And the Stars Will Sing,Michelle Browne,3.97,36,"3,522"
1173,A Lesson Before Dying,Ernest J. Gaines,3.98,59,"3,515"
1174,"The Last of the Mohicans (The Leatherstocking Tales, #2)",James Fenimore Cooper,3.70,63,"3,502"
1175,Suite Française,Irène Némirovsky,3.86,46,"3,501"
1176,"Inferno (Robert Langdon, #4)",Dan    Brown,3.90,48,"3,500"
1177,Blood Debt (Rogue Warrior #2),Ian Loome,4.42,37,"3,498"
1178,"Throne of Glass (Throne of Glass, #1)",Sarah J. Maas,4.18,43,"3,496"
1179,"False Flag (Jason Trapp, #2)",Jack     Slater,4.53,36,"3,495"
1180,"National Security (Jericho Quinn, #1)",Marc Cameron,4.13,36,"3,495"
1181,Till We Have Faces,C.S. Lewis,4.20,49,"3,492"
1182,"The Tower of Nero (The Trials of Apollo, #5)",Rick Riordan,4.48,37,"3,489"
1183,"Off the Grid (Joe Pickett, #16)",C.J. Box,4.30,36,"3,488"
1184,Replay,Ken Grimwood,4.15,38,"3,484"
1185,"Take Command: Find Your Inner Strength, Build Enduring Relationships, and Live the Life You Want (Dale Carnegie Books)",Joe   Hart,4.26,36,"3,481"
1186,"Aristotle and Dante Discover the Secrets of the Universe (Aristotle and Dante, #1)",Benjamin Alire Sáenz,4.30,41,"3,474"
1187,The Reappearance of Rachel Price,Holly  Jackson,4.09,37,"3,471"
1188,Sidewinder (Rachel Hatch #11),L.T. Ryan,4.51,36,"3,468"
1189,Howl and Other Poems,Allen Ginsberg,4.13,47,"3,467"
1190,"The Sum of All Fears (Jack Ryan, #6)",Tom Clancy,4.07,38,"3,464"
1191,"Brave, Not Perfect: Fear Less, Fail More, and Live Bolder",Reshma Saujani,3.87,36,"3,457"
1192,Burning Evidence: A Legal Thriller filled with Gripping Courtroom Drama (Small Town Lawyer Book 4),Peter Kirkland,4.31,36,"3,455"
1193,The Paper Bag Princess,Robert Munsch,4.31,48,"3,450"
1194,"Daring Greatly: How the Courage to Be Vulnerable Transforms the Way We Live, Love, Parent, and Lead",Brené Brown,4.29,39,"3,447"
1195,"The Secret of the Old Clock (Nancy Drew Mystery Stories, #1)",Carolyn Keene,3.98,58,"3,446"
1196,"By the Unholy Hand (Executioner Knights, #1)",Kathryn Le Veque,4.41,36,"3,444"
1197,Gift from the Sea,Anne Morrow Lindbergh,4.14,51,"3,443"
1198,"How Women Rise: Break the 12 Habits Holding You Back from Your Next Raise, Promotion, or Job",Sally Helgesen,4.10,36,"3,440"
1199,Second Son (Second Son Chronicles #1),Pamela   Taylor,4.27,36,"3,439"
1200,Nice Girls Don't Get the Corner Office: 101 Unconscious Mistakes Women Make That Sabotage Their Careers,Lois P. Frankel,3.67,37,"3,438"
1201,Financial Feminist: Overcome the Patriarchy's Bullsh*t to Master Your Money and Build a Life You Love,Tori Dunlap,4.09,36,"3,438"
1202,Ubik,Philip K. Dick,4.11,43,"3,433"
1203,Demon Copperhead,Barbara Kingsolver,4.48,36,"3,428"
1204,Steel Blood,Gabriel F.W. Koch,4.35,38,"3,420"
1205,Not What She Seems,Yasmin Angoe,3.76,36,"3,407"
1206,Running with Scissors,Augusten Burroughs,3.77,45,"3,404"
1207,"Fablehaven (Fablehaven, #1)",Brandon Mull,4.14,43,"3,399"
1208,Journey to the West: A Long March from Eastern Dream to Western Reality,Biao  Wang,4.29,34,"3,399"
1209,The Book of Why: The New Science of Cause and Effect,Judea Pearl,3.94,35,"3,391"
1210,House of Marionne (House of Marionne #1),J. Elle,3.64,35,"3,385"
1211,The Hotel New Hampshire,John Irving,3.93,52,"3,380"
1212,"Hunt Them Down (Pierce Hunt, #1)",Simon Gervais,4.27,35,"3,369"
1213,Naked Lunch: The Restored Text,William S. Burroughs,3.46,48,"3,360"
1214,"Seeking Fairness at Work: Cracking the New Code of Greater Employee Engagement, Retention & Satisfaction",Hanna  Hasl-Kelchner,4.39,39,"3,351"
1215,"Tropic of Cancer (Tropic, #1)",Henry Miller,3.66,47,"3,349"
1216,Walk Two Moons,Sharon Creech,4.00,52,"3,346"
1217,The Butter Battle Book,Dr. Seuss,4.15,43,"3,345"
1218,"Broken Promises (Past Imperfect Mystery, #1)",Anne  Willow,4.25,37,"3,345"
1219,"We Should All Be Millionaires: A Woman’s Guide to Earning More, Building Wealth, and Gaining Economic Power",Rachel Rodgers,4.19,35,"3,341"
1220,The Venice Sketchbook,Rhys Bowen,4.25,35,"3,338"
1221,Unmasking AI: My Mission to Protect What Is Human in a World of Machines,Joy Buolamwini,4.14,35,"3,338"
1222,"The Stolen Heir (The Stolen Heir Duology, #1)",Holly Black,3.94,35,"3,336"
1223,"Son of Mercia (Eagle of Mercia Chronicles, #1)",M.J. Porter,4.22,35,"3,330"
1224,Teenagers War: Vietnam 1969,Michael Zboray,4.34,35,"3,323"
1225,"Wolf Hall (Thomas Cromwell, #1)",Hilary Mantel,3.91,49,"3,322"
1226,Civil Disobedience and Other Essays,Henry David Thoreau,4.06,58,"3,321"
1227,New Startup Mindset: Ten Mindset Shifts to Build the Company of Your Dreams,Sandra Shpilberg,4.26,35,"3,313"
1228,"Matched (Matched, #1)",Ally Condie,3.62,44,"3,297"
1229,"Of the Flame, Poems - Volume 15",Wendy E. Slater,4.29,36,"3,296"
1230,Wild: From Lost to Found on the Pacific Crest Trail,Cheryl Strayed,4.06,41,"3,295"
1231,Down and Rising,Rohith S. Katbamna,4.71,33,"3,294"
1232,Autobiography of a Yogi,Paramahansa Yogananda,4.25,42,"3,292"
1233,Bossypants,Tina Fey,3.96,41,"3,286"
1234,Howards End,E.M. Forster,3.96,54,"3,283"
1235,"City of Fallen Angels (The Mortal Instruments, #4)",Cassandra Clare,4.07,44,"3,283"
1236,"The Bean Trees (Greer Family, #1)",Barbara Kingsolver,4.01,51,"3,282"
1237,West With Giraffes,Lynda Rutledge,4.34,34,"3,281"
1238,"Kane & Abel (Kane & Abel, #1)",Jeffrey Archer,4.34,42,"3,280"
1239,"The Silence of the Girls (Women of Troy, #1)",Pat Barker,3.90,35,"3,276"
1240,Dead Fall (Scot Harvath #22),Brad Thor,4.39,34,"3,276"
1241,AI 2041: Ten Visions for Our Future,Kai-Fu Lee,3.85,34,"3,275"
1242,"Mountains Beyond Mountains: The Quest of Dr. Paul Farmer, a Man Who Would Cure the World",Tracy Kidder,4.20,45,"3,272"
1243,"More Than Love, A Husband's Tale",Peter B. Forster,4.30,35,"3,271"
1244,The Greatest Show on Earth: The Evidence for Evolution,Richard Dawkins,4.16,47,"3,269"
1245,Deep Utopia: Life and Meaning in a Solved World,Nick Bostrom,3.76,34,"3,269"
1246,Kindred,Octavia E. Butler,4.31,44,"3,264"
1247,"The Lady of the Tower (The Lydiard Chronicles, #1)",Elizabeth St. John,4.19,34,"3,264"
1248,The Maltese Falcon,Dashiell Hammett,3.87,58,"3,260"
1249,Lore,Alexandra Bracken,3.75,34,"3,259"
1250,Now What?!!,Michael G. Kramer,4.33,36,"3,258"
1251,"The Coming Wave: Technology, Power, and the Twenty-first Century's Greatest Dilemma",Mustafa Suleyman,3.84,34,"3,258"
1252,What Happened,Hillary Rodham Clinton,3.92,36,"3,254"
1253,"A Brief History of Intelligence: Evolution, AI, and the Five Breakthroughs That Made Our Brains",Max Solomon Bennett,4.45,34,"3,248"
1254,"Daughter of the Moon Goddess (The Celestial Kingdom, #1)",Sue Lynn Tan,4.08,36,"3,247"
1255,"Tinker, Tailor, Soldier, Spy (George Smiley, #5; Karla Trilogy, #1)",John Le Carré,4.06,47,"3,247"
1256,"The Goose Girl (The Books of Bayern, #1)",Shannon Hale,4.14,46,"3,234"
1257,In Defense of Food: An Eater's Manifesto,Michael Pollan,4.07,45,"3,230"
1258,You Can Heal Your Life,Louise L. Hay,4.15,44,"3,227"
1259,"The Eyre Affair (Thursday Next, #1)",Jasper Fforde,3.89,48,"3,224"
1260,"Allegiant (Divergent, #3)",Veronica Roth,3.60,47,"3,222"
1261,The Power of Habit: Why We Do What We Do in Life and Business,Charles Duhigg,4.13,39,"3,218"
1262,"Dodging Satan: My Irish/Italian, Sometimes Awesome, But Mostly Creepy, Childhood",Kathleen Zamboni McCormick,4.28,37,"3,217"
1263,Solaris,Stanisław Lem,3.99,47,"3,211"
1264,"Vow of Thieves (Dance of Thieves, #2)",Mary E. Pearson,4.31,34,"3,208"
1265,"Odd Thomas (Odd Thomas, #1)",Dean Koontz,3.99,46,"3,207"
1266,The Bonfire of the Vanities,Tom Wolfe,3.91,47,"3,205"
1267,"Drums of Autumn (Outlander, #4)",Diana Gabaldon,4.35,44,"3,196"
1268,"A Team of One (Unsanctioned Asset, #1)",Brad Lee,4.56,33,"3,193"
1269,"Rage and Ruin (The Harbinger, #2)",Jennifer L. Armentrout,4.13,33,"3,193"
1270,"The Black Order (Tom Clancy's Op-Center, #20)",Jeff Rovin,3.90,33,"3,189"
1271,"Love on the Line (Women at Work, #1)",Kirsten Fullmer,4.26,35,"3,188"
1272,"Quicker (Ell Donsaii, #1)",Laurence E. Dahners,4.31,33,"3,185"
1273,The Manson File: Myth and Reality of an Outlaw Shaman,Nikolas Schreck,4.18,32,"3,179"
1274,"The Jungle Book (Jungle Book, #1)",Rudyard Kipling,3.90,56,"3,178"
1275,A Day of Reckoning (A Time for Swords 3),Matthew Harffy,4.35,33,"3,174"
1276,Brotherhood of the Goat (Alex Mason #10),David Archer,4.43,33,"3,171"
1277,"Our Blue Orange (Godfrey Davis, #1)",A.R. Merrydew,4.22,33,"3,163"
1278,"The Last Sentinel (Clayton White, #2)",Simon Gervais,4.34,33,"3,163"
1279,A House in the Sky,Amanda Lindhout,4.27,34,"3,160"
1280,"Firestarters: How Innovators, Instigators, and Initiators Can Inspire You to Ignite Your Own Life",Raoul Davis Jr.,4.29,34,"3,158"
1281,"City of Lost Souls (The Mortal Instruments, #5)",Cassandra Clare,4.21,42,"3,152"
1282,Demian,Hermann Hesse,4.14,43,"3,149"
1283,Unparalleled,D.S.   Smith,4.12,35,"3,149"
1284,Search and Destroy (Tom Rollins Thriller #10),Paul Heatley,4.47,33,"3,148"
1285,Framed & Hunted: A True Story of Occult Persecution,Edward        Williams,4.32,33,"3,148"
1286,Oil and Marble,Stephanie Storey,4.08,33,"3,147"
1287,"Her Name Is Knight (Nena Knight, #1)",Yasmin Angoe,4.32,33,"3,146"
1288,Gilded Tower (Double-Blind #2),J. McCoy,4.32,33,"3,137"
1289,"The Dark Winter (Whiteout, #2)",Flint Maxwell,4.02,33,"3,128"
1290,Tier One (Tier One #1),Brian  Andrews,4.14,33,"3,126"
1291,Message in a Bottle,Nicholas Sparks,3.98,51,"3,120"
1292,The Moon Is a Harsh Mistress,Robert A. Heinlein,4.15,44,"3,120"
1293,Johnny Tremain,Esther Forbes,3.69,46,"3,118"
1294,"The Passage (The Passage, #1)",Justin Cronin,4.05,44,"3,118"
1295,The Illustrated Man,Ray Bradbury,4.13,49,"3,115"
1296,The Light Between Oceans,M.L. Stedman,4.04,39,"3,115"
1297,Dislocated (Mad Mick #10),Franklin Horton,4.63,33,"3,112"
1298,In Our Bones,Pernell Plath Meier,4.23,34,"3,107"
1299,"Nothing Better Than You (Better than the Movies, #1.6)",Lynn Painter,4.49,33,"3,106"
1300,The Miraculous Journey of Edward Tulane,Kate DiCamillo,4.39,44,"3,101"
1301,The Day of the Jackal,Frederick Forsyth,4.27,45,"3,095"
1302,"Hex of the Witch (The Other Witch, #1)",Heather G. Harris,4.43,32,"3,089"
1303,"Slow Time Between the Stars (The Far Reaches, #6)",John Scalzi,4.17,32,"3,088"
1304,Black Eagle (Jason Trapp #6),Jack     Slater,4.50,32,"3,086"
1305,"Lessons In Faking (Hall Beck University, #1)",Selina Mae,3.85,33,"3,086"
1306,Life for Life (Talion #3),J.K. Franko,4.37,35,"3,085"
1307,The Chestnut Man,Søren Sveistrup,4.21,33,"3,083"
1308,The Book of Negroes,Lawrence Hill,4.47,38,"3,082"
1309,My Money My Way: Taking Back Control of Your Financial Life,Kumiko Love,4.17,32,"3,082"
1310,"Six Crimson Cranes (Six Crimson Cranes, #1)",Elizabeth Lim,4.19,32,"3,076"
1311,The World Is Flat: A Brief History of the Twenty-first Century,Thomas L. Friedman,3.69,41,"3,073"
1312,Me Talk Pretty One Day,David Sedaris,4.01,48,"3,072"
1313,Angle of Repose,Wallace Stegner,4.24,44,"3,069"
1314,The Maid's Diary,Loreth Anne White,4.22,32,"3,061"
1315,Long Day’s Journey into Night,Eugene O'Neill,4.05,51,"3,056"
1316,The Companions,Cade Mengler,4.38,34,"3,053"
1317,Winter's Tale,Mark Helprin,3.51,40,"3,051"
1318,The Harry Potter Wizarding Almanac: The official magical companion to J.K. Rowling's Harry Potter books,J.K. Rowling,4.27,33,"3,048"
1319,We Wish to Inform You That Tomorrow We Will Be Killed with Our Families,Philip Gourevitch,4.22,42,"3,047"
1320,"Children of Time (Children of Time, #1)",Adrian Tchaikovsky,4.30,32,"3,047"
1321,Shadow's Siege (Shadow Island #15),Mary Stone,4.61,32,"3,047"
1322,"The Snow (Whiteout, #1)",Flint Maxwell,3.72,32,"3,047"
1323,Last Night at the Telegraph Club,Malinda Lo,4.21,33,"3,040"
1324,"Red Queen (Red Queen, #1)",Victoria Aveyard,3.99,36,"3,037"
1325,The Motorcycle Diaries: Notes on a Latin American Journey,Ernesto Che Guevara,3.80,46,"3,036"
1326,The Tenant of Wildfell Hall,Anne Brontë,4.02,48,"3,036"
1327,Needful Things,Stephen        King,3.98,44,"3,027"
1328,A Thousand Acres,Jane Smiley,3.82,43,"3,023"
1329,Fox in Socks,Dr. Seuss,4.11,51,"3,022"
1330,Sir Gawain and the Green Knight,Unknown,3.74,55,"3,022"
1331,Germinal,Émile Zola,4.20,47,"3,018"
1332,"America's Daughter (Dancing Soul Trilogy, #2)",Maria Nhambu,4.30,33,"3,009"
1333,The Alignment Problem: Machine Learning and Human Values,Brian  Christian,4.36,31,"3,009"
1334,"Persepolis Rising (The Expanse, #7)",James S.A. Corey,4.38,32,"3,003"
1335,"The Half King (The Half King, #1)",Melissa Landers,3.68,32,"3,003"
1336,Pale Fire,Vladimir Nabokov,4.17,38,"3,001"
1337,Credence,Penelope Douglas,3.68,31,"2,994"
1338,The Mayor of Casterbridge,Thomas Hardy,3.86,50,"2,991"
1339,How to Hack Back Your Mind: Reclaim Control Over Your Life,Ramzi Najjar,4.59,30,"2,989"
1340,The Razor’s Edge,W. Somerset Maugham,4.19,43,"2,982"
1341,All I Really Need to Know I Learned in Kindergarten,Robert Fulghum,4.00,48,"2,978"
1342,The Secret of the Blood Charm (Coven Cove #1),David Clark,4.24,31,"2,978"
1343,Code Red (Mitch Rapp #22),Kyle Mills,4.41,31,"2,977"
1344,The Poetry of Robert Frost,Robert Frost,4.24,46,"2,976"
1345,"Deep Sleep (Devin Gray, #1)",Steven Konkoly,4.08,32,"2,976"
1346,Forty-Ninth,Boris Pronsky,4.21,30,"2,969"
1347,The Red and the Black,Stendhal,3.86,53,"2,966"
1348,"Jaws (Jaws, #1)",Peter Benchley,3.95,48,"2,960"
1349,Down in the Valley,Lisa Kaniut Cobb,4.38,33,"2,960"
1350,"No Plan B (Jack Reacher, #27)",Lee Child,3.98,31,"2,959"
1351,سیمای شکسته پدر سالار,سید مرتضی مصطفوی,3.30,30,"2,953"
1352,"Ender's Shadow (The Shadow Series, #1)",Orson Scott Card,4.32,40,"2,949"
1353,The Firm,Robin Waterfield,4.06,49,"2,949"
1354,"The Pianist: The Extraordinary Story of One Man's Survival in Warsaw, 1939–45",Władysław Szpilman,4.25,38,"2,947"
1355,The Guns of August,Barbara W. Tuchman,4.18,49,"2,939"
1356,"The Bronze Horseman (The Bronze Horseman, #1)",Paullina Simons,4.29,37,"2,924"
1357,Punk 57,Penelope Douglas,3.77,31,"2,924"
1358,The Rose Code,Kate Quinn,4.45,31,"2,916"
1359,Half of a Yellow Sun,Chimamanda Ngozi Adichie,4.34,38,"2,915"
1360,Unspeakable Things,Jess Lourey,3.80,31,"2,915"
1361,Incidents in the Life of a Slave Girl,Harriet Ann Jacobs,4.16,44,"2,914"
1362,An Inquiry into the Nature and Causes of the Wealth of Nations,Adam Smith,3.88,47,"2,914"
1363,"The Bridge To Caracas (The King Trilogy, #1)",Stephen Douglass,3.69,31,"2,912"
1364,"Clockwork Princess (The Infernal Devices, #3)",Cassandra Clare,4.55,39,"2,912"
1365,"The Wise Man's Fear (The Kingkiller Chronicle, #2)",Patrick Rothfuss,4.55,35,"2,909"
1366,"Open Season (Breed Thriller, #2)",Cameron Curtis,4.45,31,"2,909"
1367,"Superintelligence: Paths, Dangers, Strategies",Nick Bostrom,3.86,30,"2,907"
1368,The Mountains Sing,Nguyễn Phan Quế Mai,4.32,30,"2,907"
1369,Bastard Out of Carolina,Dorothy Allison,4.14,43,"2,905"
1370,Nausea,Jean-Paul Sartre,3.94,40,"2,905"
1371,The Dead Tell Lies,J.F. Kirwan,4.35,34,"2,904"
1372,"The Emperor (The Emperor, the Son and the Thief, #1)",Robert         Reid,4.30,32,"2,902"
1373,Matterhorn,Karl Marlantes,4.27,32,"2,901"
1374,Chasing the Red Queen,Karen Glista,4.20,32,"2,898"
1375,The Magic Mountain,Thomas Mann,4.13,48,"2,895"
1376,The Great Divorce,C.S. Lewis,4.33,46,"2,893"
1377,"Things I Wanted to Say, But Never Did (Lancaster Prep, #1)",Monica  Murphy,3.59,30,"2,890"
1378,Lips of a Mastodon,Ted Bernal Guevara,3.57,29,"2,888"
1379,The Winter of Our Discontent,John Steinbeck,4.01,45,"2,887"
1380,The Lighthouse Effect: How Ordinary People Can Have an Extraordinary Impact in the World,Steve  Pemberton,4.28,33,"2,884"
1381,The Very Hungry Caterpillar,Eric Carle,4.34,54,"2,882"
1382,The Yearling,Marjorie Kinnan Rawlings,4.03,54,"2,881"
1383,A Long Way Gone: Memoirs of a Boy Soldier,Ishmael Beah,4.16,34,"2,880"
1384,Blackbird (Hart's Ridge #9),Kay Bratt,4.59,30,"2,876"
1385,"The Monkey Wrench Gang (Monkey Wrench Gang, #1)",Edward Abbey,4.08,40,"2,869"
1386,"The Valley of Horses (Earth's Children, #2)",Jean M. Auel,4.04,47,"2,869"
1387,Confederates: A Novel,Thomas Keneally,4.06,30,"2,869"
1388,One Moment in Time,Shari Low,4.18,30,"2,867"
1389,The Age of AI and Our Human Future,Henry Kissinger,3.45,30,"2,865"
1390,"A Fire Upon the Deep (Zones of Thought, #1)",Vernor Vinge,4.14,32,"2,864"
1391,"Anna and the French Kiss (Anna and the French Kiss, #1)",Stephanie Perkins,3.96,38,"2,864"
1392,Dress Your Family in Corduroy and Denim,David Sedaris,4.11,39,"2,857"
1393,How to Talk to Anyone: 92 Little Tricks for Big Success in Relationships,Leil Lowndes,3.68,31,"2,856"
1394,Good to Great: Why Some Companies Make the Leap... and Others Don't,Jim Collins,4.12,30,"2,853"
1395,A Compromising Position,Diane Merrill Wigginton,4.42,33,"2,851"
1396,"Red Rising (Red Rising Saga, #1)",Pierce Brown,4.27,34,"2,844"
1397,Lullaby,Chuck Palahniuk,3.74,37,"2,839"
1398,We Should All Be Feminists,Chimamanda Ngozi Adichie,4.40,34,"2,833"
1399,"Mister God, This is Anna",Fynn,4.13,39,"2,828"
1400,Being and Time,Martin Heidegger,4.05,33,"2,826"
1401,The Awakening: Fate in Motion,Suzanne Boisvert,4.23,32,"2,824"
1402,Co-Intelligence: Living and Working with AI,Ethan Mollick,4.02,29,"2,822"
1403,"I Am Number Four (Lorien Legacies, #1)",Pittacus Lore,3.94,41,"2,821"
1404,The Long Walk,Richard  Bachman,4.07,42,"2,819"
1405,"Eyes of the Void (The Final Architecture, #2)",Adrian Tchaikovsky,4.20,30,"2,819"
1406,The 48 Laws of Power,Robert Greene,4.11,32,"2,817"
1407,Winter's Mourn (Winter Black #1),Mary Stone,4.30,29,"2,816"
1408,Marry Christmas,Linda Phillips,4.36,31,"2,811"
1409,A Christmas Carol and Other Christmas Writings,Charles Dickens,4.14,58,"2,804"
1410,Christy,Catherine Marshall,4.25,52,"2,803"
1411,Intercepts,T.J. Payne,4.11,29,"2,799"
1412,The Audacity of Hope: Thoughts on Reclaiming the American Dream,Barack Obama,3.83,37,"2,797"
1413,"Darkly Dreaming Dexter (Dexter, #1)",Jeff Lindsay,3.90,38,"2,789"
1414,Inside Out & Back Again,Thanhhà Lại,4.12,30,"2,789"
1415,The Viola Factor,Sheridan  Brown,4.38,33,"2,786"
1416,People of the Book,Geraldine Brooks,4.04,37,"2,783"
1417,The Stars Don't Lie,Boo Walker,4.12,29,"2,780"
1418,The Assassin's Betrayal (Jason Drake #1),Auston King,4.29,29,"2,778"
1419,Under the Dome,Stephen        King,3.93,42,"2,777"
1420,"Stones from the River (Burgdorf Cycle, #1)",Ursula Hegi,4.09,42,"2,770"
1421,The Absolutely True Diary of a Part-Time Indian,Sherman Alexie,4.06,39,"2,770"
1422,Invisible Cities,Italo Calvino,4.11,33,"2,769"
1423,Sour Candy,Kealan Patrick Burke,3.62,29,"2,768"
1424,Legacy of Shadows: An International Crime Thriller (The Family Legacy Series),Carolyn M. Bowen,4.36,31,"2,748"
1425,The Subtle Art of Not Giving a F*ck: A Counterintuitive Approach to Living a Good Life,Mark Manson,3.88,32,"2,746"
1426,Life 3.0: Being Human in the Age of Artificial Intelligence,Max Tegmark,4.00,29,"2,744"
1427,Choke,Chuck Palahniuk,3.71,34,"2,741"
1428,"Clockwork Prince (The Infernal Devices, #2)",Cassandra Clare,4.42,36,"2,737"
1429,The Guardian of Secrets and Her Deathly Pact,Jana Petken,4.22,28,"2,737"
1430,"Work Smart Now: How to Jump Start Productivity, Empower Employees, and Achieve More",Richard  Polak,4.28,30,"2,735"
1431,A Scanner Darkly,Philip K. Dick,4.03,34,"2,734"
1432,We the Living,Ayn Rand,3.96,38,"2,728"
1433,"The Long Game (The Far Reaches, #4)",Ann Leckie,3.63,29,"2,728"
1434,The Nanny Song,Misty Mount,4.24,30,"2,723"
1435,"Portrait of Our Marriage Memoirs of Love, Family, the Internet and Obsession: Relationships, online sex addiction, men– women & todays secrets behind closed doors, loss of intimacy & trust drama",Martha Emms,3.93,28,"2,722"
1436,"The Three-Body Problem (Remembrance of Earth’s Past, #1)",Liu Cixin,4.08,30,"2,718"
1437,The Little Engine That Could,Watty Piper,4.20,53,"2,716"
1438,"Dark Lover (Black Dagger Brotherhood, #1)",J.R. Ward,4.16,38,"2,715"
1439,The Robe,Lloyd C. Douglas,4.23,43,"2,706"
1440,"One Last Kill (Tracy Crosswhite, #10)",Robert Dugoni,4.48,28,"2,706"
1441,Dear John,Nicholas Sparks,4.04,39,"2,702"
1442,Carnal: Somewhere Over 40 Winks,Rom LcO'Feer,3.54,27,"2,700"
1443,The Boy From Block 66: A WW2 Jewish Holocaust Survival True Story (Heroic Children of World War II Book 1),Limor Regev,4.45,28,"2,698"
1444,Murder in the Family,Cara Hunter,3.73,28,"2,695"
1445,Brighton Rock,Graham Greene,3.69,37,"2,688"
1446,Tom Lake,Ann Patchett,3.95,28,"2,686"
1447,The Highly Sensitive Person: How to Thrive When the World Overwhelms You,Elaine N. Aron,3.84,29,"2,683"
1448,Scary Smart: The Future of Artificial Intelligence and How You Can Save Our World,Mo Gawdat,3.82,28,"2,682"
1449,The Hot Zone: The Terrifying True Story of the Origins of the Ebola Virus,Richard   Preston,4.16,38,"2,680"
1450,The Gargoyle,Andrew  Davidson,3.97,34,"2,679"
1451,"Three Men in a Boat (Three Men, #1)",Jerome K. Jerome,3.84,37,"2,678"
1452,In and Out of Step,Christine M. Knight,4.12,27,"2,677"
1453,"Hard Knocks (SC Marva Collins, #3)",Nathan Lowell,4.52,28,"2,675"
1454,Lethal Impulse,Steve  Rush,4.45,32,"2,675"
1455,Call the Canaries Home,Laura Barrow,4.02,28,"2,668"
1456,Night of the Mannequins,Stephen Graham Jones,3.31,28,"2,664"
1457,Mission: Subhero,Linda    Armstrong,4.36,30,"2,662"
1458,Fierce Love: Creating a Love that Lasts―One Conversation at a Time,Susan Scott,4.29,28,"2,658"
1459,Wild Hope: Healing Words to Find Light on Dark Days,Donna Ashworth,4.32,28,"2,658"
1460,The Frozen River,Ariel Lawhon,4.41,28,"2,656"
1461,Holy Bible: English Standard Version,Anonymous,4.58,33,"2,653"
1462,Manufacturing Consent: The Political Economy of the Mass Media,Edward S. Herman,4.24,38,"2,649"
1463,"Men Are from Mars, Women Are from Venus",John  Gray,3.58,35,"2,648"
1464,"The Crystal Cave (Arthurian Saga, #1)",Mary  Stewart,4.13,46,"2,645"
1465,"We Are Legion (We Are Bob) (Bobiverse, #1)",Dennis E. Taylor,4.28,28,"2,645"
1466,The Book of Occult,Simon W. Clark,3.64,27,"2,641"
1467,The Blue Castle,L.M. Montgomery,4.31,30,"2,640"
1468,Where the Heart Is,Billie Letts,4.04,39,"2,640"
1469,Lone Survivor: The Eyewitness Account of Operation Redwing and the Lost Heroes of SEAL Team 10,Marcus Luttrell,4.34,33,"2,639"
1470,The Shadow Girl,Misty Mount,4.25,30,"2,638"
1471,"Fallen (Fallen, #1)",Lauren Kate,3.72,36,"2,636"
1472,The Kitchen House,Kathleen Grissom,4.23,37,"2,632"
1473,Beyond Good and Evil,Friedrich Nietzsche,4.03,38,"2,630"
1474,The Essential Rumi,Jalal ad-Din Muhammad ar-Rumi,4.39,35,"2,621"
1475,Not Without My Daughter,Betty Mahmoody,4.18,40,"2,615"
1476,The Myth of Sisyphus and Other Essays,Albert Camus,4.22,37,"2,612"
1477,Starship Sakira (Delphi in Space #1),Bob Blanton,4.22,27,"2,612"
1478,The Scopas Factor,Vincent Panettiere,4.34,29,"2,610"
1479,Cujo,Stephen        King,3.80,40,"2,607"
1480,Why We Sleep: Unlocking the Power of Sleep and Dreams,Matthew Walker,4.38,32,"2,607"
1481,Circe,Madeline Miller,4.23,34,"2,604"
1482,The Deserter (Scott Brodie & Maggie Taylor #1),Nelson DeMille,4.08,27,"2,602"
1483,"Sex in the Title: A Comedy about Dating, Sex, and Romance in NYC",Zack Love,3.50,26,"2,600"
1484,Escape,Carolyn Jessop,3.98,28,"2,599"
1485,On Earth We're Briefly Gorgeous,Ocean Vuong,4.03,28,"2,598"
1486,Batman: The Dark Knight Returns,Frank Miller,4.26,41,"2,597"
1487,Look Me in the Eye,John Elder Robison,3.92,37,"2,596"
1488,A Conceptual Circus,Kenneth Jarrett Singleton,4.47,26,"2,596"
1489,The Complete Calvin and Hobbes,Bill Watterson,4.81,37,"2,584"
1490,"Wizard's First Rule (Sword of Truth, #1)",Terry Goodkind,4.12,34,"2,584"
1491,"The Black Stallion (The Black Stallion, #1)",Walter Farley,4.19,42,"2,582"
1492,The Sun and Her Flowers,Rupi Kaur,4.08,29,"2,581"
1493,"The Book of the Dead (Pendergast, #7; Diogenes, #3)",Douglas Preston,4.17,27,"2,579"
1494,A Simple Favor,Darcey Bell,3.28,27,"2,572"
1495,You Are a Badass: How to Stop Doubting Your Greatness and Start Living an Awesome Life,Jen Sincero,3.95,30,"2,570"
1496,"The City of Light (Whiteout, #4)",Flint Maxwell,4.19,27,"2,568"
1497,"The Talisman (The Talisman, #1)",Stephen        King,4.11,38,"2,565"
1498,Principles: Life and Work,Ray Dalio,4.11,28,"2,565"
1499,Harriet the Spy,Louise Fitzhugh,3.95,40,"2,562"
1500,The Yiddish Policemen's Union,Michael Chabon,3.72,34,"2,560"
1501,The Fire Next Time,James Baldwin,4.55,30,"2,559"
1502,The Strength In Our Scars,Bianca Sparacino,4.05,27,"2,555"
1503,Predictably Irrational: The Hidden Forces That Shape Our Decisions,Dan Ariely,4.12,32,"2,550"
1504,The Haunting of Hill House,Shirley Jackson,3.82,38,"2,548"
1505,Last Exit to Brooklyn,Hubert Selby Jr.,3.92,33,"2,547"
1506,The Invention of Religion,Alexander Drake,3.89,26,"2,546"
1507,The Rules of Attraction,Bret Easton Ellis,3.72,30,"2,543"
1508,Deception Point,Dan    Brown,3.76,33,"2,542"
1509,On Liberty,John Stuart Mill,3.96,41,"2,540"
1510,To Hell and Back,Audie Murphy,4.26,26,"2,540"
1511,The Cadaver Factory,Kenneth Jarrett Singleton,4.40,26,"2,534"
1512,"Hometown Girl at Heart (Hometown, #1)",Kirsten Fullmer,4.30,28,"2,529"
1513,The Dark Tower #1-3,Stephen        King,4.46,40,"2,528"
1514,He's Just Not That Into You: The No-Excuses Truth to Understanding Guys,Greg Behrendt,3.66,35,"2,527"
1515,Einstein: His Life and Universe,Walter Isaacson,4.17,30,"2,524"
1516,"The Body Keeps the Score: Brain, Mind, and Body in the Healing of Trauma",Bessel van der Kolk,4.37,29,"2,521"
1517,Alive: The Story of the Andes Survivors,Piers Paul Read,4.14,37,"2,520"
1518,Americanah,Chimamanda Ngozi Adichie,4.32,32,"2,512"
1519,The Seventh Spark: Volume One – Knights of the Trinity,J.B. Lion,4.32,28,"2,512"
1520,Pygmalion,George Bernard Shaw,3.89,45,"2,508"
1521,The End of the Affair,Graham Greene,3.90,34,"2,499"
1522,Ordinary People,Judith Guest,3.93,37,"2,497"
1523,"Vision to Reality: Stop Working, Start Living",Curtis L. Jenkins,4.31,28,"2,497"
1524,The Client,John Grisham,4.06,36,"2,495"
1525,Digital Fortress,Dan    Brown,3.70,36,"2,492"
1526,Mean Spirited,Nick  Roberts,4.30,26,"2,488"
1527,"The Girls Are Gone: The True Story of Two Sisters Who Vanished, the Father Who Kept Searching, and the Adults Who Conspired to Keep the Truth Hidden",Michael Brodkorb,3.72,26,"2,486"
1528,"The Red Pyramid (The Kane Chronicles, #1)",Rick Riordan,4.10,37,"2,481"
1529,Killing Johnny Miracle,J.K. Franko,4.38,31,"2,480"
1530,"Naked in Death (In Death, #1)",J.D. Robb,4.13,34,"2,477"
1531,Undaunted Courage: The Pioneering First Mission to Explore America's Wild Frontier,Stephen E. Ambrose,4.22,40,"2,473"
1532,Smart Brevity: The Power of Saying More with Less,Jim Vandehei,3.97,26,"2,473"
1533,"The Numbing (Whiteout, #3)",Flint Maxwell,4.15,26,"2,471"
1534,"The Andromeda Strain (Andromeda, #1)",Michael Crichton,3.91,41,"2,470"
1535,"The Manufactured Identity (Manufactured Identity, #1)",Heath Sommer,3.55,25,"2,469"
1536,Living the Best Day Ever,Hendri Coetzee,4.40,27,"2,463"
1537,Growing Up American,Rafael Polo,4.29,30,"2,463"
1538,Notice Me,Emem Uko,4.30,27,"2,454"
1539,Endurance: Shackleton's Incredible Voyage,Alfred Lansing,4.45,32,"2,449"
1540,"Child 44 (Leo Demidov, #1)",Tom Rob Smith,4.11,35,"2,448"
1541,A Moveable Feast,Ernest Hemingway,4.02,32,"2,446"
1542,21 Lessons for the 21st Century,Yuval Noah Harari,4.16,27,"2,446"
1543,Traveling Mercies: Some Thoughts on Faith,Anne Lamott,4.14,36,"2,445"
1544,"War and Remembrance (The Henry Family, #2)",Herman Wouk,4.43,28,"2,440"
1545,An Abundance of Katherines,John Green,3.51,30,"2,439"
1546,The Lathe of Heaven,Ursula K. Le Guin,4.13,39,"2,438"
1547,All the King's Men,Robert Penn Warren,4.09,34,"2,437"
1548,Life After Darkness: Finding Healing and Happiness After the Cleveland Kidnappings,Michelle Knight,4.02,25,"2,435"
1549,In Plain Sight: A True Story of Kidnapping and Rape,Anna D. Stoddard,4.26,25,"2,434"
1550,Notes from Underground,Fyodor Dostoevsky,4.17,28,"2,433"
1551,The Locked Door,Freida McFadden,4.00,26,"2,423"
1552,"The Elegant Universe: Superstrings, Hidden Dimensions, and the Quest for the Ultimate Theory",Brian Greene,4.10,33,"2,415"
1553,After Dunkirk (After Dunkirk #1),Lee     Jackson,4.36,25,"2,412"
1554,Hopscotch,Julio Cortázar,4.20,29,"2,410"
1555,The Last Guest House,Caroline Mitchell,3.82,25,"2,407"
1556,The Miracle of Mindfulness: An Introduction to the Practice of Meditation,Thich Nhat Hanh,4.19,38,"2,404"
1557,"These Is My Words: The Diary of Sarah Agnes Prine, 1881-1901, Arizona Territories (Sarah Agnes Prine, #1)",Nancy E. Turner,4.36,29,"2,400"
1558,A Man with A White Shadow,Vikram Suryawanshi,4.63,24,"2,400"
1559,A Very Bad Thing,J.T. Ellison,4.16,25,"2,396"
1560,Be More Pirate: Or How to Take On the World and Win,Sam Conniff,3.71,24,"2,395"
1561,Non Violent Communication A Language of Life,Marshall B. Rosenberg,4.33,25,"2,391"
1562,"Band of Brothers: E Company, 506th Regiment, 101st Airborne from Normandy to Hitler's Eagle's Nest",Stephen E. Ambrose,4.44,34,"2,390"
1563,When Heroes Flew (When Heroes Flew #1),"H.W. ""Buzz"" Bernard",4.52,25,"2,387"
1564,"The New York Trilogy (New York Trilogy, #1-3)",Paul Auster,3.87,31,"2,385"
1565,"Surely You're Joking, Mr. Feynman!: Adventures of a Curious Character",Richard P. Feynman,4.27,37,"2,383"
1566,The Coworker,Freida McFadden,3.76,25,"2,382"
1567,"The Poetry Pharmacy Returns: More Prescriptions for Courage, Healing and Hope",William Sieghart,4.37,25,"2,380"
1568,1776,David McCullough,4.10,32,"2,379"
1569,The Artist's Way: A Spiritual Path to Higher Creativity,Julia Cameron,3.95,33,"2,375"
1570,"Kerri's War (The King Trilogy, #3)",Stephen Douglass,3.85,25,"2,373"
1571,The Light We Carry: Overcoming in Uncertain Times,Michelle Obama,4.27,25,"2,373"
1572,Some Are Sicker Than Others,Andrew Seaward,3.73,24,"2,372"
1573,Survivor Song,Paul Tremblay,3.62,25,"2,366"
1574,100 Love Sonnets,Pablo Neruda,4.35,34,"2,363"
1575,We Have Always Lived in the Castle,Shirley Jackson,3.92,36,"2,362"
1576,"Chocolat (Chocolat, #1)",Joanne Harris,3.96,35,"2,362"
1577,"Stillhouse Lake (Stillhouse Lake, #1)",Rachel Caine,4.11,28,"2,360"
1578,The Stranger Beside Me: Ted Bundy: The Shocking Inside Story,Ann Rule,4.14,34,"2,359"
1579,The Hero With a Thousand Faces,Joseph Campbell,4.13,34,"2,358"
1580,Flags of Our Fathers,James D. Bradley,4.22,26,"2,357"
1581,Homage to Catalonia,George Orwell,4.09,31,"2,353"
1582,Rose Under Fire,Elizabeth Wein,4.13,26,"2,349"
1583,"You Are Special (Wemmicksville, #1)",Max Lucado,4.45,37,"2,334"
1584,Self Love Poetry: For Thinkers & Feelers,Melody Godfred,4.12,25,"2,333"
1585,Hold Me Tight: Seven Conversations for a Lifetime of Love,Sue Johnson,4.12,25,"2,331"
1586,Floating in Darkness - A Journey of Evolution,Ron Garan,4.39,25,"2,327"
1587,Wide Sargasso Sea,Jean Rhys,3.59,38,"2,326"
1588,"King Leopold's Ghost: A Story of Greed, Terror, and Heroism in Colonial Africa",Adam Hochschild,4.18,31,"2,324"
1589,Empire of Pain: The Secret History of the Sackler Dynasty,Patrick Radden Keefe,4.54,25,"2,315"
1590,The Chrysalids,John Wyndham,3.93,32,"2,313"
1591,The Search for Mother Missing: A Peek Inside International Adoption (Adoption Books for Adults),Janine Vance,4.48,24,"2,311"
1592,"Lies, Inc.",Philip K. Dick,3.20,24,"2,311"
1593,The Woods,Harlan Coben,4.06,28,"2,309"
1594,"Legend (Legend, #1)",Marie Lu,4.15,27,"2,303"
1595,"The Witches of Scotland Book 1 (The Dream Dancers: Akashic Chronicles, #1)",Steven P. Aitchison,3.99,24,"2,303"
1596,Anger: Wisdom for Cooling the Flames,Thich Nhat Hanh,4.08,25,"2,296"
1597,The Trial of Joe Harlan Junior (Talion #0.5),J.K. Franko,4.34,28,"2,292"
1598,Metamorphoses,Ovid,4.09,44,"2,291"
1599,Borealis: A Worldmaker of Yand Novel,Andri E. Elia,4.37,26,"2,290"
1600,"Fate Finally Found Us: Tommy and Barbara Beal: A Compelling Story of Rock 'n' Roll, His Overcoming Addiction, and Rediscovering Love",Barbara Beal,4.35,25,"2,289"
1601,Arrangement in Black and White,Fred Misurella,4.35,25,"2,287"
1602,The Rape of Nanking: The Forgotten Holocaust of World War II,Iris Chang,4.24,31,"2,286"
1603,The Eagle's Covenant,Michael              Parker,4.33,26,"2,284"
1604,Mrs. Frisby and the Rats of NIMH,Robert C. O'Brien,4.17,40,"2,283"
1605,Letter to a Christian Nation,Sam Harris,4.00,32,"2,279"
1606,"Noughts & Crosses (Noughts & Crosses, #1)",Malorie Blackman,4.18,26,"2,277"
1607,Fangirl,Rainbow Rowell,3.94,30,"2,267"
1608,"Desecrating Solomon (Desecration, #1)",Lucian Bane,4.16,23,"2,263"
1609,Princess Sophie and the Christmas Elixir,Mike  Martin,4.42,24,"2,263"
1610,The Gettysburg Address,Abraham Lincoln,4.52,43,"2,262"
1611,The Yellow Wall-Paper,Charlotte Perkins Gilman,4.08,38,"2,260"
1612,Hard Times,Charles Dickens,3.55,34,"2,257"
1613,Ways of Seeing,John Berger,3.93,26,"2,256"
1614,"Fractal Noise (Fractalverse, #0)",Christopher Paolini,3.44,24,"2,256"
1615,Socialism Is Dead! Long Live Socialism!: The Marx Code—Socialism with a Human Face:,Todor Bombov,4.36,26,"2,254"
1616,Digging for God,Tom Hillman,4.37,25,"2,254"
1617,"Will Grayson, Will Grayson",John Green,3.69,28,"2,252"
1618,Before I Fall,Lauren Oliver,3.88,32,"2,251"
1619,Killers of the Flower Moon: The Osage Murders and the Birth of the FBI,David Grann,4.14,27,"2,248"
1620,All the Bright Places,Jennifer Niven,4.12,28,"2,241"
1621,"Shadow Kiss (Vampire Academy, #3)",Richelle Mead,4.33,33,"2,241"
1622,"The Mark of Athena (The Heroes of Olympus, #3)",Rick Riordan,4.47,32,"2,238"
1623,The Room,Hubert Selby Jr.,3.70,27,"2,230"
1624,"One Thousand White Women: The Journals of May Dodd (One Thousand White Women, #1)",Jim Fergus,3.91,31,"2,225"
1625,SMILES FOR THE HOLIDAYS: Silly Seasonal Short Stories,Nancy O'Meara,4.29,24,"2,224"
1626,Gravity’s Rainbow,Thomas Pynchon,4.01,26,"2,223"
1627,The Ancient Code (The Ancient Secrets #1),T.S. Falk,4.27,23,"2,220"
1628,"The Spy Coast (The Martini Club, #1)",Tess Gerritsen,4.34,23,"2,218"
1629,"Blood Promise (Vampire Academy, #4)",Richelle Mead,4.30,31,"2,215"
1630,The 120 Days of Sodom,Marquis de Sade,3.08,27,"2,211"
1631,Woke Up Like This,Amy  Lea,4.01,23,"2,205"
1632,"The Professor and the Madman: A Tale of Murder, Insanity and the Making of the Oxford English Dictionary",Simon Winchester,3.84,33,"2,203"
1633,Born a Crime: Stories From a South African Childhood,Trevor Noah,4.49,27,"2,203"
1634,The Power of Dao: A Timeless Guide to Happiness and Harmony,Lou Marinoff,4.26,24,"2,203"
1635,"The Standoff (Jack Widow, #12)",Scott Blade,4.40,23,"2,203"
1636,Wayward Spirits (Witches of Palmetto Point #2),Wendy Wang,4.42,23,"2,201"
1637,"Resonance (The Fray Theory, #1)",Nelou Keramati,4.13,22,"2,200"
1638,The Postman Always Rings Twice,James M. Cain,3.77,27,"2,199"
1639,Between the World and Me,Ta-Nehisi Coates,4.40,27,"2,198"
1640,"Pigs in Heaven (Greer Family, #2)",Barbara Kingsolver,4.01,32,"2,197"
1641,Get Rich or Get Lucky,Max Nowaz,4.25,23,"2,195"
1642,"Gabriel's Fire: Action Adventure, Romantic Suspense, Multicultural interracial (The Men of Thorne Enterprises Book 2)",Lotchie Burton,4.37,24,"2,195"
1643,The You Beyond You: The Knowledge of the Willing,Ramzi Najjar,4.33,22,"2,190"
1644,The Sirens of Titan,Kurt Vonnegut Jr.,4.15,37,"2,189"
1645,"Beautiful Creatures (Caster Chronicles, #1)",Kami Garcia,3.77,30,"2,187"
1646,James Ed Hoskins and the One-Room Schoolhouse: The Unprosecuted Crime Against Children,Shafter Bailey,4.38,25,"2,185"
1647,Let the Right One In,John Ajvide Lindqvist,4.04,33,"2,184"
1648,Life Song,Christine M. Knight,4.19,22,"2,183"
1649,The Monk Who Sold His Ferrari: A Fable About Fulfilling Your Dreams and Reaching Your Destiny,Robin Sharma,3.89,26,"2,181"
1650,"The Mammoth Hunters (Earth's Children, #3)",Jean M. Auel,3.96,37,"2,180"
1651,A Man for All Seasons: A Play in Two Acts,Robert Bolt,3.89,36,"2,180"
1652,As a Man Thinketh,James Allen,4.24,24,"2,179"
1653,Naked,David Sedaris,4.10,25,"2,178"
1654,Blind Pony: As True A Story As I Can Tell,Samantha   Hart,4.30,24,"2,177"
1655,An Inconvenient Truth: The Planetary Emergency of Global Warming and What We Can Do About It,Al Gore,3.78,34,"2,174"
1656,Median Gray,Bill Mesce Jr.,4.28,24,"2,174"
1657,"The Forever War (The Forever War, #1)",Joe Haldeman,4.14,32,"2,173"
1658,"Evermore (The Immortals, #1)",Alyson Noel,3.59,28,"2,169"
1659,Just Mercy,Bryan Stevenson,4.63,24,"2,168"
1660,"The Cheat Code (Wisdom Revolution, #3)",Misba,4.74,22,"2,165"
1661,Night Film,Marisha Pessl,3.78,26,"2,164"
1662,The 4-Hour Workweek,Timothy Ferriss,3.92,28,"2,159"
1663,The Chamber,John Grisham,3.85,31,"2,159"
1664,Bentwhistle the Dragon in a Threat from the Past,Paul Cude,4.09,22,"2,156"
1665,A Doll's House,Henrik Ibsen,3.77,38,"2,152"
1666,The Zahir,Paulo Coelho,3.58,26,"2,150"
1667,Sarum: The Novel of England,Edward Rutherfurd,4.08,32,"2,149"
1668,The Dragon Queen (The Dragon #2),William  Andrews,4.25,22,"2,149"
1669,Stoner,John  Williams,4.35,25,"2,148"
1670,"Alanna: The First Adventure (Song of the Lioness, #1)",Tamora Pierce,4.27,27,"2,146"
1671,Watchers,Dean Koontz,4.19,26,"2,145"
1672,Eleanor Oliphant Is Completely Fine,Gail Honeyman,4.23,30,"2,145"
1673,"Crank (Crank, #1)",Ellen Hopkins,4.17,31,"2,144"
1674,Skinny Legs and All,Tom Robbins,4.07,29,"2,141"
1675,The Mayan Legacy,Jody    Summers,4.43,25,"2,141"
1676,The Things We Cannot Say,Kelly Rimmer,4.54,23,"2,136"
1677,"Bangtails, Grifters, and a Liar's Kiss (O'Shaughnessy Investigations Inc. 2)",A.G. Russo,4.40,24,"2,135"
1678,Cryptonomicon,Neal Stephenson,4.23,29,"2,133"
1679,"Hush, Hush (Hush, Hush, #1)",Becca Fitzpatrick,3.92,28,"2,132"
1680,"The Tattooist of Auschwitz (The Tattooist of Auschwitz, #1)",Heather   Morris,4.31,26,"2,131"
1681,"The Lies of Locke Lamora (Gentleman Bastard, #1)",Scott Lynch,4.31,25,"2,125"
1682,Bad Science,Ben Goldacre,4.06,25,"2,123"
1683,A Summer of Good-Byes (Blue Triangle Press Book 2),Fred Misurella,4.33,23,"2,116"
1684,The Husband's Secret,Liane Moriarty,3.95,26,"2,115"
1685,Black Fox: An Indigenous Horror Novel,Jack Moffet,4.04,22,"2,114"
1686,"The Murder of Roger Ackroyd (Hercule Poirot, #4)",Agatha Christie,4.27,30,"2,112"
1687,"Diary of a Wimpy Kid (Diary of a Wimpy Kid, #1)",Jeff Kinney,3.98,31,"2,111"
1688,"Beautiful Disaster (Beautiful, #1)",Jamie McGuire,4.00,28,"2,106"
1689,"Pro Leadership: Establishing Your Credibility, Building Your Following and Leading With Impact",Andrew  Wyatt,4.32,23,"2,106"
1690,"My Sister's Grave (Tracy Crosswhite, #1)",Robert Dugoni,4.10,24,"2,103"
1691,RELIC: A SciFi Adventure,T.S. Falk,4.24,22,"2,101"
1692,A Little Life,Hanya Yanagihara,4.30,26,"2,100"
1693,Secrets of a Charmed Life,Susan Meissner,4.24,24,"2,099"
1694,The Invisible Game: The Mindset of a Winning Team,Zoltan Andrejkovics,4.34,21,"2,098"
1695,A Decade of Desire: Erotic Memoirs from The Office Diaries,Charles Dyson,4.36,25,"2,096"
1696,A History of the World in 6 Glasses,Tom Standage,3.81,24,"2,095"
1697,"Frostbite (Vampire Academy, #2)",Richelle Mead,4.25,33,"2,095"
1698,Team of Rivals: The Political Genius of Abraham Lincoln,Doris Kearns Goodwin,4.28,26,"2,094"
1699,"The Past (VanWest, #1)",Kenneth   Thomas,3.93,21,"2,093"
1700,"Fugitive Telemetry (The Murderbot Diaries, #6)",Martha Wells,4.30,22,"2,093"
1701,"The Blade Artist (Mark Renton, #4)",Irvine Welsh,3.83,25,"2,091"
1702,The Millionaire Next Door: The Surprising Secrets of America's Wealthy,Thomas J. Stanley,4.04,25,"2,087"
1703,"Betrayal of Faith (Zachary Blake Legal Thriller, #1)",Mark M. Bello,4.32,23,"2,084"
1704,Power And Prediction: The Disruptive Economics of Artificial Intelligence,Ajay Agrawal,4.23,22,"2,079"
1705,Making Hearts,Jack Getze,4.25,23,"2,075"
1706,The Drowned World,J.G. Ballard,3.48,24,"2,074"
1707,The Cabin at the End of the World,Paul Tremblay,3.33,22,"2,074"
1708,"Night Watch (Discworld, #29; City Watch, #6)",Terry Pratchett,4.50,30,"2,071"
1709,"The House of Hades (The Heroes of Olympus, #4)",Rick Riordan,4.57,29,"2,070"
1710,"The Sisterhood of the Traveling Pants (Sisterhood, #1)",Ann Brashares,3.85,30,"2,070"
1711,"Death on the Nile (Hercule Poirot, #18)",Agatha Christie,4.12,33,"2,069"
1712,The Ultimate Human Secrets: The Hidden Power in Our Mysterious Unconscious Knowledge,Ramzi Najjar,4.63,21,"2,066"
1713,Pale Blue Dot: A Vision of the Human Future in Space,Carl Sagan,4.34,25,"2,064"
1714,"Are You There, Vodka? It's Me, Chelsea",Chelsea Handler,3.84,23,"2,063"
1715,"Triumph: Life on the Other Side of Trials, Transplants, Transition and Transformation",Gregory S. Works,4.27,24,"2,063"
1716,Emotional Intelligence: Why It Can Matter More Than IQ,Daniel Goleman,4.05,24,"2,062"
1717,The Arabian Nights,Anonymous,4.03,42,"2,061"
1718,A Castle of Doomsday,Michael G. Kramer,4.27,22,"2,059"
1719,Infinite,Brian Freeman,4.04,22,"2,056"
1720,Eye for Eye (Talion #1),J.K. Franko,4.26,23,"2,055"
1721,"Plague of Angels (The Descended, #1)",John Patrick Kennedy,3.52,21,"2,054"
1722,The Misanthrope,Molière,3.76,31,"2,053"
1723,Antigone - Oedipus the King - Electra,Sophocles,3.95,35,"2,052"
1724,"Trouble on Main Street (Sugar Mountain, #1)",Kirsten Fullmer,4.26,23,"2,050"
1725,Crash,J.G. Ballard,3.59,25,"2,048"
1726,The Cow in the Parking Lot: A Zen Approach to Overcoming Anger,Leonard Scheff,3.99,21,"2,045"
1727,"Vietnam: An Epic Tragedy, 1945-1975",Max Hastings,4.31,21,"2,042"
1728,"Read People Like a Book: How to Analyze, Understand, and Predict People’s Emotions, Thoughts, Intentions, and Behaviors",Patrick King,3.42,21,"2,041"
1729,"The Spy Who Came In from the Cold (George Smiley, #3)",John Le Carré,4.09,30,"2,040"
1730,Mere Christianity and The Screwtape Letters,C.S. Lewis,4.42,33,"2,039"
1731,Escape from Camp 14: One Man's Remarkable Odyssey from North Korea to Freedom in the West,Blaine Harden,4.01,22,"2,038"
1732,"North and South (North and South, #1)",John Jakes,4.20,38,"2,037"
1733,Homo Deus: A History of Tomorrow,Yuval Noah Harari,4.19,24,"2,035"
1734,Dragon Seed,Pearl S. Buck,4.10,21,"2,034"
1735,Fun Home: A Family Tragicomic,Alison Bechdel,4.08,28,"2,033"
1736,Half the Sky: Turning Oppression into Opportunity for Women Worldwide,Nicholas D. Kristof,4.28,26,"2,032"
1737,Catherine the Great: Portrait of a Woman,Robert K. Massie,3.94,25,"2,031"
1738,The Power of Regret: How Looking Backward Moves Us Forward,Daniel H. Pink,3.83,21,"2,030"
1739,Those Who Save Us,Jenna Blum,4.11,27,"2,029"
1740,Less Than Zero,Bret Easton Ellis,3.60,25,"2,029"
1741,The Other Emily,Dean Koontz,3.76,21,"2,028"
1742,The Wife in the Photo,Emily Shiner,3.70,21,"2,028"
1743,Tampa,Alissa Nutting,3.34,23,"2,025"
1744,"The Space Between Worlds (The Space Between Worlds, #1)",Micaiah Johnson,3.93,21,"2,025"
1745,Broken,Shy Keenan,4.26,21,"2,023"
1746,The Anomaly,Hervé Le Tellier,3.80,21,"2,023"
1747,The Universe in a Nutshell,Stephen Hawking,4.19,31,"2,022"
1748,The Decameron,Giovanni Boccaccio,3.88,34,"2,021"
1749,Framed: Astonishing True Stories of Wrongful Convictions,John Grisham,4.14,21,"2,021"
1750,Cindy Divine: The Little Girl Who Frightened Kings,Shafter Bailey,4.33,23,"2,019"
1751,Explosion in Paris,Linda Masemore Pirrung,3.59,22,"2,018"
1752,Orange Is the New Black,Piper Kerman,3.72,24,"2,016"
1753,Animal Liberation,Peter Singer,4.30,27,"2,015"
1754,The Ride of a Lifetime: Lessons Learned from 15 Years as CEO of the Walt Disney Company,Robert Iger,4.40,21,"2,015"
1755,Hawaii,James A. Michener,4.22,37,"2,013"
1756,Ghosts,Dolly Alderton,3.87,21,"2,010"
1757,The Gift of Fear: Survival Signals That Protect Us from Violence,Gavin de Becker,4.18,26,"2,005"
1758,The Rum Diary,Hunter S. Thompson,3.85,24,"2,001"
1759,I Remember You,Brian Freeman,4.07,21,"2,001"
1760,No Country for Old Men,Cormac McCarthy,4.16,29,"1,999"
1761,The Year of Magical Thinking,Joan Didion,3.93,23,"1,999"
1762,Way of the Peaceful Warrior: A Book That Changes Lives,Dan Millman,4.13,25,"1,997"
1763,"David and Goliath: Underdogs, Misfits, and the Art of Battling Giants",Malcolm Gladwell,3.97,25,"1,997"
1764,"A Year in Provence (Provence, #1)",Peter Mayle,4.00,30,"1,995"
1765,Battle Cry,Leon Uris,4.16,21,"1,995"
1766,Kim,Rudyard Kipling,3.70,35,"1,994"
1767,"Pillow Thoughts (Pillow Thoughts, #1)",Courtney Peppernell,3.81,21,"1,994"
1768,Chasers of the Light: Poems from the Typewriter Series,Tyler Knott Gregson,4.18,21,"1,994"
1769,The Gifts of Imperfection,Brené Brown,4.25,23,"1,993"
1770,A Delicate Marriage,Margarita Barresi,4.40,22,"1,993"
1771,"Delirium (Delirium, #1)",Lauren Oliver,3.95,31,"1,992"
1772,The Echoes of Enigma: Illuminating Life's Profound Akashic Mysteries,Ramzi Najjar,4.81,20,"1,991"
1773,State of Fear,Michael Crichton,3.70,26,"1,990"
1774,"The Rising Tide (World War II: 1939-1945, #1)",Jeff Shaara,4.17,21,"1,988"
1775,White Noise,Don DeLillo,3.86,29,"1,985"
1776,The Doors of Perception & Heaven and Hell,Aldous Huxley,3.91,24,"1,984"
1777,Whalefall,Daniel Kraus,3.70,21,"1,983"
1778,I Am Legend,Richard Matheson,4.05,27,"1,981"
1779,Pied Piper,Nevil Shute,4.26,21,"1,981"
1780,Making Faces,Amy Harmon,4.30,21,"1,979"
1781,"Creativity, Inc.: Overcoming the Unseen Forces That Stand in the Way of True Inspiration",Ed Catmull,4.22,23,"1,974"
1782,"The Prisoner of Acre (Ash Carter Near East Crime, #4)",Murray Bailey,4.41,22,"1,973"
1783,"Fluency (Confluence, #1)",Jennifer Foehner Wells,3.83,21,"1,971"
1784,Insomnia,Stephen        King,3.84,34,"1,966"
1785,The Wretched of the Earth,Frantz Fanon,4.34,29,"1,966"
1786,The Strange Case of Dr. Jekyll and Mr. Hyde and Other Tales of Terror,Robert Louis Stevenson,3.92,34,"1,965"
1787,"Code Name Verity (Code Name Verity, #1)",Elizabeth Wein,4.00,24,"1,963"
1788,Against the Machine: Evolution,Brian Van Norman,4.33,22,"1,962"
1789,Essentialism: The Disciplined Pursuit of Less,Greg McKeown,4.06,23,"1,960"
1790,Mythology,Edith Hamilton,4.03,33,"1,956"
1791,Earth of Another Kind (Another Kind #2),Steven Decker,4.37,23,"1,956"
1792,Jude the Obscure,Thomas Hardy,3.83,35,"1,953"
1793,"A Psalm for the Wild-Built (Monk & Robot, #1)",Becky  Chambers,4.24,20,"1,951"
1794,The Magic of Ordinary Days,Ann Howard Creel,3.90,21,"1,950"
1795,Getting Things Done: The Art of Stress-Free Productivity,David    Allen,4.01,24,"1,950"
1796,"Sex, Drugs, and Cocoa Puffs: A Low Culture Manifesto",Chuck Klosterman,3.74,24,"1,947"
1797,The Adventures of Pinocchio,Carlo Collodi,3.84,32,"1,947"
1798,The Invisible Man,H.G. Wells,3.63,26,"1,947"
1799,Chasing the Dragon: BY NEW BLOOD DAGGER AND SCOTTISH CRIME DEBUT SHORTLISTED AUTHOR (Betancourt Mystery Series Book 2),Mark Wightman,4.27,20,"1,943"
1800,The Odd and The Strange: A Collection of Very Short Fiction,Harvey Havel,4.33,21,"1,941"
1801,"Daughter of Smoke & Bone (Daughter of Smoke & Bone, #1)",Laini Taylor,3.99,24,"1,940"
1802,Dust Child,Nguyễn Phan Quế Mai,4.23,20,"1,939"
1803,"Elon Musk: Tesla, SpaceX, and the Quest for a Fantastic Future",Ashlee Vance,4.14,22,"1,937"
1804,Is Everyone Hanging Out Without Me?,Mindy Kaling,3.86,24,"1,935"
1805,Rights of Man,Thomas Paine,4.02,37,"1,932"
1806,And the Ass Saw the Angel,Nick Cave,3.85,23,"1,929"
1807,Love Auction: Too Risky to Love Again,Sharon Carter,4.31,22,"1,928"
1808,"Brownout - 666: A journey through sex, love and violence in the ultimate search",John Richard Spencer,4.38,21,"1,927"
1809,Last Chance to See,Douglas Adams,4.32,23,"1,926"
1810,"A Dance with Dragons (A Song of Ice and Fire, #5)",George R.R. Martin,4.34,29,"1,926"
1811,"The Exorcist (The Exorcist, #1)",William Peter Blatty,4.21,30,"1,924"
1812,Stones (One True Child #5),L.C. Conn,4.45,22,"1,924"
1813,Never Get Angry Again: The Foolproof Way to Stay Calm and in Control in Any Conversation or Situation,David J. Lieberman,3.79,20,"1,924"
1814,Island,Aldous Huxley,3.85,23,"1,922"
1815,Yes Please,Amy Poehler,3.85,22,"1,922"
1816,"The Rosie Project (Don Tillman, #1)",Graeme Simsion,4.01,22,"1,922"
1817,One Day,David Nicholls,3.86,25,"1,919"
1818,We Were Liars,E. Lockhart,3.66,25,"1,919"
1819,In the Miso Soup,Ryū Murakami,3.62,24,"1,918"
1820,Rosencrantz and Guildenstern Are Dead,Tom Stoppard,4.04,29,"1,916"
1821,Fathers and Sons,Ivan Turgenev,4.00,29,"1,915"
1822,Diary,Chuck Palahniuk,3.65,22,"1,915"
1823,Braving the Wilderness,Brené Brown,4.13,22,"1,913"
1824,The Girl Who Drank the Moon,Kelly Barnhill,4.12,20,"1,911"
1825,"The Son of Neptune (The Heroes of Olympus, #2)",Rick Riordan,4.41,30,"1,910"
1826,"The Knife of Never Letting Go (Chaos Walking, #1)",Patrick Ness,3.98,22,"1,909"
1827,Who Has Buried the Dead?: From Stalin to Putin … The last great secret of World War Two,K.G.E. Konkel,4.32,21,"1,907"
1828,Just Kids,Patti Smith,4.22,26,"1,906"
1829,Money,Martin Amis,3.70,22,"1,905"
1830,The Collector,John Fowles,3.97,29,"1,901"
1831,The Coven of Deeds,Malcolm McCoard,4.49,19,"1,900"
1832,Nicu II and Victoria's Incestuous Romance,Kenneth Jarrett Singleton,4.40,19,"1,899"
1833,The Infinite Jeff: A Parable of Change (Part 1),Will Holcomb,4.55,19,"1,898"
1834,"Love on the Line 2 (Women at Work, #2)",Kirsten Fullmer,4.30,22,"1,898"
1835,Everybody Knows,Jordan Harper,3.72,20,"1,897"
1836,The Namesake,Jhumpa Lahiri,4.02,31,"1,894"
1837,Narcissus and Goldmund,Hermann Hesse,4.22,22,"1,893"
1838,Altar of Resistance (World War Two #2),Samuel Marquis,4.20,20,"1,887"
1839,The Girl from Venice,Martin Cruz Smith,3.41,20,"1,887"
1840,Keeping Secrets (Sam Mason Mystery #2),L.A. Dobbs,4.23,20,"1,885"
1841,"Karolina Dalca, Dark Eyes (The Dark Eyes #1)",M.R. Noble,4.26,21,"1,883"
1842,Maya's Magical Adventures,Malcolm McCoard,4.65,19,"1,881"
1843,The Case for Christ,Lee Strobel,4.23,26,"1,879"
1844,Memories Of My Future,Ammar Habib,4.39,19,"1,879"
1845,Sam's Letters to Jennifer,James  Patterson,4.16,26,"1,878"
1846,House of Sand and Fog,Andre Dubus III,3.86,27,"1,877"
1847,Girl Missing (Kaitlyn Carr #1),Kate Gable,3.93,20,"1,876"
1848,Some Animals (The Companion Chronicles #1),Joshua Todd James,4.34,23,"1,876"
1849,The New Jim Crow: Mass Incarceration in the Age of Colorblindness,Michelle Alexander,4.52,22,"1,875"
1850,"Champagne Widows: First Woman of Champagne, Veuve Clicquot",Rebecca Rosenberg,4.30,22,"1,874"
1851,Amusing Ourselves to Death: Public Discourse in the Age of Show Business,Neil Postman,4.16,26,"1,872"
1852,Just So Stories,Rudyard Kipling,4.06,34,"1,872"
1853,"Porno (Mark Renton, #3)",Irvine Welsh,3.84,22,"1,872"
1854,Ham on Rye,Charles Bukowski,4.14,23,"1,870"
1855,The Chain Between Worlds (The Lost Artefacts #1),Johnathon Nicolaou,4.46,19,"1,866"
1856,"The Devil Wears Prada (The Devil Wears Prada, #1)",Lauren Weisberger,3.81,30,"1,865"
1857,"Zero to One: Notes on Startups, or How to Build the Future",Peter Thiel,4.15,22,"1,863"
1858,Red Gone Bad,Lucy Pireel,3.95,19,"1,862"
1859,"Stop! Don't Read This, It's Impossible!",Malcolm McCoard,4.60,19,"1,862"
1860,Hope: A Memoir of Survival in Cleveland,Amanda     Berry,4.36,19,"1,858"
1861,Heart of a Dog,Mikhail Bulgakov,4.09,22,"1,857"
1862,"Last Sacrifice (Vampire Academy, #6)",Richelle Mead,4.37,25,"1,856"
1863,Nobody Move,Denis Johnson,3.35,23,"1,856"
1864,Reversione: Reset the Future,Chris A. Jones,4.16,20,"1,854"
1865,"The Lincoln Lawyer (The Lincoln Lawyer, #1; Harry Bosch Universe, #16)",Michael    Connelly,4.22,28,"1,853"
1866,Bound,Lucy Pireel,3.47,19,"1,849"
1867,Portnoy’s Complaint,Philip Roth,3.70,29,"1,848"
1868,"Limitless: Upgrade Your Brain, Learn Anything Faster, and Unlock Your Exceptional Life",Jim Kwik,4.08,19,"1,845"
1869,"Finding Me: A Decade of Darkness, a Life Reclaimed - A Memoir of the Cleveland Kidnappings",Michelle Knight,4.17,19,"1,845"
1870,Left to Tell: Discovering God Amidst the Rwandan Holocaust,Immaculée Ilibagiza,4.43,21,"1,844"
1871,The Decline and Fall of the Roman Empire,Edward Gibbon,4.02,31,"1,844"
1872,"The Cheat Code (Wisdom Revolution, #3)",Misba,4.74,19,"1,844"
1873,"Every Day (Every Day, #1)",David Levithan,3.90,20,"1,843"
1874,"Dome: Rebellion (Dome, #1)",Johnathon Nicolaou,4.31,19,"1,842"
1875,Touching the moon,Malcolm McCoard,4.45,19,"1,840"
1876,"A Column of Fire (Kingsbridge, #3)",Ken Follett,4.26,21,"1,839"
1877,Devil's Snare (Witches of Palmetto Point #3),Wendy Wang,4.40,19,"1,839"
1878,"They Shoot Horses, Don't They?",Horace McCoy,3.86,20,"1,838"
1879,"The Art of Asking; or, How I Learned to Stop Worrying and Let People Help",Amanda Palmer,3.92,21,"1,838"
1880,Thousand Pieces of Gold,Ruthanne Lum McCunn,3.89,19,"1,838"
1881,Influence: The Psychology of Persuasion,Robert B. Cialdini,4.22,21,"1,836"
1882,Coming Storm,David J Morden,4.25,20,"1,836"
1883,My Horizontal Life: A Collection of One-Night Stands,Chelsea Handler,3.79,20,"1,833"
1884,It's Kind of a Funny Story,Ned Vizzini,4.08,22,"1,827"
1885,The Curse of Cardoness: Maya's Magical Adventures continue,Malcolm McCoard,4.50,19,"1,825"
1886,Enduring Love,Ian McEwan,3.65,23,"1,824"
1887,An Unquiet Mind: A Memoir of Moods and Madness,Kay Redfield Jamison,4.06,30,"1,824"
1888,The Metamorphosis and Other Stories,Franz Kafka,3.89,28,"1,823"
1889,Daughters of the Dragon (The Dragon #1),William  Andrews,4.47,19,"1,822"
1890,"Morning Star (Red Rising Saga, #3)",Pierce Brown,4.53,19,"1,819"
1891,"The Grand Delusion (Manufactured Identity, #2)",Heath Sommer,4.18,20,"1,817"
1892,Glue,Irvine Welsh,3.90,20,"1,807"
1893,Wanted: An Honest Man (Lindsey Lark #1),Cricket Rohman,4.39,20,"1,805"
1894,We Were Soldiers Once... and Young: Ia Drang - The Battle that Changed the War in Vietnam,Harold G. Moore,4.33,22,"1,804"
1895,Murder in the Coven: Maya's Magical Adventures continue,Malcolm McCoard,4.52,19,"1,802"
1896,"True Teryn (The Last Lumenian, #2)",S.G. Blaise,4.31,20,"1,800"
1897,The Gulag Archipelago 1918–1956,Aleksandr Solzhenitsyn,4.33,28,"1,798"
1898,Evicted: Poverty and Profit in the American City,Matthew Desmond,4.47,22,"1,798"
1899,"Tai-Pan (Asian Saga, #2)",James Clavell,4.30,20,"1,795"
1900,"Christmas in Smithville (Hometown, #4)",Kirsten Fullmer,4.30,20,"1,791"
1901,The Candidate and other stories,Samuel R. George,4.43,20,"1,790"
1902,"The Son (The Emperor, the Son and the Thief, #2)",Robert         Reid,4.43,21,"1,790"
1903,The Opposite of Loneliness: Essays and Stories,Marina Keegan,3.85,20,"1,789"
1904,Imperial Bedrooms,Bret Easton Ellis,3.20,21,"1,788"
1905,"The Steel Wave (World War II: 1939-1945, #2)",Jeff Shaara,4.28,19,"1,788"
1906,The Big Short: Inside the Doomsday Machine,Michael   Lewis,4.30,22,"1,787"
1907,After Dark,Haruki Murakami,3.74,24,"1,784"
1908,Tender Is the Night,F. Scott Fitzgerald,3.78,29,"1,782"
1909,They Came From The North,Malcolm McCoard,4.42,19,"1,781"
1910,The Polar Express,Chris Van Allsburg,4.32,35,"1,777"
1911,Mischief and the Guardian Cats,Malcolm McCoard,4.38,19,"1,777"
1912,You Are Not So Smart,David McRaney,3.86,22,"1,776"
1913,Lucky,Alice Sebold,3.77,22,"1,775"
1914,"The Daughter of Time (Inspector Alan Grant, #5)",Josephine Tey,3.90,29,"1,774"
1915,Deep Work: Rules for Focused Success in a Distracted World,Cal Newport,4.17,21,"1,774"
1916,The Warmth of Other Suns: The Epic Story of America's Great Migration,Isabel Wilkerson,4.48,23,"1,773"
1917,Grit: The Power of Passion and Perseverance,Angela Duckworth,4.08,20,"1,773"
1918,The Source,James A. Michener,4.29,29,"1,771"
1919,TWISTED,Fayton Hollington,4.29,20,"1,771"
1920,The Duke of D.C.: The American Dream,James Allen Moseley,4.32,22,"1,766"
1921,The Reluctant Fundamentalist,Mohsin Hamid,3.73,22,"1,764"
1922,Darkness at Noon,Arthur Koestler,4.12,26,"1,764"
1923,Harriet Tubman: Imagining a Life,Beverly Lowry,3.79,27,"1,763"
1924,Sown in Tears: A Historical Novel of Love and Struggle,Beverly Magid,4.32,21,"1,762"
1925,The Song of Achilles,Madeline Miller,4.31,19,"1,759"
1926,"Hannibal (Hannibal Lecter, #3)",Thomas  Harris,3.82,22,"1,758"
1927,Life... Love... Kumbh...,Aporva Kala,3.58,18,"1,757"
1928,"Triumph: Life on the Other Side of Trials, Transplants, Transition and Transformation",Gregory S. Works,4.27,18,"1,757"
1929,"The Witching Hour (Lives of the Mayfair Witches, #1)",Anne Rice,4.10,27,"1,753"
1930,Spark Joy: An Illustrated Master Class on the Art of Organizing and Tidying Up,Marie Kondō,3.88,22,"1,752"
1931,The Hour I First Believed,Wally Lamb,3.83,25,"1,750"
1932,"The Blood of Olympus (The Heroes of Olympus, #5)",Rick Riordan,4.43,24,"1,749"
1933,The Outsider,Stephen        King,4.01,21,"1,748"
1934,"The Girl with the Porcelain Lips (Godfrey Davis, #2)",A.R. Merrydew,4.32,20,"1,748"
1935,Post Office,Charles Bukowski,3.93,20,"1,746"
1936,A Woman of No Importance: The Untold Story of the American Spy Who Helped Win World War II,Sonia Purnell,4.15,18,"1,746"
1937,"My Family and Other Animals (Corfu Trilogy, #1)",Gerald Durrell,4.17,28,"1,744"
1938,"Body In The Woods (Jack Ludefance, #2)",Behcet Kaya,4.32,19,"1,744"
1939,The 19th Wife,David Ebershoff,3.65,27,"1,743"
1940,The Corrections,Jonathan Franzen,3.84,23,"1,743"
1941,Super Ninja: The Sword of Heaven,William Kely McClung,4.37,19,"1,742"
1942,"Grimm Up North (DCI Harry Grimm, #1)",David J. Gatward,4.25,18,"1,740"
1943,Searching For Zen: A Tale Of Divine Destiny,Albert T. Franklin,4.39,19,"1,739"
1944,Women,Charles Bukowski,3.81,22,"1,738"
1945,The Beauty Myth,Naomi Wolf,3.91,22,"1,736"
1946,Neither Here nor There: Travels in Europe,Bill Bryson,3.86,21,"1,735"
1947,The Marbled Swarm,Dennis Cooper,3.48,20,"1,733"
1948,"Born to Run: A Hidden Tribe, Superathletes, and the Greatest Race the World Has Never Seen",Christopher McDougall,4.31,22,"1,730"
1949,Transcending Depression: Quest Without a Compass,Larry Godwin,4.44,18,"1,727"
1950,Playing Ball: Life Lessons from My Journey to the Super Bowl and Beyond,Vernon Davis,4.28,18,"1,727"
1951,"Déjà Dead (Temperance Brennan, #1)",Kathy Reichs,3.88,28,"1,723"
1952,"Origin (Robert Langdon, #5)",Dan    Brown,3.90,21,"1,723"
1953,Scrappy Little Nobody,Anna Kendrick,3.85,19,"1,723"
1954,"Not Nice: Stop People Pleasing, Staying Silent, & Feeling Guilty... And Start Speaking Up, Saying No, Asking Boldly, And Unapologetically Being Yourself",Aziz Gazipura,3.96,18,"1,723"
1955,Un Aquilone di Farfalle: Romanzo,Giulietta Esthel,4.67,18,"1,721"
1956,"The Coaching Habit: Say Less, Ask More & Change the Way You Lead Forever",Michael Bungay Stanier,4.01,18,"1,721"
1957,Heaven Official's Blessing: Tian Guan Ci Fu (Novel) Vol. 1,Mò Xiāng Tóng Xiù,4.61,18,"1,721"
1958,The Book of Illusions,Paul Auster,3.90,20,"1,720"
1959,"On the Banks of Plum Creek (Little House, #4)",Laura Ingalls Wilder,4.22,30,"1,719"
1960,Where There's Smoke (Sugar Mountain #2),Kirsten Fullmer,4.29,19,"1,719"
1961,Antifragile: Things That Gain from Disorder,Nassim Nicholas Taleb,4.10,20,"1,718"
1962,"A Discovery of Witches (All Souls, #1)",Deborah Harkness,4.02,25,"1,718"
1963,"The Cheat Code (Wisdom Revolution, #3)",Misba,4.74,18,"1,718"
1964,"Tropic of Capricorn (Tropic, #2)",Henry Miller,3.81,23,"1,716"
1965,The True Story of the 3 Little Pigs,Jon Scieszka,4.32,29,"1,716"
1966,Lost Horizon,James Hilton,3.95,27,"1,716"
1967,"Lady Justice: Women, the Law, and the Battle to Save America",Dahlia Lithwick,4.39,18,"1,715"
1968,The Children Act,Ian McEwan,3.73,21,"1,714"
1969,The Brothers Lionheart,Astrid Lindgren,4.35,22,"1,713"
1970,NIGHT TERROR: A Genetics Investigation Team Thriller,Russ Tilton,4.33,18,"1,713"
1971,"Wizard and Glass (The Dark Tower, #4)",Stephen        King,4.27,25,"1,711"
1972,Love Connection: Romance in the Land of the Rising Sun,John Rachel,4.37,20,"1,711"
1973,"Enemies Among Us (Nick Reagan, #2)",Jeffrey S.  Stephens,4.31,19,"1,709"
1974,Pelosi,Molly  Ball,4.15,18,"1,708"
1975,Yumi and the Nightmare Painter,Brandon Sanderson,4.46,18,"1,706"
1976,Everything I Never Told You,Celeste Ng,3.84,21,"1,704"
1977,The Plot Against America,Philip Roth,3.81,24,"1,703"
1978,"Number 13 (Lightmasters, #1)",M.G. Wells,4.18,17,"1,700"
1979,The Gordonston Ladies Dog Walking Club (The Gordonston Ladies Dog Walking Club #1),Duncan Whitehead,3.42,17,"1,700"
1980,Exactly What to Say: The Magic Words for Influence and Impact,Phil M. Jones,3.75,18,"1,697"
1981,Twelfth Night,William Shakespeare,3.96,28,"1,695"
1982,Year of Wonders,Geraldine Brooks,4.01,26,"1,694"
1983,How to Change Your Mind: The New Science of Psychedelics,Michael Pollan,4.27,20,"1,694"
1984,Hard-Boiled Wonderland and the End of the World,Haruki Murakami,4.12,22,"1,692"
1985,"The Princess Diaries (The Princess Diaries, #1)",Meg Cabot,3.81,27,"1,691"
1986,The Symposium,Plato,4.09,22,"1,691"
1987,Being Mortal: Medicine and What Matters in the End,Atul Gawande,4.49,20,"1,691"
1988,Hillbilly Elegy: A Memoir of a Family and Culture in Crisis,J.D. Vance,3.85,22,"1,688"
1989,The Last Prophet,Jeff W. Horton,4.00,17,"1,687"
1990,Steal Like an Artist: 10 Things Nobody Told You About Being Creative,Austin Kleon,3.96,19,"1,687"
1991,"Why Nations Fail: The Origins of Power, Prosperity, and Poverty",Daron Acemoğlu,4.09,19,"1,686"
1992,The Histories,Herodotus,4.01,29,"1,685"
1993,"The School for Good and Evil (The School for Good and Evil, #1)",Soman Chainani,3.99,18,"1,685"
1994,The Emperor of All Maladies: A Biography of Cancer,Siddhartha Mukherjee,4.34,22,"1,683"
1995,You Will Know Me,Megan Abbott,3.43,20,"1,682"
1996,Apology,Plato,4.20,22,"1,681"
1997,Orlando,Virginia Woolf,3.87,24,"1,680"
1998,Survivor,Chuck Palahniuk,3.93,20,"1,680"
1999,Zeitoun,Dave Eggers,4.05,23,"1,677"
2000,The Grand Design,Stephen Hawking,4.06,19,"1,676"
2001,"Gods of Another Kind (Another Kind, #3)",Steven Decker,4.39,18,"1,676"
2002,Hunger,Knut Hamsun,4.04,21,"1,670"
2003,Tree of Smoke,Denis Johnson,3.60,19,"1,670"
2004,"Good Night, Mr. Tom",Michelle Magorian,4.31,21,"1,668"
2005,The Day of the Triffids,John Wyndham,4.01,26,"1,667"
2006,I Never Promised You a Rose Garden,Hannah  Green,3.90,29,"1,666"
2007,"Olive Kitteridge (Olive Kitteridge, #1)",Elizabeth Strout,3.86,22,"1,665"
2008,Poetics,Aristotle,3.83,31,"1,663"
2009,For the Love of Armin,Michael G. Kramer,4.30,18,"1,663"
2010,Waking the Tiger: Healing Trauma,Peter A. Levine,4.07,17,"1,663"
2011,"The Long Winter (Little House, #6)",Laura Ingalls Wilder,4.18,30,"1,661"
2012,What It is Like to Go to War,Karl Marlantes,4.01,17,"1,661"
2013,"Operation Pedestal: The Fleet That Battled to Malta, 1942",Max Hastings,4.26,17,"1,661"
2014,Death in Venice,Thomas Mann,3.74,21,"1,660"
2015,The Final Steps: A Harbor Springs Cozy Legal Mystery,Mark M. Bello,4.34,19,"1,659"
2016,The Storyteller,Jodi Picoult,4.30,21,"1,658"
2017,The Feminine Mystique,Betty Friedan,3.87,20,"1,657"
2018,Frisk,Dennis Cooper,3.66,19,"1,657"
2019,"Silk Road (Epic Adventure, #1)",Colin Falconer,4.27,17,"1,657"
2020,Huế 1968: A Turning Point of the American War in Vietnam,Mark Bowden,4.33,17,"1,655"
2021,Surrounded by Idiots,Thomas Erikson,3.51,17,"1,655"
2022,The Lost Girls,John Glatt,4.08,17,"1,655"
2023,Praying the Bible,Donald S. Whitney,4.49,17,"1,653"
2024,The Crying of Lot 49,Thomas Pynchon,3.69,21,"1,652"
2025,"The Unbecoming of Mara Dyer (Mara Dyer, #1)",Michelle Hodkin,4.02,20,"1,652"
2026,The Social Contract,Jean-Jacques Rousseau,3.79,29,"1,651"
2027,"Speaker for the Dead (Ender's Saga, #2)",Orson Scott Card,4.11,22,"1,650"
2028,Longitude: The True Story of a Lone Genius Who Solved the Greatest Scientific Problem of His Time,Dava Sobel,3.99,20,"1,649"
2029,The Checklist Manifesto: How to Get Things Right,Atul Gawande,4.04,19,"1,649"
2030,"Doomsday Book (Oxford Time Travel, #1)",Connie Willis,4.03,23,"1,648"
2031,"An Echo in the Bone (Outlander, #7)",Diana Gabaldon,4.44,21,"1,648"
2032,"Pollyanna (Pollyanna, #1)",Eleanor H. Porter,4.01,26,"1,648"
2033,Why They Marched: Untold Stories of the Women Who Fought for the Right to Vote,Susan Ware,3.91,17,"1,648"
2034,"The Steward (Weald Fae Journals, #1)",Christopher  Shields,3.99,17,"1,645"
2035,"The Scorch Trials (The Maze Runner, #2)",James Dashner,3.90,21,"1,643"
2036,Junky,William S. Burroughs,3.85,19,"1,642"
2037,"Speaking for Myself: Faith, Freedom, and the Fight of Our Lives Inside the Trump White House",Sarah Huckabee Sanders,4.41,17,"1,642"
2038,Salt Sugar Fat: How the Food Giants Hooked Us,Michael  Moss,4.01,20,"1,641"
2039,The 16 Undeniable Laws of Communication: Apply Them and Make the Most of Your Message,John C. Maxwell,4.35,17,"1,641"
2040,"The Life and Opinions of Tristram Shandy, Gentleman",Laurence Sterne,3.73,25,"1,640"
2041,"Stolen (Stolen, #1)",Lucy Christopher,3.89,19,"1,639"
2042,Dinners with Ruth: A Memoir on the Power of Friendships,Nina Totenberg,4.12,17,"1,639"
2043,"The Zodiac Legacy: Convergence (Zodiac Legacy, #1)",Stan Lee,3.84,17,"1,639"
2044,The Night Tiger,Yangsze Choo,3.86,17,"1,638"
2045,"The Plains of Passage (Earth's Children, #4)",Jean M. Auel,3.86,27,"1,636"
2046,Of Monsters and Planes,Johnathon Nicolaou,4.40,17,"1,636"
2047,Why Does He Do That? Inside the Minds of Angry and Controlling Men,Lundy Bancroft,4.48,17,"1,632"
2048,White Teeth,Zadie Smith,3.79,25,"1,631"
2049,Madam Speaker: Nancy Pelosi and the Lessons of Power,Susan  Page,4.14,17,"1,631"
2050,Cleopatra: A Life,Stacy Schiff,3.73,18,"1,630"
2051,The Silent Patient,Alex Michaelides,4.17,23,"1,630"
2052,True Grit,Charles Portis,4.17,24,"1,629"
2053,City of Dreams (Danny Ryan #2),Don Winslow,4.04,17,"1,627"
2054,Time Enough for Love,Robert A. Heinlein,3.97,25,"1,624"
2055,The Gospel According to Jesus Christ,José Saramago,4.31,22,"1,623"
2056,"The Mysterious Affair at Styles (Hercule Poirot, #1)",Agatha Christie,4.00,25,"1,623"
2057,The Top Five Teachings: An Asian Exploration of the Mysteries of Christ,Randy Loubier,4.17,18,"1,623"
2058,"Confessions of a Shopaholic (Shopaholic, #1)",Sophie Kinsella,3.71,29,"1,622"
2059,#Girlboss,Sophia Amoruso,3.64,19,"1,621"
2060,The Confidante: The Untold Story of the Woman Who Helped Win WWII and Shape Modern America,Christopher C. Gorham,4.30,17,"1,621"
2061,"All Things Bright and Beautiful (All Creatures Great and Small, #3-4)",James Herriot,4.35,28,"1,619"
2062,The Invention of Wings,Sue Monk Kidd,4.25,23,"1,617"
2063,"The Dry (Aaron Falk, #1)",Jane Harper,4.06,20,"1,616"
2064,The Bridge to Rembrandt,Nelson K. Foley,4.40,18,"1,616"
2065,How to Read a Book: The Classic Guide to Intelligent Reading,Mortimer J. Adler,3.98,23,"1,615"
2066,"The Tainted Trust (The King Trilogy, #2)",Stephen Douglass,3.86,17,"1,614"
2067,The Great Alone,Kristin Hannah,4.45,22,"1,614"
2068,Dewey: The Small-Town Library Cat Who Touched the World,Vicki Myron,3.87,21,"1,612"
2069,"What Happened To You?: Conversations on Trauma, Resilience, and Healing",Bruce D. Perry,4.43,18,"1,611"
2070,"The Screaming Staircase (Lockwood & Co., #1)",Jonathan Stroud,4.25,17,"1,610"
2071,The Girl Who Loved Tom Gordon,Stephen        King,3.64,29,"1,609"
2072,Go Set a Watchman,Harper Lee,3.31,21,"1,609"
2073,How to Read Literature Like a Professor,Thomas C. Foster,3.59,19,"1,608"
2074,The Darkest Core (Netherdei #2),Peter Hackshaw,4.23,17,"1,608"
2075,Calico Jack in your Garden,Karl Wiggins,4.24,17,"1,607"
2076,From Sand and Ash,Amy Harmon,4.38,18,"1,607"
2077,The Life and Times of the Thunderbolt Kid,Bill Bryson,3.93,21,"1,606"
2078,Glamorama,Bret Easton Ellis,3.55,20,"1,604"
2079,"The Human Obsession (Manufactured Identity, #3)",Heath Sommer,4.18,17,"1,603"
2080,Time's Arrow,Martin Amis,3.76,20,"1,601"
2081,The Watch,Joydeep Roy-Bhattacharya,3.58,16,"1,600"
2082,Concrete Island,J.G. Ballard,3.68,19,"1,599"
2083,The Little Book of Hygge: The Danish Way to Live Well,Meik Wiking,3.77,20,"1,597"
2084,Wife For Sale,Tabita Gutu,4.40,18,"1,597"
2085,Haunted,Chuck Palahniuk,3.59,21,"1,596"
2086,Wishful Drinking,Carrie Fisher,3.82,18,"1,596"
2087,"The Burning God (The Poppy War, #3)",R.F. Kuang,4.30,17,"1,596"
2088,The Horror at Murden Cove (A Thomas Austin Crime Thriller #4),D.D. Black,4.38,17,"1,596"
2089,The Brain that Changes Itself: Stories of Personal Triumph from the Frontiers of Brain Science,Norman Doidge,4.20,21,"1,594"
2090,"The Sign of Four (Sherlock Holmes, #2)",Arthur Conan Doyle,3.89,21,"1,594"
2091,Leaving Isn't the Hardest Thing,Lauren  Hough,3.41,16,"1,594"
2092,The Last Song,Nicholas Sparks,4.16,21,"1,591"
2093,"Gödel, Escher, Bach: An Eternal Golden Braid",Douglas R. Hofstadter,4.29,24,"1,590"
2094,I'll Be Gone in the Dark: One Woman's Obsessive Search for the Golden State Killer,Michelle McNamara,4.12,19,"1,590"
2095,Back To You,Steve  Bates,4.25,18,"1,589"
2096,"Gorky Park (Arkady Renko, #1)",Martin Cruz Smith,4.04,26,"1,587"
2097,The Huntress,Kate Quinn,4.30,17,"1,587"
2098,Death Comes for the Archbishop,Willa Cather,3.97,30,"1,586"
2099,The Friendly Mouse,Sophia R. Tyler,4.44,19,"1,586"
2100,Liar's Poker,Michael   Lewis,4.15,19,"1,583"
2101,What WE Lost: Inside The Attack on Canada’s Largest Children’s Charity,Tawfiq S. Rangwala,4.31,19,"1,583"
2102,Small As A Mustard Seed,Shelli Johnson,4.11,16,"1,579"
2103,The Tiger's Wife,Téa Obreht,3.42,19,"1,579"
2104,Sula,Toni Morrison,4.04,21,"1,579"
2105,Stoneslayer: Book One Scandal,Candace L. Talmadge,4.36,19,"1,578"
2106,Originals: How Non-Conformists Move the World,Adam M. Grant,3.95,20,"1,577"
2107,When You Reach Me,Rebecca Stead,4.08,20,"1,576"
2108,How to Hack Back Your Mind: Reclaim Control Over Your Life,Ramzi Najjar,4.59,16,"1,575"
2109,The Imitation of Christ,Thomas à Kempis,4.22,26,"1,573"
2110,The Black Swan: The Impact of the Highly Improbable,Nassim Nicholas Taleb,3.96,18,"1,573"
2111,"The Surgeon (Rizzoli & Isles, #1)",Tess Gerritsen,4.10,20,"1,573"
2112,Wings of Destiny: A USS Enterprise Naval Adventure Novel (Fightin'est Ship in WWII series Book 1),Scott Cook,4.31,16,"1,572"
2113,"The Short Second Life of Bree Tanner (The Twilight Saga, #3.5)",Stephenie Meyer,3.52,27,"1,571"
2114,The Railway Children,E. Nesbit,4.02,28,"1,569"
2115,My Story,Elizabeth  Smart,3.88,16,"1,569"
2116,The Right Stuff,Tom Wolfe,4.23,18,"1,569"
2117,Behavior Reports: A WWII Submarine Adventure Novel (USS Bull Shark Naval Thriller series Book 5),Scott Cook,4.39,16,"1,567"
2118,The Quiet American,Graham Greene,3.97,29,"1,566"
2119,"A Little Pinprick (Rainey Paxton, #1)",Paige Dearth,4.47,16,"1,566"
2120,A Bright Shining Lie: John Paul Vann and America in Vietnam,Neil Sheehan,4.24,16,"1,563"
2121,West with the Night,Beryl Markham,4.15,20,"1,562"
2122,Novel with Cocaine,M. Ageyev,3.84,19,"1,562"
2123,"House of Spies (Gabriel Allon, #17)",Daniel Silva,4.31,17,"1,561"
2124,"The Black Echo (Harry Bosch, #1; Harry Bosch Universe, #1)",Michael    Connelly,4.14,22,"1,559"
2125,"Spirit Bound (Vampire Academy, #5)",Richelle Mead,4.32,22,"1,558"
2126,The Design of Everyday Things,Donald A. Norman,4.15,19,"1,558"
2127,Stolen Innocence,Elissa Wall,3.95,17,"1,558"
2128,History of the Peloponnesian War,Thucydides,3.94,26,"1,556"
2129,Find Your People: Building Deep Community in a Lonely World,Jennie Allen,3.96,16,"1,555"
2130,The Six Wives of Henry VIII,Alison Weir,4.12,18,"1,554"
2131,"Bring Up the Bodies (Thomas Cromwell, #2)",Hilary Mantel,4.30,25,"1,552"
2132,"The Colossus Rises (Seven Wonders, #1)",Peter Lerangis,3.85,16,"1,552"
2133,"Life As We Knew It (Last Survivors, #1)",Susan Beth Pfeffer,3.89,21,"1,549"
2134,Grendel,John Gardner,3.69,22,"1,548"
2135,Clown Girl,Monica Drake,3.49,18,"1,548"
2136,"The Diviners (The Diviners, #1)",Libba Bray,3.94,19,"1,548"
2137,"The Last Battle (Chronicles of Narnia, #7)",C.S. Lewis,4.01,23,"1,546"
2138,Freedom: My Book of Firsts,Jaycee Dugard,3.54,16,"1,546"
2139,"Like Lions (Bull Mountain, #2)",Brian Panowich,4.13,16,"1,546"
2140,Can You Keep a Secret?,Sophie Kinsella,3.82,25,"1,545"
2141,The Last Cuentista,Donna Barba Higuera,4.06,16,"1,545"
2142,The Silver Linings Playbook,Matthew Quick,3.98,23,"1,543"
2143,An Astronaut's Guide to Life on Earth,Chris Hadfield,4.17,19,"1,540"
2144,Killing Yourself to Live: 85% of a True Story,Chuck Klosterman,3.85,18,"1,538"
2145,"Princess Academy (Princess Academy, #1)",Shannon Hale,4.04,23,"1,537"
2146,"Everybody Lies: Big Data, New Data, and What the Internet Can Tell Us About Who We Really Are",Seth Stephens-Davidowitz,3.91,19,"1,536"
2147,A Gracious Enemy,Michael G. Kramer,4.33,17,"1,536"
2148,"The Code of the Woosters (Jeeves, #7)",P.G. Wodehouse,4.32,24,"1,535"
2149,"Ronia, the Robber's Daughter",Astrid Lindgren,4.31,20,"1,535"
2150,The Lucky One,Nicholas Sparks,4.13,20,"1,534"
2151,Eichmann in Jerusalem: A Report on the Banality of Evil,Hannah Arendt,4.20,24,"1,534"
2152,Never Split the Difference: Negotiating As If Your Life Depended On It,Chris Voss,4.36,18,"1,534"
2153,While Time Remains: A North Korean Defector's Search for Freedom in America,Yeonmi Park,3.99,16,"1,534"
2154,My Summer in St. Ives,Don Barr,4.46,17,"1,530"
2155,"Station Eternity (The Midsolar Murders, #1)",Mur Lafferty,3.70,16,"1,528"
2156,Kitchen Confidential: Adventures in the Culinary Underbelly,Anthony Bourdain,4.18,20,"1,526"
2157,American Pastoral,Philip Roth,3.94,22,"1,521"
2158,In Order to Live: A North Korean Girl's Journey to Freedom,Yeonmi Park,4.49,17,"1,518"
2159,The Moment of Lift: How Empowering Women Changes the World,Melinda French Gates,4.27,16,"1,518"
2160,Crossing to Safety,Wallace Stegner,4.16,19,"1,514"
2161,"The Talented Mr. Ripley (Ripley, #1)",Patricia Highsmith,3.95,19,"1,514"
2162,Rant: An Oral Biography of Buster Casey,Chuck Palahniuk,3.84,18,"1,512"
2163,The Life-Changing Magic of Tidying Up: The Japanese Art of Decluttering and Organizing,Marie Kondō,3.88,20,"1,510"
2164,Brown Girl Dreaming,Jacqueline Woodson,4.15,18,"1,510"
2165,The Midnight Library,Matt Haig,3.99,17,"1,510"
2166,Mike Mulligan and His Steam Shovel,Virginia Lee Burton,4.21,29,"1,507"
2167,Murder Board (Boston Crime Thriller #1),Brian Christopher Shea,4.18,16,"1,506"
2168,The Stranger in the Woods: The Extraordinary Story of the Last True Hermit,Michael Finkel,3.90,17,"1,505"
2169,"The Year of the Flood (MaddAddam, #2)",Margaret Atwood,4.07,22,"1,503"
2170,The Diamond Eye,Kate Quinn,4.29,16,"1,503"
2171,Astrophysics for People in a Hurry,Neil deGrasse Tyson,4.08,18,"1,501"
2172,Atomic Habits: An Easy & Proven Way to Build Good Habits & Break Bad Ones,James Clear,4.34,19,"1,501"
2173,"Mind Maps: Quicker Notes, Better Memory, and Improved Learning 2.0",Michael Taylor,3.63,15,"1,500"
2174,"Crashing Back Down (Crashing, #1)",Kristen Hope Mazzola,3.85,15,"1,500"
2175,The Lost Artefacts - The Complete Collection,Johnathon Nicolaou,4.75,16,"1,500"
2176,"Mary Poppins (Mary Poppins, #1)",P.L. Travers,4.01,26,"1,499"
2177,What If?: Serious Scientific Answers to Absurd Hypothetical Questions,Randall Munroe,4.14,18,"1,499"
2178,"One Fish, Two Fish, Red Fish, Blue Fish",Dr. Seuss,4.18,24,"1,497"
2179,"Nudge: Improving Decisions About Health, Wealth, and Happiness",Richard H. Thaler,3.84,18,"1,497"
2180,"Let's Explore Diabetes with Owls: Essays, Etc.",David Sedaris,3.85,18,"1,496"
2181,"The Dark Tower (The Dark Tower, #7)",Stephen        King,4.29,22,"1,495"
2182,"Out of the Silent Planet (The Space Trilogy, #1)",C.S. Lewis,3.93,25,"1,494"
2183,The Blindspots Between Us: How to Overcome Unconscious Cognitive Bias and Build Better Relationships,Gleb Tsipursky,3.94,15,"1,494"
2184,Joyland,Stephen        King,3.93,19,"1,491"
2185,"The City of Ember (Book of Ember, #1)",Jeanne DuPrau,3.90,23,"1,490"
2186,Ring Of Love,Marion  Catteral,4.45,18,"1,489"
2187,Montana: The Biography of Football's Joe Cool,Keith Dunnavant,4.02,16,"1,489"
2188,Twenty Love Poems and a Song of Despair,Pablo Neruda,4.20,26,"1,487"
2189,Don't Close Your Eyes,Lynessa James,3.77,15,"1,487"
2190,Dark Rooms,Lili Anolik,3.14,17,"1,486"
2191,Midnight Sun [2008 Draft],Stephenie Meyer,4.01,23,"1,485"
2192,"Gathering Blue (The Giver, #2)",Lois Lowry,3.82,20,"1,484"
2193,Wir Kinder vom Bahnhof Zoo,Christiane V. Felscherinow,4.36,18,"1,484"
2194,"Mort (Discworld, #4; Death, #1)",Terry Pratchett,4.24,16,"1,484"
2195,A Book of Five Rings: The Classic Guide to Strategy,Miyamoto Musashi,3.96,24,"1,484"
2196,"Doctor Sleep (The Shining, #2)",Stephen        King,4.13,19,"1,483"
2197,Song Bird: Matters of the Heart,Christine M. Knight,4.39,15,"1,482"
2198,"Same Kind of Different as Me: A Modern-Day Slave, an International Art Dealer, and the Unlikely Woman Who Bound Them Together",Ron Hall,4.20,19,"1,481"
2199,The Dead Zone,Stephen        King,3.97,22,"1,479"
2200,"Memory Man (Amos Decker, #1)",David Baldacci,4.12,18,"1,479"
2201,"Isaac's Storm: A Man, a Time, and the Deadliest Hurricane in History",Erik Larson,4.05,20,"1,478"
2202,High-Rise,J.G. Ballard,3.61,18,"1,478"
2203,Snuff,Chuck Palahniuk,3.22,18,"1,478"
2204,In the Shadow of Man,Jane Goodall,4.36,23,"1,477"
2205,"The Terminal List (Terminal List, #1)",Jack Carr,4.29,16,"1,477"
2206,The Devil's Trinity,Michael              Parker,4.26,16,"1,477"
2207,"Inheritance (The Inheritance Cycle, #4)",Christopher Paolini,4.16,24,"1,476"
2208,"A Breath of Snow and Ashes (Outlander, #6)",Diana Gabaldon,4.44,20,"1,474"
2209,Hotel on the Corner of Bitter and Sweet,Jamie Ford,4.05,24,"1,473"
2210,The Complete Stories,Flannery O'Connor,4.39,20,"1,473"
2211,Beyond the Moonlit Sea,Julianne MacLean,4.15,15,"1,473"
2212,When Things Fall Apart: Heart Advice for Difficult Times,Pema Chödrön,4.27,24,"1,472"
2213,"Drum Beats, Heart Beats (Dancing Soul Trilogy, #3)",Maria Nhambu,4.29,16,"1,472"
2214,In a Sunburned Country,Bill Bryson,4.08,18,"1,471"
2215,"Treacherous Estate (Jack Ludefance, #1)",Behcet Kaya,4.25,16,"1,471"
2216,Mademoiselle le Sleuth,Theasa Tuohy,4.30,17,"1,471"
2217,Slave to the Dream: Everyone’s Dream,Gaylan D. Wright,4.20,17,"1,469"
2218,The Sorrow of War,Bảo Ninh,4.08,15,"1,466"
2219,The Geography of Bliss: One Grump's Search for the Happiest Places in the World,Eric    Weiner,3.84,17,"1,464"
2220,Père Goriot,Honoré de Balzac,3.85,22,"1,463"
2221,Nothing to Envy: Ordinary Lives in North Korea,Barbara Demick,4.45,17,"1,463"
2222,Melania and Me,Stephanie Winston Wolkoff,3.23,15,"1,463"
2223,Timbi's Dream,Max Nowaz,4.36,17,"1,461"
2224,The Girl in the Garden,Melanie Wallace,3.44,15,"1,461"
2225,"Dirk Gently's Holistic Detective Agency (Dirk Gently, #1)",Douglas Adams,3.97,20,"1,459"
2226,"Life After Life (Todd Family, #1)",Kate Atkinson,3.78,20,"1,458"
2227,Forbidden,Tabitha Suzuma,3.96,16,"1,457"
2228,"Stop Overthinking: 23 Techniques to Relieve Stress, Stop Negative Spirals, Declutter Your Mind, and Focus on the Present (The Path to Calm Book 1)",Nick Trenton,3.75,15,"1,457"
2229,"Becoming the One: Heal Your Past, Transform Your Relationship Patterns, and Come Home to Yourself",Sheleana Aiyana,4.35,15,"1,455"
2230,"Hometown Girl After All (Hometown, #2)",Kirsten Fullmer,4.33,16,"1,454"
2231,The Blind Watchmaker: Why the Evidence of Evolution Reveals a Universe Without Design,Richard Dawkins,4.09,20,"1,453"
2232,The Memory Keeper of Kyiv,Erin Litteken,4.45,15,"1,453"
2233,The Mosquito Bowl: A Game of Life and Death in World War II,Buzz Bissinger,3.81,15,"1,453"
2234,Foucault’s Pendulum,Umberto Eco,3.91,21,"1,451"
2235,"Heist Society (Heist Society, #1)",Ally Carter,3.92,19,"1,450"
2236,Musicophilia: Tales of Music and the Brain,Oliver Sacks,3.95,18,"1,450"
2237,"Don't Bite the Hook: Finding Freedom from Anger, Resentment, and Other Destructive Emotions",Pema Chödrön,4.33,15,"1,450"
2238,"Hometown Girl Forever (Hometown, #3)",Kirsten Fullmer,4.33,16,"1,448"
2239,Bad Blood: Secrets and Lies in a Silicon Valley Startup,John Carreyrou,4.41,18,"1,448"
2240,"Dead End Girl (Violet Darger, #1)",L.T. Vargus,4.18,15,"1,448"
2241,"And the Band Played On: Politics, People, and the AIDS Epidemic",Randy Shilts,4.39,17,"1,447"
2242,Train Dreams,Denis Johnson,3.90,17,"1,447"
2243,"Judgment Prey (Lucas Davenport, #33; Virgil Flowers, #15)",John Sandford,4.35,15,"1,447"
2244,Out,Natsuo Kirino,3.94,19,"1,446"
2245,"The Monuments Men: Allied Heroes, Nazi Thieves, and the Greatest Treasure Hunt in History",Robert M. Edsel,3.80,18,"1,446"
2246,"Fifty Shades Darker (Fifty Shades, #2)",E.L. James,3.83,20,"1,444"
2247,"Mr. Mercedes (Bill Hodges Trilogy, #1)",Stephen        King,4.03,18,"1,444"
2248,The Grifters,Jim Thompson,3.93,18,"1,443"
2249,The Street Lawyer,John Grisham,3.88,22,"1,442"
2250,Made to Stick: Why Some Ideas Survive and Others Die,Chip Heath,3.99,17,"1,441"
2251,The Seven Husbands of Evelyn Hugo,Taylor Jenkins Reid,4.40,16,"1,440"
2252,Nutshell,Ian McEwan,3.68,17,"1,438"
2253,"Prisoners of the Castle: An Epic Story of Survival and Escape from Colditz, the Nazis' Fortress Prison",Ben Macintyre,4.26,15,"1,438"
2254,"Path of the Berserker (Path of the Berserker, #1)",Rick Scott,4.45,15,"1,437"
2255,"Home: Habitat, Range, Niche, Territory (The Murderbot Diaries, #4.5)",Martha Wells,4.10,15,"1,436"
2256,Galactic Energies,Luca  Rossi,3.96,15,"1,435"
2257,Fingersmith,Sarah Waters,4.02,19,"1,435"
2258,QB: My Life Behind the Spiral,Steve     Young,4.26,15,"1,435"
2259,Feminism Is for Everybody: Passionate Politics,bell hooks,4.16,17,"1,434"
2260,Off the Grid: The Catalyst,Brian  Courtney,4.19,15,"1,434"
2261,"The First Step (A Thousand Li, #1)",Tao Wong,4.10,15,"1,433"
2262,The Blood Legacy: A Xianxia Cultivation Fantasy (The Divine Elements Book 1),Daman,4.20,15,"1,431"
2263,Building a Second Brain: A Proven Method to Organize Your Digital Life and Unlock Your Creative Potential,Tiago Forte,4.05,15,"1,430"
2264,Tales of Old: Greek Mythology: Volume 1,Johnathon Nicolaou,4.50,15,"1,430"
2265,The Killer Inside Me,Jim Thompson,3.86,18,"1,429"
2266,Through God's Eye,Carolyn Cutler Hughes,4.26,17,"1,429"
2267,"Along Came a Spider (Alex Cross, #1)",James  Patterson,4.13,24,"1,428"
2268,"The Human Stain (The American Trilogy, #3)",Philip Roth,3.92,22,"1,428"
2269,The Ancestor,Lee Matthew Goldberg,4.25,16,"1,427"
2270,The One and Only Ivan (The One and Only #1),Katherine Applegate,4.27,18,"1,425"
2271,The Illuminatus! Trilogy,Robert Shea,4.01,19,"1,424"
2272,Big Magic: Creative Living Beyond Fear,Elizabeth Gilbert,3.96,17,"1,423"
2273,"Emerson, the Stoics, and Me: Timeless Wisdom for Living an Authentic Life",Mark Matousek,3.93,15,"1,423"
2274,Queer,William S. Burroughs,3.52,16,"1,421"
2275,Time Chain,Steven Decker,3.95,16,"1,420"
2276,"May Day (American Sulla, #1)",Thom  Stark,3.97,15,"1,416"
2277,"Fire (Graceling Realm, #2)",Kristin Cashore,4.10,20,"1,415"
2278,Eye of the Needle,Ken Follett,4.21,23,"1,415"
2279,Hell's Angels,Hunter S. Thompson,3.98,19,"1,413"
2280,For One More Day,Mitch Albom,4.13,18,"1,411"
2281,Animal Dreams,Barbara Kingsolver,4.08,23,"1,409"
2282,Beach Music,Pat Conroy,4.18,22,"1,409"
2283,The Richest Man in Babylon,George S. Clason,4.23,16,"1,406"
2284,Beneath a Scarlet Sky,Mark T. Sullivan,4.43,17,"1,405"
2285,Dueling Fates (Immar & Stauros trilogy #1),Stephanie M. Allen,4.31,15,"1,402"
2286,A Beautiful Mind,Sylvia Nasar,4.13,22,"1,401"
2287,The Sense of an Ending,Julian Barnes,3.74,17,"1,400"
2288,"Trust: A New Beginning (Trust Trilogy, #1)",Cristiane Serruya,3.55,14,"1,400"
2289,"A Dog's Purpose (A Dog's Purpose, #1)",W. Bruce Cameron,4.35,18,"1,400"
2290,Syrian Brides,Anna Halabi,4.20,14,"1,400"
2291,"Understanding China: Learning from China's Past, Present, and Future",Stefan Piech,3.88,14,"1,400"
2292,"Anne of Avonlea (Anne of Green Gables, #2)",L.M. Montgomery,4.23,20,"1,398"
2293,Understanding Comics: The Invisible Art,Scott McCloud,4.01,16,"1,397"
2294,Rage of Angels,Sidney Sheldon,3.97,17,"1,396"
2295,The Rainmaker,John Grisham,4.01,16,"1,396"
2296,"Yours Truly, Taddy (The Undergrad Years, #2; Invitation to Eden, #1)",Avery Aster,3.74,14,"1,395"
2297,Deep World Fire  (Deep World Saga #1),C.M. Meridian,4.38,14,"1,395"
2298,"Love, Lex (The Undergrad Years, #1)",Avery Aster,3.24,14,"1,393"
2299,The Road to Serfdom,Friedrich A. Hayek,4.15,19,"1,393"
2300,A Particular Man,Lesley Glaister,4.38,16,"1,393"
2301,"Pretty Little Liars (Pretty Little Liars, #1)",Sara Shepard,3.84,18,"1,392"
2302,The Happy Prince,Oscar Wilde,4.20,22,"1,391"
2303,Eleven Minutes,Paulo Coelho,3.71,17,"1,390"
2304,Turtles All the Way Down,John Green,3.88,16,"1,389"
2305,Miracle,Johnathon Nicolaou,4.64,15,"1,388"
2306,"A Darker Shade of Magic (Shades of Magic, #1)",Victoria E. Schwab,4.04,17,"1,387"
2307,"Equal Rites (Discworld, #3; Witches, #1)",Terry Pratchett,4.07,18,"1,387"
2308,Franz Kafka's The Castle,David Fishelson,4.10,16,"1,384"
2309,"Dom Wars: Round One (Dom Wars, #1)",Lucian Bane,3.74,14,"1,384"
2310,Let the Great World Spin,Colum McCann,3.95,17,"1,383"
2311,"Get the Boy, Own the Future",Gabriel F.W. Koch,4.30,15,"1,383"
2312,"84, Charing Cross Road",Helene Hanff,4.16,18,"1,382"
2313,The Worst Hard Time: The Untold Story of Those Who Survived the Great American Dust Bowl,Timothy Egan,4.06,16,"1,382"
2314,"A Girl Named Zippy: Growing Up Small in Mooreland, Indiana",Haven Kimmel,3.80,18,"1,381"
2315,"It Ends with Us (It Ends with Us, #1)",Colleen Hoover,4.11,18,"1,381"
2316,The Handler (Nick Reagan #1),Jeffrey S.  Stephens,4.32,16,"1,381"
2317,A Man Without a Country,Kurt Vonnegut Jr.,4.10,21,"1,380"
2318,Secret Slave: Kidnapped and abused for 13 years. This is my story of survival.,Anna Ruston,4.20,14,"1,379"
2319,"Shiver (The Wolves of Mercy Falls, #1)",Maggie Stiefvater,3.76,18,"1,378"
2320,"The Bomber Mafia: A Dream, a Temptation, and the Longest Night of the Second World War",Malcolm Gladwell,4.03,14,"1,378"
2321,"Complicated Moonlight (DCYE, #2)",Lynessa Layne,4.37,14,"1,375"
2322,Immortality,Milan Kundera,4.14,18,"1,373"
2323,The Silver Sphere,Michael Dadich,4.12,14,"1,373"
2324,"Wyrd Sisters (Discworld, #6; Witches, #2)",Terry Pratchett,4.16,21,"1,373"
2325,My Life on the Road,Gloria Steinem,4.07,16,"1,373"
2326,Suvashun,Simin Daneshvar,3.96,14,"1,372"
2327,"A Suitable Boy (A Bridge of Leaves, #1)",Vikram Seth,4.11,18,"1,371"
2328,Four Thousand Weeks: Time Management for Mortals,Oliver Burkeman,4.20,14,"1,371"
2329,"""Look Here, Sir, What a Curious Bird"": Searching for Ali, Alfred Russel Wallace's Faithful Companion",Paul Spencer Sochaczewski,4.31,16,"1,371"
2330,The Law,Frédéric Bastiat,4.34,17,"1,370"
2331,The Best and the Brightest,David Halberstam,4.27,14,"1,370"
2332,"The One (The Selection, #3)",Kiera Cass,4.14,18,"1,369"
2333,The Lonely City: Adventures in the Art of Being Alone,Olivia Laing,3.92,15,"1,369"
2334,In Search of Lost Time,Marcel Proust,4.34,18,"1,368"
2335,The Lost City of the Monkey God,Douglas Preston,3.93,16,"1,367"
2336,"My Sister's Betrayal (The Blood Sisters, #2)",Roberta Kagan,4.19,14,"1,366"
2337,The 7th Canon,Robert Dugoni,4.28,15,"1,364"
2338,102 Minutes: The Untold Story of the Fight to Survive Inside the Twin Towers,Jim Dwyer,4.29,21,"1,363"
2339,All My Knotted-Up Life: A Memoir,Beth Moore,4.45,14,"1,363"
2340,The Soft Machine (The Nova Trilogy #1),William S. Burroughs,3.44,16,"1,362"
2341,Tears of the Silenced,Misty Griffin,4.28,14,"1,361"
2342,"Angelfall (Penryn & the End of Days, #1)",Susan Ee,4.10,17,"1,359"
2343,"Hometown Girl Again (Hometown, #5)",Kirsten Fullmer,4.28,15,"1,359"
2344,"How the World Really Works: A Scientist's Guide to Our Past, Present and Future",Vaclav Smil,3.96,14,"1,359"
2345,Goose Island,Lucinda   Davis,4.48,14,"1,358"
2346,"The House of the Scorpion (Matteo Alacran, #1)",Nancy Farmer,4.08,16,"1,355"
2347,The First 90 Days: Critical Success Strategies for New Leaders at All Levels,Michael D. Watkins,3.85,14,"1,355"
2348,Endless Night,Agatha Christie,3.81,19,"1,354"
2349,BEHIND CLOSED DOORS: A Daughter's Story,Daniella Dechristopher,4.02,14,"1,354"
2350,Pope Joan,Donna Woolfolk Cross,4.09,20,"1,353"
2351,"The Bourne Supremacy (Jason Bourne, #2)",Robert Ludlum,4.11,17,"1,353"
2352,"Kisscut (Grant County, #2)",Karin Slaughter,4.08,15,"1,353"
2353,Dark Eyes: White Lies (The Dark Eyes #2),M.R. Noble,4.29,15,"1,352"
2354,"Tree of Aeons (Tree of Aeons, #1)",spaizzzer,4.21,14,"1,352"
2355,Ragtime,E.L. Doctorow,3.89,24,"1,351"
2356,Cocaine Nights,J.G. Ballard,3.56,16,"1,351"
2357,"The Thief (The Emperor, the Son and the Thief, #3)",Robert         Reid,4.34,17,"1,350"
2358,The Body Code: Unlocking Your Body's Ability to Heal Itself,Bradley  Nelson,4.06,14,"1,349"
2359,Bill of Human Wrongs,C. Michaels,4.31,14,"1,348"
2360,The Scare,Robert   Shaw,3.86,14,"1,347"
2361,The Lost City of Z: A Tale of Deadly Obsession in the Amazon,David Grann,3.90,16,"1,347"
2362,Interpreter of Maladies,Jhumpa Lahiri,4.18,23,"1,347"
2363,"Heart of Night and Fire (The Nightfire Quartet, #1)",Nisha J. Tuli,3.88,14,"1,347"
2364,Killing Lincoln: The Shocking Assassination that Changed America Forever,Bill O'Reilly,4.05,16,"1,346"
2365,Hidden Figures,Margot Lee Shetterly,3.97,15,"1,344"
2366,The Thief Lord,Cornelia Funke,3.99,19,"1,343"
2367,"Immoral Origins (The Desire Card, #1)",Lee Matthew Goldberg,4.27,15,"1,342"
2368,The Kitchen God's Wife,Amy Tan,4.04,21,"1,341"
2369,The Righteous Mind: Why Good People Are Divided by Politics and Religion,Jonathan Haidt,4.20,15,"1,341"
2370,Think Like a Freak,Steven D. Levitt,3.86,15,"1,337"
2371,"Tomorrow, and Tomorrow, and Tomorrow",Gabrielle Zevin,4.13,14,"1,336"
2372,"Dark Passage (Dark Passage, #1)",M.L. Woolley,3.86,14,"1,335"
2373,"Little Brother (Little Brother, #1)",Cory Doctorow,3.93,19,"1,333"
2374,Swan Song,Robert McCammon,4.30,18,"1,332"
2375,The Sex Lives of Siamese Twins,Irvine Welsh,3.66,15,"1,331"
2376,Walking into Dreams,Steven Decker,4.29,16,"1,330"
2377,"SUGAR BEAR: Life Lessons, Leadership, and the Legacy of a High School Coach",Chris Heeb,4.24,14,"1,330"
2378,"Golden Son (Red Rising Saga, #2)",Pierce Brown,4.48,15,"1,328"
2379,Wives and Daughters,Elizabeth Gaskell,4.13,20,"1,327"
2380,Sleepers,Lorenzo Carcaterra,4.27,19,"1,326"
2381,Invisible Monsters Remix,Chuck Palahniuk,4.00,18,"1,326"
2382,"The Last Lumenian (The Last Lumenian, #1)",S.G. Blaise,4.24,15,"1,326"
2383,The Intelligent Investor,Benjamin Graham,4.24,15,"1,325"
2384,The End of Everything,Megan Abbott,3.35,16,"1,325"
2385,The Sluts,Dennis Cooper,3.78,15,"1,325"
2386,"The Cuckoo's Calling (Cormoran Strike, #1)",Robert Galbraith,3.89,20,"1,324"
2387,Wild at Heart: Discovering the Secret of a Man's Soul,John Eldredge,3.94,17,"1,323"
2388,"Psycho (Psycho, #1)",Robert Bloch,4.13,15,"1,322"
2389,Firestarter,Stephen        King,3.92,20,"1,320"
2390,"Midnight Sacrifice (Midnight, #2)",Melinda Leigh,4.24,14,"1,320"
2391,The Last Lecture,Randy Pausch,4.26,15,"1,319"
2392,Can't Hurt Me: Master Your Mind and Defy the Odds,David Goggins,4.30,16,"1,316"
2393,Defending Jacob,William Landay,4.00,19,"1,314"
2394,Women & Power: A Manifesto,Mary Beard,4.02,15,"1,314"
2395,Puck's Legacy,Katie Hall-May,4.37,15,"1,314"
2396,"In the Woods (Dublin Murder Squad, #1)",Tana French,3.79,18,"1,313"
2397,Fever 1793,Laurie Halse Anderson,3.93,19,"1,312"
2398,Sadako and the Thousand Paper Cranes,Eleanor Coerr,4.13,23,"1,312"
2399,"The Spirit Catches You and You Fall Down: A Hmong Child, Her American Doctors, and the Collision of Two Cultures",Anne Fadiman,4.20,16,"1,312"
2400,Phenomena: The Lost and Forgotten Children,Susan Tarr,4.13,14,"1,311"
2401,"The Thursday Murder Club (Thursday Murder Club, #1)",Richard Osman,3.87,16,"1,311"
2402,Shifting Moon,Hope Worthington,4.36,16,"1,311"
2403,An American Tragedy,Theodore Dreiser,3.97,22,"1,310"
2404,"The Kind Worth Killing (Henry Kimball/Lily Kintner, #1)",Peter  Swanson,3.98,17,"1,310"
2405,Just Out Of Reach,R. Gerry Fabian,4.40,15,"1,308"
2406,Where Men Win Glory: The Odyssey of Pat Tillman,Jon Krakauer,4.09,14,"1,305"
2407,The Casual Vacancy,J.K. Rowling,3.31,19,"1,304"
2408,In Farleigh Field,Rhys Bowen,4.01,14,"1,304"
2409,"Grave Mercy (His Fair Assassin, #1)",Robin LaFevers,3.89,16,"1,302"
2410,"Unsouled (Cradle, #1)",Will Wight,4.15,14,"1,302"
2411,How To NOT Be An Idiot When You Get Divorced,Jaeson D. Rau,4.18,14,"1,302"
2412,"Scarlet (The Lunar Chronicles, #2)",Marissa Meyer,4.24,17,"1,300"
2413,Equating the Equations of Insanity: A Journey from Grief to Victory,Durgesh Satpathy,3.83,13,"1,300"
2414,"The Rising (Blue River Chronicles, #1)",C.M. Meridian,3.90,13,"1,299"
2415,Curse of The Salute,Anastacia Moore,3.54,13,"1,297"
2416,Tooth for Tooth (Talion #2),J.K. Franko,4.31,14,"1,297"
2417,If We Were Villains,M.L. Rio,4.12,15,"1,297"
2418,How We Decide,Jonah Lehrer,3.84,15,"1,296"
2419,Coin Locker Babies,Ryū Murakami,3.79,15,"1,296"
2420,"Violets Are Blue (Alex Cross, #7)",James  Patterson,4.01,16,"1,296"
2421,Better Than Before: Mastering the Habits of Our Everyday Lives,Gretchen Rubin,3.82,17,"1,296"
2422,The Arbitrator,Max Nowaz,4.25,15,"1,296"
2423,Immortal,Sue Lynn Tan,3.89,14,"1,295"
2424,"I, the Sun",Janet E. Morris,4.20,14,"1,294"
2425,Killing Floor (Jack Reacher #1),Lee Child,4.08,16,"1,294"
2426,Dead Men's Trousers,Irvine Welsh,4.18,15,"1,294"
2427,Flash Boys: A Wall Street Revolt,Michael   Lewis,4.14,15,"1,293"
2428,Assassination Vacation,Sarah Vowell,3.93,15,"1,292"
2429,"Awakening (The Keeper, #1)",O.L. Ramos,3.82,13,"1,290"
2430,Rising Strong: The Reckoning. The Rumble. The Revolution,Brené Brown,4.25,15,"1,290"
2431,I'll Give You the Sun,Jandy Nelson,4.15,17,"1,289"
2432,A Gentleman in Moscow,Amor Towles,4.32,19,"1,289"
2433,Very Good Lives: The Fringe Benefits of Failure and the Importance of Imagination,J.K. Rowling,4.09,15,"1,288"
2434,"Father and I Were Ranchers (Little Britches, #1)",Ralph Moody,4.27,17,"1,287"
2435,"Revenge (The Keeper, #2)",O.L. Ramos,4.31,13,"1,287"
2436,A Raisin in the Sun,Lorraine Hansberry,3.85,17,"1,286"
2437,"The Bourne Ultimatum (Jason Bourne, #3)",Robert Ludlum,4.07,20,"1,283"
2438,Dead Babies,Martin Amis,3.38,15,"1,283"
2439,The Library Book,Susan Orlean,3.89,16,"1,282"
2440,"The Disaster Artist: My Life Inside The Room, the Greatest Bad Movie Ever Made",Greg Sestero,4.28,14,"1,281"
2441,The Lost City: An Epic YA Fantasy Novel (The Tixie Chronicles Book 4),Jack  Borden,4.38,15,"1,281"
2442,"The Elite (The Selection, #2)",Kiera Cass,3.94,18,"1,280"
2443,The Psychopath Test: A Journey Through the Madness Industry,Jon Ronson,3.95,16,"1,279"
2444,"The Butterfly Garden  (The Collector, #1)",Dot Hutchison,4.09,17,"1,279"
2445,The Bachman Books,Richard  Bachman,4.15,17,"1,279"
2446,"Old Man's War (Old Man's War, #1)",John Scalzi,4.23,17,"1,278"
2447,The Marriage Act,John Marrs,3.80,14,"1,278"
2448,Facing the Mountain: A True Story of Japanese American Heroes in World War II,Daniel James Brown,4.49,13,"1,278"
2449,The Perfect Storm: A True Story of Men Against the Sea,Sebastian Junger,4.11,15,"1,276"
2450,Bird by Bird,Anne Lamott,4.24,17,"1,276"
2451,"An Army at Dawn: The War in North Africa, 1942-1943 (World War II Liberation Trilogy, #1)",Rick Atkinson,4.29,13,"1,276"
2452,"One for the Money (Stephanie Plum, #1)",Janet Evanovich,4.05,18,"1,275"
2453,"Winter (The Lunar Chronicles, #4)",Marissa Meyer,4.42,16,"1,275"
2454,"A Merciful Truth (Mercy Kilpatrick, #2)",Kendra Elliot,4.28,14,"1,274"
2455,"Thud! (Discworld, #34; City Watch, #7)",Terry Pratchett,4.35,21,"1,273"
2456,"The Silver Chair (Chronicles of Narnia, #4)",C.S. Lewis,3.96,23,"1,273"
2457,The Testament,John Grisham,3.91,15,"1,273"
2458,The Beagle and the Hare,Kevin Moccia,4.40,14,"1,273"
2459,The Coldest Winter: America and the Korean War,David Halberstam,4.22,13,"1,273"
2460,The Mountain Is You: Transforming Self-Sabotage Into Self-Mastery,Brianna Wiest,4.07,13,"1,273"
2461,Drink Deep from the Well of Good Intentions (The Return To Charleston Book 1),Donald Montano,4.44,15,"1,273"
2462,The Time Keeper,Mitch Albom,3.89,15,"1,272"
2463,So You Want to Talk About Race,Ijeoma Oluo,4.49,15,"1,272"
2464,Projector for Sale,Steven Decker,4.22,15,"1,272"
2465,The Saints of Swallow Hill,Donna Everhart,4.12,13,"1,272"
2466,My Unbeating Heart,Eli Wilde,4.31,15,"1,272"
2467,I Guess I Haven't Learned That Yet: Discovering New Ways of Living When the Old Ways Stop Working,Shauna Niequist,4.00,13,"1,271"
2468,Dark Matter,Blake Crouch,4.14,16,"1,270"
2469,The Paris Affair,Melanie Hudson,4.43,13,"1,270"
2470,Breaking Free,Rachel Jeffs,4.10,13,"1,269"
2471,A Shepherd Looks at Psalm 23,W. Phillip Keller,4.50,13,"1,267"
2472,Unwifeable: A Memoir,Mandy Stadtmiller,3.58,13,"1,266"
2473,Modern Romance,Aziz Ansari,3.80,14,"1,265"
2474,What the Dog Saw and Other Adventures,Malcolm Gladwell,3.85,17,"1,265"
2475,"A Shadow Bright and Burning (Kingdom on Fire, #1)",Jessica Cluess,3.73,13,"1,265"
2476,Dark Money: The Hidden History of the Billionaires Behind the Rise of the Radical Right,Jane Mayer,4.31,16,"1,263"
2477,Women Who Run With the Wolves,Clarissa Pinkola Estés,4.12,15,"1,262"
2478,The Swiss Family Robinson,Johann David Wyss,3.91,27,"1,262"
2479,Hunger Makes Me a Modern Girl,Carrie Brownstein,3.83,14,"1,262"
2480,Slouching Towards Bethlehem,Joan Didion,4.19,15,"1,261"
2481,Skipping Christmas,John Grisham,3.57,19,"1,261"
2482,"Postmortem (Kay Scarpetta, #1)",Patricia Daniels Cornwell,4.03,14,"1,261"
2483,The Good Girl,Mary Kubica,3.81,16,"1,261"
2484,Big Sur,Jack Kerouac,3.84,15,"1,261"
2485,The Pale-Faced Lie,David   Crow,4.28,13,"1,261"
2486,The Running Man,Richard  Bachman,3.90,19,"1,260"
2487,"Finding Chika: A Little Girl, an Earthquake, and the Making of a Family",Mitch Albom,4.46,13,"1,260"
2488,The Good Doctor,Jessica  Payne,4.04,13,"1,260"
2489,The Death of Bunny Munro,Nick Cave,3.44,15,"1,259"
2490,"In a Dark, Dark Wood",Ruth Ware,3.72,16,"1,259"
2491,"The Girl with All the Gifts (The Girl With All the Gifts, #1)",M.R. Carey,3.95,15,"1,258"
2492,Hunger: A Memoir of (My) Body,Roxane Gay,4.17,15,"1,258"
2493,The Stone Diaries,Carol Shields,3.89,19,"1,256"
2494,Kicker,R. Grey Hoover,4.22,13,"1,256"
2495,"The Magic Misfits (The Magic Misfits, #1)",Neil Patrick Harris,3.99,13,"1,255"
2496,You Are the Placebo: Making Your Mind Matter,Joe Dispenza,4.26,13,"1,253"
2497,The Shadow Sect (Netherdei #1),Peter Hackshaw,4.13,13,"1,253"
2498,The Beach,Alex Garland,3.98,17,"1,252"
2499,The Largesse of the Sea Maiden,Denis Johnson,3.94,15,"1,252"
2500,Heal Your Body: The Mental Causes for Physical Illness and the Metaphysical Way to Overcome Them,Louise L. Hay,4.33,13,"1,252"
2501,Ben-Hur: A Tale of the Christ,Lew Wallace,4.03,19,"1,250"
2502,Kon-Tiki,Thor Heyerdahl,4.16,19,"1,249"
2503,What Dreams May Come,Richard Matheson,3.96,18,"1,248"
2504,Invisible,Paul Auster,3.74,14,"1,248"
2505,The Dharma Bums,Jack Kerouac,3.93,16,"1,248"
2506,Chasing Headlines (Chasing Victory #1),J. Rose Black,4.35,14,"1,248"
2507,"The Eight (The Eight, #1)",Katherine Neville,3.93,17,"1,247"
2508,Room,Emma Donoghue,4.08,16,"1,247"
2509,The Bone People,Keri Hulme,4.04,16,"1,245"
2510,"61 Hours (Jack Reacher, #14)",Lee Child,4.13,14,"1,245"
2511,Alexander Hamilton,Ron Chernow,4.22,16,"1,243"
2512,The Boy Who Was Raised as a Dog: And Other Stories from a Child Psychiatrist's Notebook,Bruce D. Perry,4.59,13,"1,243"
2513,Drive: The Surprising Truth About What Motivates Us,Daniel H. Pink,3.95,14,"1,242"
2514,Timeline,Michael Crichton,3.87,15,"1,242"
2515,But What If We're Wrong? Thinking About the Present As If It Were the Past,Chuck Klosterman,3.66,14,"1,242"
2516,"The Reptile Room (A Series of Unfortunate Events, #2)",Lemony Snicket,4.02,14,"1,241"
2517,Devourer of Men,Nikki St. Crowe,4.11,13,"1,241"
2518,The Accidental Tourist,Anne Tyler,3.90,21,"1,240"
2519,Holidays on Ice,David Sedaris,3.89,14,"1,240"
2520,"Crossed (Matched, #2)",Ally Condie,3.52,16,"1,238"
2521,Memoirs of Hadrian,Marguerite Yourcenar,4.22,16,"1,238"
2522,Shrill: Notes from a Loud Woman,Lindy West,4.17,15,"1,238"
2523,Drawpoint (Blake Brier #4),L.T. Ryan,4.48,13,"1,238"
2524,The Wasp Trap (The Charlotte's War Trilogy Book 3),Hugo Woolley,4.41,15,"1,238"
2525,"The Summoning (Darkest Powers, #1)",Kelley Armstrong,4.03,17,"1,237"
2526,"Jesus the Christ: A Study of the Messiah and His Mission According to Holy Scriptures, Both Ancient and Modern",James E. Talmage,4.62,15,"1,236"
2527,The Lusiads,Luís de Camões,3.99,16,"1,236"
2528,The Forty Rules of Love,Elif Shafak,4.12,14,"1,235"
2529,Battle Hymn of the Tiger Mother,Amy  Chua,3.66,14,"1,234"
2530,"All the Pretty Horses (The Border Trilogy, #1)",Cormac McCarthy,4.05,20,"1,233"
2531,Tales of the City (Tales of the City #1),Armistead Maupin,4.00,23,"1,233"
2532,Lisey's Story,Stephen        King,3.70,17,"1,233"
2533,The Incredible Journey,Sheila Burnford,4.16,18,"1,233"
2534,Filth,Irvine Welsh,3.82,14,"1,231"
2535,On Tyranny: Twenty Lessons from the Twentieth Century,Timothy Snyder,4.25,14,"1,231"
2536,America (The Book): A Citizen's Guide to Democracy Inaction,Jon   Stewart,4.01,14,"1,230"
2537,"Redwall (Redwall, #1)",Brian Jacques,4.14,19,"1,229"
2538,"You Can't Make This Up: Miracles, Memories, and the Perfect Marriage of Sports and Television",Al Michaels,3.95,13,"1,229"
2539,Balzac and the Little Chinese Seamstress,Dai Sijie,3.64,18,"1,225"
2540,"The Throne of Fire (The Kane Chronicles, #2)",Rick Riordan,4.19,20,"1,225"
2541,Let's Pretend This Never Happened: A Mostly True Memoir,Jenny  Lawson,3.90,15,"1,225"
2542,Neighborhood Lines,Michael Patrick Murphy,4.39,14,"1,223"
2543,"The Mysterious Benedict Society (The Mysterious Benedict Society, #1)",Trenton Lee Stewart,4.20,16,"1,222"
2544,"The Long Dark Tea-Time of the Soul (Dirk Gently, #2)",Douglas Adams,4.04,16,"1,220"
2545,"Shadow of Night (All Souls, #2)",Deborah Harkness,4.08,16,"1,220"
2546,"The Complete Anne of Green Gables (Anne of Green Gables, #1-8)",L.M. Montgomery,4.45,20,"1,219"
2547,The Birth of Venus,Sarah Dunant,3.81,17,"1,218"
2548,"The Mysterious Island (Captain Nemo, #3)",Jules Verne,4.13,15,"1,218"
2549,Browns Town 1964: The Cleveland Browns and the 1964 Championship,Terry Pluto,4.12,13,"1,218"
2550,Still Life with Woodpecker,Tom Robbins,4.04,21,"1,217"
2551,The Sixth Extinction: An Unnatural History,Elizabeth Kolbert,4.16,15,"1,217"
2552,"The Sword of Shannara (The Original Shannara Trilogy, #1)",Terry Brooks,3.77,17,"1,216"
2553,If Life Is a Bowl of Cherries What Am I Doing in the Pits?,Erma Bombeck,4.03,18,"1,216"
2554,The Informers,Bret Easton Ellis,3.40,14,"1,215"
2555,The Dragon Storm: Abracadabra,Anthony DiPaolo,4.36,14,"1,215"
2556,Go Tell It on the Mountain,James Baldwin,4.05,18,"1,214"
2557,The Complete Novels,Jane Austen,4.57,16,"1,214"
2558,"The Sound of Suffering (The Master of Perception, #2)",Darin C.  Brown,4.40,14,"1,213"
2559,The Electric Kool-Aid Acid Test,Tom Wolfe,3.92,15,"1,213"
2560,The Sword of Kaigen,M.L. Wang,4.47,13,"1,213"
2561,"Garden Spells (Waverley Family, #1)",Sarah Addison Allen,4.07,18,"1,212"
2562,"Say You're Sorry (Morgan Dane, #1)",Melinda Leigh,4.08,13,"1,212"
2563,Cold Comfort Farm,Stella Gibbons,3.88,20,"1,211"
2564,"Harry Potter and the Cursed Child: Parts One and Two (Harry Potter, #8)",J.K. Rowling,3.48,17,"1,211"
2565,Ghettoside: A True Story of Murder in America,Jill Leovy,4.07,14,"1,211"
2566,The Portrait of a Lady,Henry James,3.79,20,"1,209"
2567,10% Happier,Dan   Harris,3.91,16,"1,209"
2568,Desert Solitaire,Edward Abbey,4.18,17,"1,208"
2569,The Persecution of Mildred Dunlap,Paulette Mahurin,3.90,13,"1,208"
2570,"Tatiana and Alexander (The Bronze Horseman, #2)",Paullina Simons,4.28,16,"1,208"
2571,Are We Smart Enough to Know How Smart Animals Are?,Frans de Waal,3.97,15,"1,204"
2572,What We Talk About When We Talk About Love,Raymond Carver,4.02,18,"1,203"
2573,"The Little Sister (Philip Marlowe, #5)",Raymond Chandler,3.98,13,"1,203"
2574,Uncanny Alliance (Jack Ludefance PI Series),Behcet Kaya,4.38,14,"1,203"
2575,"The DUFF: Designated Ugly Fat Friend (Hamilton High, #1)",Kody Keplinger,3.79,18,"1,202"
2576,Audition,Ryū Murakami,3.50,14,"1,202"
2577,A Street Cat Named Bob: How One Man and His Cat Found Hope on the Streets,James Bowen,3.99,14,"1,201"
2578,Awoken,Timothy   Miller,4.22,12,"1,200"
2579,Letters From Your Soul,Victor Noble,4.33,12,"1,200"
2580,Man-Made,Parsa Shekari,5.00,12,"1,200"
2581,Piercing,Ryū Murakami,3.69,14,"1,199"
2582,The Forgotten Lock,Damien Wolfe,4.91,12,"1,199"
2583,"The Lost World (Jurassic Park, #2)",Michael Crichton,3.87,15,"1,197"
2584,The Lover,Marguerite Duras,3.72,16,"1,196"
2585,"Daughter of the Forest  (Sevenwaters, #1)",Juliet Marillier,4.29,16,"1,195"
2586,"Rabbit, Run (Rabbit Angstrom, #1)",John Updike,3.59,16,"1,195"
2587,"The Memoirs of Sherlock Holmes (Sherlock Holmes, #4)",Arthur Conan Doyle,4.30,15,"1,195"
2588,"The Well of Ascension (Mistborn, #2)",Brandon Sanderson,4.39,14,"1,195"
2589,Horns,Joe Hill,3.93,14,"1,194"
2590,Homegoing,Yaa Gyasi,4.47,15,"1,194"
2591,A Mother's Reckoning: Living in the Aftermath of Tragedy,Sue Klebold,4.14,14,"1,194"
2592,"Peyton Place (Peyton Place, #1)",Grace Metalious,3.81,17,"1,192"
2593,The Fever,Megan Abbott,3.10,14,"1,192"
2594,Understanding Power: The Indispensable Chomsky,Noam Chomsky,4.41,19,"1,191"
2595,"Gone (Gone, #1)",Michael  Grant,3.87,15,"1,191"
2596,"One Summer: America, 1927",Bill Bryson,4.10,15,"1,191"
2597,"Kiss the Girls (Alex Cross, #2)",James  Patterson,4.00,20,"1,189"
2598,Moonwalking with Einstein: The Art and Science of Remembering Everything,Joshua Foer,3.88,15,"1,189"
2599,Intensity,Dean Koontz,4.04,18,"1,188"
2600,The Looming Tower: Al-Qaeda and the Road to 9/11,Lawrence Wright,4.36,13,"1,188"
2601,Man-Made,Parsa Shekari,5.00,12,"1,188"
2602,The Twilight Saga,Stephenie Meyer,3.93,22,"1,186"
2603,Almost Transparent Blue,Ryū Murakami,3.29,15,"1,185"
2604,Big Little Lies,Liane Moriarty,4.31,17,"1,185"
2605,"The Redbreast (Harry Hole, #3)",Jo Nesbø,3.94,16,"1,185"
2606,Save Yourself,Kelly Braffet,3.48,14,"1,185"
2607,Arcadia,Tom Stoppard,4.13,16,"1,184"
2608,"Career of Evil (Cormoran Strike, #3)",Robert Galbraith,4.22,16,"1,183"
2609,The Cement Garden,Ian McEwan,3.54,14,"1,182"
2610,Angels,Denis Johnson,3.98,14,"1,182"
2611,The Runaway Jury,John Grisham,4.03,15,"1,181"
2612,The Chronicle of Sapta Sindhu,Aporva Kala,3.54,12,"1,181"
2613,Eugene Onegin,Alexander Pushkin,4.10,17,"1,179"
2614,"Hometown Girl at Heart (Hometown, #1)",Kirsten Fullmer,4.30,13,"1,178"
2615,The Covert Passive Aggressive Narcissist: Recognizing the Traits and Finding Healing After Hidden Emotional and Psychological Abuse (The Narcissism Series Book 1),Debbie Mirza,4.29,12,"1,177"
2616,The Spitfire Girls,Soraya M. Lane,4.34,12,"1,177"
2617,"The Magicians (The Magicians, #1)",Lev Grossman,3.53,18,"1,176"
2618,Pro Truth: A Practical Plan for Putting Truth Back Into Politics,Gleb Tsipursky,4.38,12,"1,176"
2619,Long Way Home (Jack McNeal #2),J.B. Turner,4.24,12,"1,176"
2620,Storm Surge: Book Two of the Stormsong Trilogy,Stephen A. Reger,4.38,13,"1,176"
2621,"The Witches: Salem, 1692",Stacy Schiff,3.25,14,"1,174"
2622,First They Killed My Father: A Daughter of Cambodia Remembers,Loung Ung,4.35,15,"1,173"
2623,The Book of Lost Names,Kristin Harmel,4.43,13,"1,172"
2624,Switch: How to Change Things When Change Is Hard,Chip Heath,4.03,14,"1,170"
2625,Love is the Answer God is the Cure,Aimee Cabo Nikolov,4.30,13,"1,168"
2626,"Crime (Ray Lennox, #1)",Irvine Welsh,3.65,14,"1,168"
2627,Catch Me If You Can: The True Story of a Real Fake,Frank W. Abagnale,4.04,16,"1,166"
2628,Missoula: Rape and the Justice System in a College Town,Jon Krakauer,4.11,15,"1,166"
2629,H is for Hawk,Helen Macdonald,3.74,14,"1,166"
2630,"Love Medicine (Love Medicine, #1)",Louise Erdrich,4.01,18,"1,165"
2631,Sons and Lovers,D.H. Lawrence,3.64,19,"1,164"
2632,"Ninth House (Alex Stern, #1)",Leigh Bardugo,4.01,14,"1,163"
2633,Smilla's Sense of Snow,Peter Høeg,3.73,16,"1,162"
2634,"Summer of My German Soldier (Summer of My German Soldier, #1)",Bette Greene,3.70,21,"1,161"
2635,"If Tomorrow Comes (Tracy Whitney, #1)",Sidney Sheldon,4.07,15,"1,161"
2636,Mornings in Jenin,Susan Abulhawa,4.50,12,"1,161"
2637,"Children of Blood and Bone (Legacy of Orïsha, #1)",Tomi Adeyemi,4.11,15,"1,161"
2638,Above the Bay of Angels,Rhys Bowen,4.20,12,"1,161"
2639,Hoodwinked: Uncovering Our Fundamental Superstitions,Larry  Gottlieb,4.31,12,"1,160"
2640,"Absalom, Absalom!",William Faulkner,3.98,19,"1,159"
2641,The Crimson Petal and the White,Michel Faber,3.89,18,"1,158"
2642,"Julie and Julia: 365 Days, 524 Recipes, 1 Tiny Apartment Kitchen",Julie Powell,3.71,16,"1,158"
2643,"When the Wind Blows (When the Wind Blows, #1)",James  Patterson,3.94,12,"1,158"
2644,"Africa's Child (Dancing Soul Trilogy, #1)",Maria Nhambu,4.30,13,"1,157"
2645,A Connecticut Yankee in King Arthur's Court,Mark Twain,3.77,19,"1,156"
2646,12 Rules for Life: An Antidote to Chaos,Jordan B. Peterson,3.92,14,"1,156"
2647,"Night Watch (Watch, #1)",Sergei Lukyanenko,3.97,16,"1,155"
2648,How to Be a Woman,Caitlin Moran,3.72,13,"1,154"
2649,Girl Wash your Face,Rachel Hollis,3.58,13,"1,154"
2650,Two Treatises of Government,John Locke,3.87,22,"1,153"
2651,Genghis Khan and the Making of the Modern World,Jack Weatherford,4.06,15,"1,153"
2652,milk and honey,Rupi Kaur,3.97,16,"1,151"
2653,"Behind the Beautiful Forevers: Life, Death, and Hope in a Mumbai Undercity",Katherine Boo,3.98,13,"1,150"
2654,The Wave,Todd Strasser,3.61,14,"1,150"
2655,"The Hidden Life of Trees: What They Feel, How They Communicate: Discoveries from a Secret World",Peter Wohlleben,4.07,13,"1,150"
2656,The Yankee Way: The Untold Inside Story of the Brian Cashman Era,Andy Martino,4.35,12,"1,150"
2657,Mister Pip,Lloyd Jones,3.68,17,"1,149"
2658,"Hopeless (Hopeless, #1)",Colleen Hoover,4.23,14,"1,149"
2659,"Still Life (Chief Inspector Armand Gamache, #1)",Louise Penny,3.90,16,"1,149"
2660,Orientalism,Edward W. Said,4.13,15,"1,149"
2661,Sadie,Courtney Summers,4.04,14,"1,149"
2662,Talking as Fast as I Can: From Gilmore Girls to Gilmore Girls,Lauren Graham,3.94,13,"1,149"
2663,"Guilty Pleasures (Anita Blake, Vampire Hunter, #1)",Laurell K. Hamilton,4.02,20,"1,148"
2664,Villette,Charlotte Brontë,3.78,16,"1,148"
2665,The Irish Boarding House (The Irish Boarding House #1),Sandy Taylor,4.14,12,"1,148"
2666,"The Iron King (The Iron Fey, #1)",Julie Kagawa,3.88,15,"1,147"
2667,Mother Night,Kurt Vonnegut Jr.,4.23,18,"1,146"
2668,Stumbling on Happiness,Daniel Todd Gilbert,3.82,14,"1,145"
2669,Pedro Páramo,Juan Rulfo,4.06,16,"1,145"
2670,The One,John Marrs,4.11,12,"1,145"
2671,Confessions,Augustine of Hippo,3.98,15,"1,144"
2672,"The Changeling (Weald Fae Journals, #2)",Christopher  Shields,4.15,12,"1,143"
2673,The Argonauts,Maggie Nelson,4.02,13,"1,142"
2674,"Maybe You Should Talk to Someone: A Therapist, Her Therapist, and Our Lives Revealed",Lori Gottlieb,4.37,15,"1,141"
2675,Shakespeare: The World as Stage,Bill Bryson,3.82,14,"1,141"
2676,"The Nine Tailors (Lord Peter Wimsey, #11)",Dorothy L. Sayers,4.03,17,"1,140"
2677,"The Long Goodbye (Philip Marlowe, #6)",Raymond Chandler,4.19,16,"1,139"
2678,Business Model Generation,Alexander Osterwalder,4.21,12,"1,139"
2679,The Book of Disquiet,Fernando Pessoa,4.40,13,"1,138"
2680,Don't Look Back,Jennifer L. Armentrout,4.09,13,"1,138"
2681,The League: How Five Rivals Created the NFL and Launched a Sports Empire,John Eisenberg,4.15,12,"1,137"
2682,"The Two Princesses of Bamarre (The Two Princesses of Bamarre, #1)",Gail Carson Levine,4.06,17,"1,136"
2683,"A Higher Loyalty: Truth, Lies, and Leadership",James Comey,4.10,13,"1,136"
2684,"The Threat Below (Brathius History, #1)",Jason Latshaw,4.11,13,"1,136"
2685,As You Wish: Inconceivable Tales from the Making of The Princess Bride,Cary Elwes,4.18,13,"1,134"
2686,Upgrade,Blake Crouch,3.81,12,"1,134"
2687,"A Study in Charlotte (Charlotte Holmes, #1)",Brittany Cavallaro,3.75,14,"1,133"
2688,"Penis Politics: A Memoir of Women, Men and Power",Karen  Hinton,4.27,12,"1,133"
2689,Lost and Found,Dawn Chalker,4.41,12,"1,133"
2690,Ghost Doors,Frank  Lambert,4.30,13,"1,132"
2691,The Nicomachean Ethics,Aristotle,4.00,20,"1,131"
2692,"March: Book One (March, #1)",John             Lewis,4.35,14,"1,131"
2693,Garlic and Sapphires: The Secret Life of a Critic in Disguise,Ruth Reichl,3.94,14,"1,130"
2694,Bad Feminist,Roxane Gay,3.92,13,"1,130"
2695,The Last Folk Hero: The Life and Myth of Bo Jackson,Jeff Pearlman,4.19,12,"1,130"
2696,Congo,Michael Crichton,3.63,14,"1,129"
2697,Talking to GOATs: The Moments You Remember and the Stories You Never Heard,Jim       Gray,3.92,12,"1,129"
2698,The Woman Warrior: Memoirs of a Girlhood Among Ghosts,Maxine Hong Kingston,3.73,17,"1,128"
2699,Witchcraft for Wayward Girls,Grady Hendrix,4.03,12,"1,128"
2700,The Score Takes Care of Itself: My Philosophy of Leadership,Bill   Walsh,4.22,12,"1,128"
2701,"The Death Cure (The Maze Runner, #3)",James Dashner,3.78,14,"1,127"
2702,Belichick: The Making of the Greatest Football Coach of All Time,Ian O'Connor,4.09,12,"1,127"
2703,The Truth About Aaron: My Journey to Understand My Brother,Jonathan Hernández,3.98,12,"1,127"
2704,Housekeeping,Marilynne Robinson,3.81,16,"1,126"
2705,"I Hunt Killers (I Hunt Killers, #1)",Barry Lyga,4.01,13,"1,126"
2706,Alias Grace,Margaret Atwood,4.04,14,"1,126"
2707,Water Moon,Samantha Sotto Yambao,3.82,12,"1,126"
2708,Inspired by The Holy Ghost,Aimee Cabo Nikolov,4.29,12,"1,125"
2709,"The Hundred-Year-Old Man Who Climbed Out of the Window and Disappeared (The Hundred-Year-Old Man, #1)",Jonas Jonasson,3.82,15,"1,124"
2710,"The Wedding (The Notebook, #2)",Nicholas Sparks,4.00,16,"1,123"
2711,Verity,Colleen Hoover,4.30,15,"1,123"
2712,Sex at Dawn: The Prehistoric Origins of Modern Sexuality,Christopher  Ryan,3.98,13,"1,122"
2713,One Lost Soul (Hidden Norfolk #1),J.M. Dalgliesh,4.08,12,"1,122"
2714,Murder At The Fort: A Double Homicide Cold Case And Cover Up!,Bob Marmion,4.38,12,"1,121"
2715,Vietnam: A History,Stanley Karnow,4.13,12,"1,119"
2716,The Boys in the Boat: Nine Americans and Their Epic Quest for Gold at the 1936 Berlin Olympics,Daniel James Brown,4.39,13,"1,118"
2717,L'Ultima Primavera. Il riflesso segreto dei ricordi: Romanzo,Giulietta Esthel,4.76,12,"1,117"
2718,A Promised Land,Barack Obama,4.32,12,"1,115"
2719,"Hex Hall (Hex Hall, #1)",Rachel Hawkins,3.92,16,"1,114"
2720,Disgrace,J.M. Coetzee,3.85,17,"1,113"
2721,"Ask the Dust (The Saga of Arturo Bandini, #3)",John Fante,4.10,15,"1,112"
2722,"Brooklyn (Eilis Lacey, #1)",Colm Tóibín,3.74,14,"1,111"
2723,Lost Connections: Uncovering the Real Causes of Depression - and the Unexpected Solutions,Johann Hari,4.26,13,"1,111"
2724,The Age of Reason,Thomas Paine,4.12,18,"1,110"
2725,So You've Been Publicly Shamed,Jon Ronson,3.93,12,"1,108"
2726,Frankie the Ferret,Kimberley   Paterson,4.35,12,"1,108"
2727,"Bless Me, Ultima",Rudolfo Anaya,3.82,14,"1,107"
2728,"A Song of Ice and Fire (A Song of Ice and Fire, #1-4)",George R.R. Martin,4.63,17,"1,107"
2729,"Love is the Answer, God is the Cure: A True Story of Abuse, Betrayal and Unconditional Love",Aimee Cabo Nikolov,4.30,12,"1,104"
2730,Prey,Michael Crichton,3.79,13,"1,103"
2731,"Cress (The Lunar Chronicles, #3)",Marissa Meyer,4.40,14,"1,102"
2732,Salt to the Sea,Ruta Sepetys,4.35,14,"1,102"
2733,Push,Sapphire,3.87,13,"1,101"
2734,"Dead Until Dark (Sookie Stackhouse, #1)",Charlaine Harris,3.97,15,"1,101"
2735,"The Midwife: A Memoir of Birth, Joy, and Hard Times",Jennifer Worth,4.19,14,"1,100"
2736,"We Got Zombies on the Lawn Again, Ma (Ax Handel's Special Zombie Notebooks, #1)",Donnie  Smith,3.58,11,"1,100"
2737,The Sorrows of Young Mike,John Zelazny,3.59,11,"1,100"
2738,"The Angel Experiment (Maximum Ride, #1)",James  Patterson,4.07,16,"1,100"
2739,"C is for Corpse  (Kinsey Millhone, #3)",Sue Grafton,3.93,14,"1,100"
2740,"Everything, Everything",Nicola Yoon,3.97,14,"1,099"
2741,The Invisible Game: Mindset of a Winning Team,Zoltan Andrejkovics,4.34,11,"1,098"
2742,"Shanghai Girls (Shanghai Girls, #1)",Lisa See,3.92,15,"1,097"
2743,"The Girl in the Spider's Web (Millennium, #4)",David Lagercrantz,3.80,14,"1,097"
2744,Goblinheart,Brett Axel,4.38,11,"1,096"
2745,Purple Hibiscus,Chimamanda Ngozi Adichie,4.18,12,"1,096"
2746,"Corruption (Grumpy Old Wizards, #2)",John O'Riley,3.87,11,"1,096"
2747,Fantastic Beasts and Where to Find Them,Newt Scamander,3.95,15,"1,096"
2748,The Legendary Wolf,Ammar Habib,4.28,11,"1,096"
2749,The Power of a Praying Wife,Stormie Omartian,4.34,13,"1,094"
2750,"A Murder Is Announced (Miss Marple, #4)",Agatha Christie,4.01,15,"1,093"
2751,"Fugly (Fugly, #1)",Mimi Jean Pamfiloff,3.91,11,"1,092"
2752,The Onion Field,Joseph Wambaugh,4.11,16,"1,089"
2753,The Pact,Jodi Picoult,4.03,14,"1,089"
2754,"Rubinrot (Edelstein-Trilogie, #1)",Kerstin Gier,4.13,14,"1,089"
2755,Journey to the End of the Night,Louis-Ferdinand Céline,4.19,13,"1,089"
2756,How Green Was My Valley,Richard Llewellyn,4.20,15,"1,088"
2757,4 3 2 1,Paul Auster,3.97,13,"1,088"
2758,Dad Is Fat,Jim Gaffigan,3.78,13,"1,088"
2759,The Sunne in Splendour,Sharon Kay Penman,4.40,15,"1,087"
2760,Una historia de ayer,Sergio Cobo,4.54,11,"1,087"
2761,Adapt and Plan for the New Abnormal of the COVID-19 Coronavirus Pandemic: Adapt and Plan for the New Abnormal of the COVID-19 Coronavirus Pandemic,Gleb Tsipursky,4.49,11,"1,086"
2762,The Drama of the Gifted Child: The Search for the True Self,Alice   Miller,4.05,13,"1,085"
2763,Cloudstreet,Tim Winton,4.01,15,"1,085"
2764,"Shatter Me (Shatter Me, #1)",Tahereh Mafi,3.84,13,"1,084"
2765,Under the Tuscan Sun: At Home in Italy,Frances Mayes,3.77,12,"1,083"
2766,The Last Ark: Lost Secrets of Qumran (SNO Chronicles),Guy Morris,4.42,12,"1,082"
2767,Riding the Devil (Harry Bauer #15),Blake Banner,4.52,11,"1,081"
2768,Orphan Train,Christina Baker Kline,4.20,15,"1,080"
2769,"The Ruins of Gorlan (Ranger's Apprentice, #1)",John Flanagan,4.25,14,"1,080"
2770,"Percy Jackson and the Olympians (Percy Jackson and the Olympians, #1-3)",Rick Riordan,4.54,13,"1,079"
2771,"Gone, Baby, Gone (Kenzie & Gennaro, #4)",Dennis Lehane,4.16,15,"1,078"
2772,Conduit (Emily Monroe #1),Angie Martin,3.98,11,"1,078"
2773,Anansi Boys,Neil Gaiman,4.04,19,"1,076"
2774,"Specials (Uglies, #3)",Scott Westerfeld,3.75,15,"1,076"
2775,Woman of Light,Kali Fajardo-Anstine,3.64,11,"1,076"
2776,The American Girl (Maureen Ritter #1),Eoin Dempsey,4.50,11,"1,076"
2777,Wake Up With Purpose!: What I’ve Learned in My First Hundred Years,Jean Dolores Schmidt,4.17,11,"1,076"
2778,The Bloody Chamber and Other Stories,Angela Carter,3.91,16,"1,075"
2779,"Game Change: Obama and the Clintons, McCain and Palin, and the Race of a Lifetime",John Heilemann,4.13,11,"1,074"
2780,Narcopolis,Jeet Thayil,3.44,12,"1,073"
2781,"Burner (Gray Man, #12)",Mark Greaney,4.57,11,"1,073"
2782,Obama: From Promise to Power,David Mendell,4.17,11,"1,072"
2783,Odin (Alex Mason #1),David Archer,4.17,11,"1,071"
2784,"1st to Die (Women's Murder Club, #1)",James  Patterson,4.10,12,"1,070"
2785,Good Strategy Bad Strategy: The Difference and Why It Matters,Richard P. Rumelt,4.13,11,"1,070"
2786,"Chance (Constance, #2)",Matthew FitzSimmons,4.10,11,"1,070"
2787,Dispatches,Michael Herr,4.22,11,"1,070"
2788,"Little Town on the Prairie  (Little House, #7)",Laura Ingalls Wilder,4.20,21,"1,069"
2789,Man and His Symbols,C.G. Jung,4.19,17,"1,069"
2790,Becoming Mrs. Lewis,Patti Callahan Henry,4.05,11,"1,069"
2791,System Change (System Universe #1),SunriseCV,4.40,11,"1,069"
2792,Too Close For Comfort: The Sgt. Windflower Mystery Series Book 15,Mike  Martin,4.50,12,"1,069"
2793,"A History of God: The 4000-Year Quest of Judaism, Christianity and Islam",Karen Armstrong,3.89,15,"1,068"
2794,Prozac Nation,Elizabeth Wurtzel,3.63,13,"1,068"
2795,"Close to Home (Tracy Crosswhite, #5)",Robert Dugoni,4.31,12,"1,068"
2796,The Deepest Well: Healing the Long-Term Effects of Childhood Adversity,Nadine Burke Harris,4.43,11,"1,068"
2797,Moon Palace,Paul Auster,3.98,14,"1,067"
2798,"The Physician (Cole Family Trilogy, #1)",Noah Gordon,4.41,13,"1,067"
2799,Plato: Complete Works,Plato,4.37,21,"1,066"
2800,"Tomorrow, When the War Began (Tomorrow, #1)",John Marsden,4.04,14,"1,065"
2801,One by One,Ruth Ware,3.73,14,"1,064"
2802,"These Broken Stars (Starbound, #1)",Amie Kaufman,3.89,12,"1,063"
2803,The Year of Living Biblically: One Man's Humble Quest to Follow the Bible as Literally as Possible,A.J. Jacobs,3.76,12,"1,062"
2804,The Island of Dr. Moreau,H.G. Wells,3.73,14,"1,062"
2805,Secrets of a Prayer Warrior,Derek Prince,4.55,11,"1,062"
2806,A Son of the Circus,John Irving,3.66,14,"1,061"
2807,"The 5th Wave (The 5th Wave, #1)",Rick Yancey,4.00,14,"1,061"
2808,"Steelheart (The Reckoners, #1)",Brandon Sanderson,4.14,15,"1,061"
2809,"Queen of Shadows (Throne of Glass, #4)",Sarah J. Maas,4.62,13,"1,059"
2810,The Sleepwalkers: How Europe Went to War in 1914,Christopher   Clark,4.22,11,"1,059"
2811,The Power and the Glory,Graham Greene,3.98,17,"1,058"
2812,O Pioneers!,Willa Cather,3.90,17,"1,055"
2813,A Long Way Down,Nick Hornby,3.44,14,"1,055"
2814,The Gene: An Intimate History,Siddhartha Mukherjee,4.36,12,"1,055"
2815,"Bitterblue (Graceling Realm, #3)",Kristin Cashore,4.00,16,"1,054"
2816,Burial Rites,Hannah Kent,4.03,13,"1,054"
2817,The Bridges of Madison County,Robert James Waller,3.71,17,"1,053"
2818,"Past, Present, and Promises",Patricia H. Graham,4.02,11,"1,053"
2819,Space Trilogy: Out of the Silent Planet / Perelandra / That Hideous Strength,C.S. Lewis,4.18,17,"1,053"
2820,"Father Forgive Us, for We Know Not What We Do",Helmut Glavar,4.08,11,"1,053"
2821,"The House in the Cerulean Sea (Cerulean Chronicles, #1)",T.J. Klune,4.38,13,"1,053"
2822,The Happiness Hypothesis: Finding Modern Truth in Ancient Wisdom,Jonathan Haidt,4.09,12,"1,052"
2823,"Beastly (Beastly, #1)",Alex Flinn,3.82,15,"1,051"
2824,"Heartsick (Archie Sheridan & Gretchen Lowell, #1)",Chelsea Cain,3.93,12,"1,050"
2825,Master of the Game,Sidney Sheldon,4.15,13,"1,049"
2826,Live Digital or Be Irrelevant: My Firsthand Narrative of Transformation to Becoming a Digital Citizen Ready for a Dynamic Future,A.K. Smith-Ford,4.34,12,"1,049"
2827,The Guernsey Literary and Potato Peel Pie Society,Mary Ann Shaffer,4.19,14,"1,047"
2828,The Clockmaker's Daughter,Kate Morton,3.75,11,"1,047"
2829,"The Ice Princess (Fjällbacka, #1)",Camilla Läckberg,3.76,14,"1,046"
2830,The Most Popular President Who Ever Lived [So Far],Nancy Omeara,4.32,11,"1,046"
2831,Grunt: The Curious Science of Humans at War,Mary Roach,3.93,12,"1,045"
2832,Joey and His Friend Water,Ellen J. Lewinberg,4.37,12,"1,045"
2833,Winter of the World (The Century Trilogy #2),Ken Follett,4.38,13,"1,044"
2834,"The Midnight Line (Jack Reacher, #22)",Lee Child,4.10,11,"1,044"
2835,From Here to Eternity: Traveling the World to Find the Good Death,Caitlin Doughty,4.30,12,"1,044"
2836,The Naked and the Dead,Norman Mailer,3.95,17,"1,043"
2837,The Bedroom Secrets of the Master Chefs,Irvine Welsh,3.54,12,"1,043"
2838,These Three Words,Jess van der Hoech,4.37,11,"1,043"
2839,Strengths Finder 2.0,Tom Rath,3.93,12,"1,043"
2840,"Delusions of Gender: How Our Minds, Society, and Neurosexism Create Difference",Cordelia Fine,4.08,12,"1,042"
2841,Ferdydurke,Witold Gombrowicz,3.77,14,"1,040"
2842,Fear: Trump in the White House,Bob Woodward,3.87,13,"1,040"
2843,The Undoing Project: A Friendship That Changed Our Minds,Michael   Lewis,3.99,13,"1,040"
2844,Orchard of Skeletons,Eli Wilde,4.25,11,"1,040"
2845,The Last Time I Lied,Riley Sager,4.02,13,"1,039"
2846,Furiously Happy: A Funny Book About Horrible Things,Jenny  Lawson,3.90,13,"1,038"
2847,"The City of Dreaming Books (Zamonia, #4)",Walter Moers,4.39,12,"1,037"
2848,"The Oldest Dance (Wisdom Revolution, #2)",Misba,4.71,11,"1,036"
2849,The Secret Keeper,Kate Morton,4.16,13,"1,035"
2850,"A Merciful Death (Mercy Kilpatrick, #1)",Kendra Elliot,4.19,11,"1,035"
2851,The Poisoner's Handbook: Murder and the Birth of Forensic Medicine in Jazz Age New York,Deborah Blum,4.01,12,"1,035"
2852,"The Poet (Jack McEvoy, #1; Harry Bosch Universe, #5)",Michael    Connelly,4.23,13,"1,034"
2853,I Contain Multitudes: The Microbes Within Us and a Grander View of Life,Ed Yong,4.18,12,"1,034"
2854,We Were Eight Years in Power: An American Tragedy,Ta-Nehisi Coates,4.38,12,"1,033"
2855,Notes from a Small Island,Bill Bryson,3.92,12,"1,032"
2856,"Reaper Man (Discworld, #11; Death, #2)",Terry Pratchett,4.28,14,"1,032"
2857,Earth Abides,George R. Stewart,3.95,15,"1,031"
2858,"Silence (Hush, Hush, #3)",Becca Fitzpatrick,4.07,13,"1,031"
2859,The Castle,Franz Kafka,3.92,16,"1,031"
2860,Factfulness: Ten Reasons We're Wrong About the World – and Why Things Are Better Than You Think,Hans Rosling,4.36,12,"1,031"
2861,Fertile Ground for Murder,Stella Sinclaire,4.45,12,"1,031"
2862,The Zombie Survival Guide: Complete Protection from the Living Dead,Max Brooks,3.86,14,"1,030"
2863,"In the Garden of Beasts: Love, Terror, and an American Family in Hitler's Berlin",Erik Larson,3.89,13,"1,029"
2864,The Obstacle Is the Way: The Timeless Art of Turning Trials into Triumph,Ryan Holiday,4.15,12,"1,029"
2865,The Wisdom of Insecurity: A Message for an Age of Anxiety,Alan W. Watts,4.15,14,"1,028"
2866,"His Majesty's Dragon (Temeraire, #1)",Naomi Novik,4.06,14,"1,028"
2867,"Death du Jour (Temperance Brennan, #2)",Kathy Reichs,3.96,15,"1,027"
2868,Through My Eyes,Tim Tebow,3.94,11,"1,027"
2869,Sold,Patricia McCormick,4.23,12,"1,026"
2870,The City & the City,China Miéville,3.90,12,"1,026"
2871,"The Immortals of Meluha (Shiva Trilogy, #1)",Amish Tripathi,4.13,11,"1,026"
2872,"Anathema (The Eating Woods, #1)",Keri Lake,4.23,11,"1,026"
2873,Capital in the Twenty First Century,Thomas Piketty,4.06,12,"1,025"
2874,At the Bottom of the Garden,Camilla  Bruce,3.52,11,"1,025"
2875,"A Good Girl's Guide to Murder (A Good Girl's Guide to Murder, #1)",Holly  Jackson,4.30,12,"1,024"
2876,Sacrifices For Kingdoms,Patricia D'Arcy Laughlin,4.31,11,"1,024"
2877,Blood Over Bright Haven,M.L. Wang,4.41,11,"1,024"
2878,When You Are Engulfed in Flames,David Sedaris,4.08,12,"1,023"
2879,Why We Never Repeat Jokes?,Ramzy Sweis,4.23,11,"1,023"
2880,Stage Fright,Diane L. Kowalyshyn,4.45,11,"1,023"
2881,Raintree County,Ross Lockridge Jr.,3.98,12,"1,022"
2882,You're Never Weird on the Internet,Felicia Day,4.07,12,"1,022"
2883,"2nd Chance (Women's Murder Club, #2)",James  Patterson,4.08,13,"1,022"
2884,A Good Man Is Hard to Find and Other Stories,Flannery O'Connor,4.17,18,"1,021"
2885,"Lady of Darkness (Lady of Darkness, #1)",Melissa K. Roehrich,4.13,11,"1,021"
2886,The Grand Sophy,Georgette Heyer,4.17,15,"1,019"
2887,Jesus’ Son,Denis Johnson,4.13,13,"1,019"
2888,"The Sanatorium (Detective Elin Warner, #1)",Sarah  Pearse,3.36,13,"1,019"
2889,A Language of Dragons,S.F. Williamson,3.85,11,"1,019"
2890,Kingdom of Fallen Ash (The Order #1),Katerina St. Clair,4.13,11,"1,018"
2891,"Skulduggery Pleasant (Skulduggery Pleasant, #1)",Derek Landy,4.18,12,"1,017"
2892,"The Sandman, Vol. 1: Preludes & Nocturnes",Neil Gaiman,4.25,13,"1,017"
2893,Small Great Things,Jodi Picoult,4.36,13,"1,017"
2894,Demons,Fyodor Dostoevsky,4.30,12,"1,016"
2895,Leap of Faith (The Rufino Factor Book One),Joshua Rem,4.19,11,"1,016"
2896,Out of Africa,Isak Dinesen,3.91,14,"1,015"
2897,I Am Not Jessica Chen,Ann Liang,4.08,11,"1,015"
2898,The In-Between Bookstore,Edward  Underhill,3.54,11,"1,015"
2899,"Xenocide (Ender's Saga, #3)",Orson Scott Card,3.82,12,"1,014"
2900,Consider the Lobster and Other Essays,David Foster Wallace,4.18,13,"1,014"
2901,False Step,Victoria Helen Stone,3.62,11,"1,013"
2902,The Last Sunset,March Lions,4.34,11,"1,013"
2903,A Gracious Enemy & After the War Volume One,Michael G. Kramer,4.28,11,"1,012"
2904,"Bud, Not Buddy",Christopher Paul Curtis,3.97,16,"1,011"
2905,Red Russia,Tanya Thompson,4.06,11,"1,011"
2906,American Sniper: The Autobiography of the Most Lethal Sniper in U.S. Military History,Chris Kyle,4.03,13,"1,010"
2907,"The End of Faith: Religion, Terror, and the Future of Reason",Sam Harris,3.90,12,"1,008"
2908,The Forgotten Garden,Kate Morton,4.15,16,"1,008"
2909,"Missing Wings (Aranysargas, #1)",Andrea Luhman,4.29,11,"1,007"
2910,"Going Clear: Scientology, Hollywood, and the Prison of Belief",Lawrence Wright,4.04,11,"1,007"
2911,"Out of Bounds (Inspector Karen Pirie, #4)",Val McDermid,4.18,11,"1,007"
2912,The River of Doubt: Theodore Roosevelt's Darkest Journey,Candice Millard,4.20,11,"1,005"
2913,"Asterix the Gaul (Asterix, #1)",René Goscinny,4.19,18,"1,005"
2914,The Turn of the Key,Ruth Ware,3.91,13,"1,004"
2915,"Dealing with Dragons (Enchanted Forest Chronicles, #1)",Patricia C. Wrede,4.16,15,"1,003"
2916,Not My Father's Son,Alan Cumming,4.05,12,"1,003"
2917,From Time to Time,Daniel Mangena,4.45,11,"1,003"
2918,Bratva Connection: Maxim,Becky Wilde,4.41,11,"1,003"
2919,Along for the Ride,Sarah Dessen,4.03,13,"1,001"
2920,Bel-Ami,Guy de Maupassant,3.86,15,"1,000"
2921,"Awaken Your Alpha: 31 actions to step up, master your identity & lead a life with impact",Adam Lewis Walker,4.54,10,"1,000"
2922,Civilization and Its Discontents,Sigmund Freud,3.80,14,999
2923,It's the Stars Will Be Our Lamps,Alan Walsh,4.00,10,998
2924,"The Circle (The Circle, #1)",Dave Eggers,3.43,13,998
2925,The Power of Positive Thinking,Norman Vincent Peale,4.12,13,998
2926,The Legend of Dell Briggers,Joe Hilley,4.44,10,998
2927,"A Game of Love and Betrayal (The Choosing Chronicles, #1)",Elayna R. Gallea,3.76,11,997
2928,"The Mote in God's Eye (Moties, #1)",Larry Niven,4.07,12,996
2929,"Out of My Mind (Out of My Mind, #1)",Sharon M. Draper,4.35,12,996
2930,Into the Water,Paula Hawkins,3.59,13,996
2931,Food Rules: An Eater's Manual,Michael Pollan,3.99,12,996
2932,The Dragon Storm - Gates,Anthony DiPaolo,4.38,11,996
2933,Crucial Conversations: Tools for Talking When Stakes are High,Kerry Patterson,4.07,12,995
2934,"Living Dead in Dallas (Sookie Stackhouse, #2)",Charlaine Harris,3.96,12,995
2935,A Hero of Our Time,Mikhail Lermontov,4.11,13,995
2936,"Bird Box (Bird Box, #1)",Josh Malerman,4.05,13,995
2937,Big Money: A Global Financial Thriller (Financial Conspiracy Series Book 1),James  Hudson,3.99,10,995
2938,"Truly, Devious (Truly Devious, #1)",Maureen Johnson,3.90,12,994
2939,A Gathering of Twine,Martin Adil-Smith,4.26,10,993
2940,Grim Fairy Tales,Adam Nicke,4.55,10,993
2941,The Female Eunuch,Germaine Greer,3.69,15,992
2942,Uprooted,Naomi Novik,4.03,11,992
2943,A Monster Calls,Patrick Ness,4.35,11,992
2944,The Searcher,Tana French,3.80,13,991
2945,Hairspray and Lighter,J. Jupes,4.49,11,990
2946,Positive Thoughts Positive Outcomes: Master the Fourteen Principles to Transform Your Life,Shane Senior,4.04,10,990
2947,Just Listen,Sarah Dessen,4.06,12,989
2948,Blood and Guts in High School,Kathy Acker,3.46,12,989
2949,SPQR: A History of Ancient Rome,Mary Beard,4.06,11,989
2950,Algorithms to Live By: The Computer Science of Human Decisions,Brian  Christian,4.13,11,988
2951,Seven Brief Lessons on Physics,Carlo Rovelli,3.99,12,988
2952,Voices from Chernobyl: The Oral History of a Nuclear Disaster,Svetlana Alexievich,4.40,12,987
2953,The Underground Railroad,Colson Whitehead,4.06,14,987
2954,"Relic (Pendergast, #1)",Douglas Preston,4.05,13,987
2955,Night Angels,Weina Dai Randel,4.22,10,987
2956,Buddenbrooks: The Decline of a Family,Thomas Mann,4.19,14,986
2957,"Annabel Horton, Lost Witch of Salem",Olivia Hardy Ray,4.27,11,986
2958,Notorious RBG: The Life and Times of Ruth Bader Ginsburg,Irin Carmon,4.18,12,986
2959,"Strong Poison (Lord Peter Wimsey, #6)",Dorothy L. Sayers,4.14,14,985
2960,The Information,Martin Amis,3.61,12,985
2961,Stavros,Juddy Anderson C. Punzalan,4.42,10,985
2962,Fables of the Reconstruction,Jez Jones,4.21,10,984
2963,The Thin Man,Dashiell Hammett,3.90,13,983
2964,"Warm Bodies (Warm Bodies, #1)",Isaac Marion,3.91,14,983
2965,Tribe: On Homecoming and Belonging,Sebastian Junger,4.02,12,983
2966,Becoming Free Indeed: My Story of Disentangling Faith from Fear,Jinger Duggar Vuolo,3.61,10,983
2967,"The Last Coyote (Harry Bosch, #4)",Michael    Connelly,4.26,12,982
2968,Fall on Your Knees,Ann-Marie MacDonald,3.97,15,979
2969,"Wool Omnibus (Silo, #1)",Hugh Howey,4.20,14,979
2970,Tiny Beautiful Things: Advice on Love and Life from Dear Sugar,Cheryl Strayed,4.16,13,979
2971,"The Snowman (Harry Hole, #7)",Jo Nesbø,4.02,12,979
2972,Spilled Milk,K.L. Randis,4.43,10,979
2973,"Undone (Will Trent, #3)",Karin Slaughter,4.23,11,978
2974,Five Days at Memorial: Life and Death in a Storm-Ravaged Hospital,Sheri Fink,3.93,12,978
2975,Murder O'Clock (Inspector Bee Thrillers Book 2),Phil      Hall,4.42,12,977
2976,"The Emotion Code: How to Release Your Trapped Emotions for Abundant Health, Love, and Happiness",Bradley  Nelson,3.96,10,977
2977,The Rime of the Ancient Mariner,Samuel Taylor Coleridge,3.96,19,976
2978,All the Single Ladies,Rebecca Traister,4.00,11,976
2979,"The Waste Lands (The Dark Tower, #3)",Stephen        King,4.25,13,974
2980,When Nietzsche Wept,Irvin D. Yalom,4.36,12,974
2981,Leading Hybrid and Remote Teams: A Manual on Benchmarking to Best Practices for Competitive Advantage,Gleb Tsipursky,4.40,10,974
2982,Bottled Lightning,L.M. Weeks,4.07,11,974
2983,"Jesus Listens: Daily Devotional Prayers of Peace, Joy, and Hope (A 365-Day Prayer Book)",Sarah  Young,4.64,10,974
2984,"Diet for a New America: How Your Food Choices Affect Your Health, Happiness and the Future of Life on Earth",John   Robbins,4.19,11,973
2985,"Mad Love (DCYE, #3)",Lynessa Layne,4.37,10,973
2986,"Rendezvous with Rama (Rama, #1)",Arthur C. Clarke,4.12,16,971
2987,"Case Histories (Jackson Brodie, #1)",Kate Atkinson,3.80,13,971
2988,Les Liaisons dangereuses,Pierre Choderlos de Laclos,4.05,13,970
2989,Sphere,Michael Crichton,3.83,13,970
2990,"I Am Nujood, Age 10 and Divorced",Nujood Ali,3.83,15,969
2991,Holy Bible: The New King James Version,Anonymous,4.41,19,969
2992,Androne (Androne #1),Dwain Worrell,3.91,10,969
2993,"Torment (Fallen, #2)",Lauren Kate,3.84,16,968
2994,"Parable of the Sower (Earthseed, #1)",Octavia E. Butler,4.21,14,968
2995,Have a Little Faith: a True Story,Mitch Albom,4.20,13,968
2996,Saving Noah,Lucinda Berry,3.92,10,968
2997,Pedagogy of the Oppressed,Paulo Freire,4.30,19,967
2998,"Hillbilly Tales from the Smoky Mountains - And Other Homespun Remedies, Proverbs, and Poetry",Patricia H. Graham,3.82,10,966
2999,A Great Sage and A Rascal Named Doku,Vivek Rajan Vivek,4.14,10,966
3000,Slaves of New York,Tama Janowitz,3.52,11,966
3001,"Far from the Tree: Parents, Children, and the Search for Identity",Andrew Solomon,4.27,11,966
3002,Daughter of Fortune,Isabel Allende,3.94,15,965
3003,"Assassin's Apprentice (Farseer Trilogy, #1)",Robin Hobb,4.19,12,965
3004,An Invisible Client,Victor Methos,4.41,10,965
3005,"The Earthsea Trilogy (Earthsea Cycle, #1-3)",Ursula K. Le Guin,4.28,15,964
3006,"Bloodlines (Bloodlines, #1)",Richelle Mead,4.20,15,964
3007,"Gilead (Gilead, #1)",Marilynne Robinson,3.85,12,964
3008,Lab Girl,Hope Jahren,3.98,11,964
3009,"Lethal White (Cormoran Strike, #4)",Robert Galbraith,4.25,13,964
3010,"Anne of the Island (Anne of Green Gables, #3)",L.M. Montgomery,4.28,11,962
3011,Words are our Sorcery,Karl Wiggins,4.54,10,962
3012,"The Shelters of Stone (Earth's Children, #5)",Jean M. Auel,3.87,17,961
3013,The Leopard,Giuseppe Tomasi di Lampedusa,4.01,12,961
3014,"In the Clearing (Tracy Crosswhite, #3)",Robert Dugoni,4.28,11,961
3015,Call of the Kami,Teresa Garcia,4.21,10,960
3016,A Dad After God's Own Heart: Becoming the Father Your Kids Need,Jim George,4.14,10,960
3017,"Whose Body?  (Lord Peter Wimsey, #1)",Dorothy L. Sayers,3.83,11,960
3018,"The Oldest Dance (Wisdom Revolution, #2)",Misba,4.71,10,960
3019,"Pandemonium (Delirium, #2)",Lauren Oliver,4.03,12,959
3020,The Secret of the Nagas (Shiva Trilogy #2),Amish Tripathi,4.10,11,959
3021,"Amari and the Night Brothers (Supernatural Investigations, #1)",B.B. Alston,4.36,10,959
3022,"Into the Wild (Warriors, #1)",Erin Hunter,4.32,13,958
3023,"Destiny of the Republic: A Tale of Madness, Medicine and the Murder of a President",Candice Millard,4.22,12,958
3024,"The Naturals (The Naturals, #1)",Jennifer Lynn Barnes,4.21,12,958
3025,Mind Hunter: Inside the FBI's Elite Serial Crime Unit,John E. Douglas,4.09,11,958
3026,"I'd Tell You I Love You, But Then I'd Have to Kill You (Gallagher Girls, #1)",Ally Carter,3.84,12,957
3027,Growth of the Soil,Knut Hamsun,4.23,13,957
3028,The Ugly American,William J. Lederer,4.06,17,956
3029,"Tiger's Voyage (The Tiger Saga, #3)",Colleen Houck,4.27,12,956
3030,A Castle of Doomsday,Michael G. Kramer,4.27,11,954
3031,Cell,Stephen        King,3.66,15,953
3032,2666,Roberto Bolaño,4.21,11,953
3033,Gulp: Adventures on the Alimentary Canal,Mary Roach,3.93,11,953
3034,"The Miniaturist (The Miniaturist, #1)",Jessie Burton,3.62,11,952
3035,Success Through a Positive Mental Attitude,Napoleon Hill,4.28,12,952
3036,Carmilla,J. Sheridan Le Fanu,3.87,10,951
3037,Neil Patrick Harris: Choose Your Own Autobiography,Neil Patrick Harris,3.83,12,951
3038,"Mother of Death & Dawn (The War of Lost Hearts, #3)",Carissa Broadbent,4.37,10,951
3039,So Good They Can't Ignore You: Why Skills Trump Passion in the Quest for Work You Love,Cal Newport,4.08,11,950
3040,"Messenger (The Giver, #3)",Lois Lowry,3.92,11,949
3041,The Demon,Hubert Selby Jr.,3.90,11,949
3042,"Her Final Breath (Tracy Crosswhite, #2)",Robert Dugoni,4.32,10,947
3043,"Betrayal of Justice (Zachary Blake Betrayal, #2)",Mark M. Bello,4.24,11,947
3044,The Deathbed Confessions (Thomas Quinn Mysteries Book 1),Michael Deeze,4.43,11,947
3045,Giovanni’s Room,James Baldwin,4.34,11,946
3046,The Romanov Sisters: The Lost Lives of the Daughters of Nicholas and Alexandra,Helen Rappaport,3.88,12,946
3047,Karna's Wheel,Michael Tobert,4.27,11,946
3048,"The Book of Azrael (Gods and Monsters, #1)",Amber V. Nicole,4.13,10,946
3049,The Loop,Nicholas Evans,3.94,13,945
3050,Getting to Yes: Negotiating Agreement Without Giving In,Roger Fisher,3.94,12,944
3051,"Faceless Killers (Kurt Wallander, #1)",Henning Mankell,3.76,12,944
3052,The Man Without Qualities,Robert Musil,4.19,10,944
3053,In the Heart of the Sea: The Tragedy of the Whaleship Essex,Nathaniel Philbrick,4.16,11,944
3054,"Crooked Kingdom (Six of Crows, #2)",Leigh Bardugo,4.58,11,944
3055,The Forest: An idylic Australian setting harbouring a criminal secret,Miriam Verbeek,4.39,12,944
3056,Raincheck,Marlo Lanz,4.17,10,943
3057,"The Killer Collective (John Rain, #10; Ben Treven, #4; Livia Lone, #3)",Barry Eisler,4.03,10,943
3058,Packing for Mars: The Curious Science of Life in the Void,Mary Roach,3.95,12,943
3059,"Searching for Ganesha: Collecting Images of the Sweet-Loving, Elephant-Headed Hindu Deity Everybody Admires",Paul Spencer Sochaczewski,4.36,10,942
3060,"Love, Rosie",Cecelia Ahern,3.93,11,941
3061,"Betrayal In Blue (Zachary Blake Legal Thriller, #3)",Mark M. Bello,4.32,11,941
3062,Tell Me Your Dreams,Sidney Sheldon,3.99,14,940
3063,Cat on a Hot Tin Roof,Tennessee Williams,4.06,16,940
3064,أولاد حارتنا,Naguib Mahfouz,4.09,10,939
3065,"A Wild Sheep Chase (The Rat, #3)",Haruki Murakami,3.94,11,939
3066,"3rd Degree (Women's Murder Club, #3)",James  Patterson,4.07,12,939
3067,Mark of the Lion Trilogy,Francine  Rivers,4.78,11,938
3068,"Prodigy (Legend, #2)",Marie Lu,4.22,11,938
3069,"The Drawing of the Three (The Dark Tower, #2)",Stephen        King,4.24,13,937
3070,The Third Policeman,Flann O'Brien,3.97,12,937
3071,"Damned (Damned, #1)",Chuck Palahniuk,3.41,11,937
3072,Artemis,Andy Weir,3.69,11,937
3073,I'm Glad You're Dead: Preternatural Chronicles Book 1,Hunter Blain,4.19,10,937
3074,Stories of Your Life and Others,Ted Chiang,4.26,11,936
3075,"Firefly Lane (Firefly Lane, #1)",Kristin Hannah,4.19,12,935
3076,Ice in My Veins,Kelli Sullivan,3.85,10,935
3077,"Where She Went (If I Stay, #2)",Gayle Forman,3.97,15,935
3078,The Snow Goose,Paul Gallico,4.16,12,934
3079,"The Devotion of Suspect X (Detective Galileo, #1)",Keigo Higashino,4.17,12,934
3080,Hey Nostradamus!,Douglas Coupland,3.73,14,934
3081,Quidditch Through the Ages,Kennilworthy Whisp,3.80,12,934
3082,"Red Notice: A True Story of High Finance, Murder, and One Man's Fight for Justice",Bill Browder,4.44,11,934
3083,Speak,Laurie Halse Anderson,4.05,12,934
3084,"The Book of Lost Things (The Book of Lost Things, #1)",John Connolly,3.96,12,933
3085,Gandhi: An Autobiography,Mahatma Gandhi,4.10,13,931
3086,"Dead as a Doornail (Sookie Stackhouse, #5)",Charlaine Harris,4.01,11,931
3087,The Painted Veil,W. Somerset Maugham,3.97,14,930
3088,Know My Name,Chanel Miller,4.69,10,930
3089,"Proud Pada (The Last Lumenian, #3)",S.G. Blaise,4.35,10,930
3090,"Patriot Games (Jack Ryan, #1)",Tom Clancy,4.16,12,929
3091,"Goodbye, Things: The New Japanese Minimalism",Fumio Sasaki,3.80,12,929
3092,"The Hangman's Daughter (The Hangman's Daughter, #1)",Oliver Pötzsch,3.75,12,928
3093,The Truth Behind the Lies: One Man s Journey Through Wwiii,Jaeson D. Rau,4.16,10,928
3094,"Phantasma (Wicked Games, #1)",Kaylie Smith,4.09,10,928
3095,Go the Fuck to Sleep,Adam Mansbach,4.28,17,927
3096,"Rules of Prey (Lucas Davenport, #1)",John Sandford,4.11,12,927
3097,"The Wrath and the Dawn (The Wrath and the Dawn, #1)",Renée Ahdieh,4.05,11,927
3098,"The Strain (The Strain Trilogy, #1)",Guillermo del Toro,3.80,12,927
3099,"18 Minutes: Find Your Focus, Master Distraction, and Get the Right Things Done",Peter Bregman,3.81,10,927
3100,The Bookseller of Kabul,Åsne Seierstad,3.77,10,927
3101,Oscar et la dame rose,Éric-Emmanuel Schmitt,4.24,10,926
3102,"The Pilot's Wife (Fortune's Rocks Quartet, #3)",Anita Shreve,3.57,14,925
3103,Flipped,Wendelin Van Draanen,3.99,14,925
3104,"Murder at the Vicarage (Miss Marple, #1)",Agatha Christie,4.05,16,925
3105,"Midnight Exposure (Midnight, #1)",Melinda Leigh,4.12,10,925
3106,Project Hail Mary,Andy Weir,4.50,11,925
3107,The Influence of Military Strategies to Business: Skills to Help With Problem Solving and Decision Making,M.D. White,4.06,10,923
3108,"The Adventure of the Christmas Pudding (Hercule Poirot, #37)",Agatha Christie,3.77,11,923
3109,"Mayflower: A Story of Courage, Community, and War",Nathaniel Philbrick,3.88,11,922
3110,Lysistrata,Aristophanes,3.87,17,921
3111,A Gentleman in Moscow,Amor Towles,4.32,12,921
3112,The War of Art,Steven Pressfield,3.99,10,920
3113,"Fallen (Will Trent, #5)",Karin Slaughter,4.23,12,920
3114,Heart-Shaped Box,Joe Hill,3.84,13,919
3115,A Debt Free You,Steve Julien Linda Koperski Bernie Morris,4.59,10,919
3116,"A Gallery of Mothers (Brathius History, #2)",J.S. Latshaw,4.36,10,918
3117,The Mother Tongue: English and How It Got That Way,Bill Bryson,3.91,11,918
3118,The Egyptian,Mika Waltari,4.22,12,918
3119,Wintergirls,Laurie Halse Anderson,3.96,12,917
3120,Richard III,William Shakespeare,3.91,15,916
3121,"Monstrous Regiment (Discworld, #31; Industrial Revolution, #3)",Terry Pratchett,4.26,11,916
3122,Hamilton: The Revolution,Lin-Manuel Miranda,4.45,11,916
3123,"Deadly Decisions (Temperance Brennan, #3)",Kathy Reichs,3.94,13,916
3124,Beauty: A Retelling of the Story of Beauty and the Beast,Robin McKinley,4.05,15,914
3125,"Boundless (Unearthly, #3)",Cynthia Hand,4.12,10,914
3126,No Exit,Jean-Paul Sartre,4.12,12,914
3127,Love Auction II: Love Designs,Sharon Carter,4.40,11,914
3128,The Crow Road,Iain Banks,4.09,11,913
3129,"Maisie Dobbs (Maisie Dobbs, #1)",Jacqueline Winspear,3.93,12,913
3130,Thirteen for Dinner,Kathleen Lopez,4.29,10,913
3131,The Tell-Tale Heart,Edgar Allan Poe,4.24,17,912
3132,"Dancing with The Field: Bringing Joy, Passion and Play into Everyday Life",Kris Kelkar,4.39,10,912
3133,The Ways of Autumn,William Graney,4.43,10,912
3134,The Lords of Discipline,Pat Conroy,4.34,13,911
3135,Steel Dogs,Matthew Bracey,4.34,10,911
3136,"The Golden Lily (Bloodlines, #2)",Richelle Mead,4.31,12,910
3137,The Mysterious Mr. Quin,Agatha Christie,3.74,11,910
3138,Before I Die,Jenny Downham,3.81,11,909
3139,Three Comrades,Erich Maria Remarque,4.48,11,908
3140,The Spirit of Prayer: The Believer's Authority on the Earth (The Sons of God Book 2),Tolulope Oyewole,4.49,10,908
3141,The Luminaries,Eleanor Catton,3.75,10,907
3142,Death with Interruptions,José Saramago,4.00,11,907
3143,The Anatomy of Peace: Resolving the Heart of Conflict,Arbinger Institute,4.19,10,906
3144,The Life-Changing Magic of Not Giving a F*ck: How to Stop Spending Time You Don't Have with People You Don't Like Doing Things You Don't Want to Do (A No F*cks Given Guide),Sarah Knight,3.40,12,905
3145,"The Great Book of Amber (The Chronicles of Amber, #1-10)",Roger Zelazny,4.31,14,904
3146,A Northern Light,Jennifer Donnelly,3.83,12,904
3147,"Mr. Penumbra's 24-Hour Bookstore (Mr. Penumbra's 24-Hour Bookstore, #1)",Robin Sloan,3.72,12,904
3148,"A Court of Thorns and Roses (A Court of Thorns and Roses, #1)",Sarah J. Maas,4.17,10,904
3149,The Sisters Brothers,Patrick deWitt,3.85,11,903
3150,The Last Juror,John Grisham,3.95,10,903
3151,The I Ching or Book of Changes,Anonymous,4.19,17,902
3152,"Passion (Fallen, #3)",Lauren Kate,3.86,14,901
3153,Hogfather,Terry Pratchett,4.26,12,901
3154,"And Only to Deceive (Lady Emily, #1)",Tasha Alexander,3.76,12,900
3155,"Blackamoores: Africans in Tudor England, Their Presence, Status and Origins",Onyeka,4.36,9,900
3156,Trafficked to Hell: A trafficked daughter's plight. A mother's fight to find her.,R.J. Flo,4.40,9,900
3157,Lights on the Sea,Miquel Reina,3.95,9,900
3158,"Where'd You Go, Bernadette",Maria Semple,3.87,13,900
3159,The Three Privileges,A.V. Davina,4.43,9,900
3160,"Champion (Legend, #3)",Marie Lu,4.31,10,899
3161,"To Live and Die in Fantasyland (To Live, #3)",Ben Peller,4.36,9,898
3162,Hallucinations,Oliver Sacks,3.93,11,898
3163,Mao's Last Dancer,Li Cunxin,4.14,11,898
3164,Strangers and Sojourners: A Big Percy Pletcher thriller,Paul A. Barra,4.34,10,898
3165,Delta of Venus,Anaïs Nin,3.61,11,897
3166,"In the Blood (Terminal List, #5)",Jack Carr,4.50,9,896
3167,She Said!: The Book of Quotes,Chriselda Barretto,4.23,10,895
3168,Ella Minnow Pea: A Novel in Letters,Mark Dunn,3.94,11,894
3169,The Robber Bride,Margaret Atwood,3.83,11,894
3170,Temptation and Denial,Adam Nicke,4.63,9,894
3171,LOOP,William Kely McClung,4.27,10,894
3172,Generation X: Tales for an Accelerated Culture,Douglas Coupland,3.74,10,893
3173,"Magic Kingdom for Sale/Sold (Magic Kingdom of Landover, #1)",Terry Brooks,3.91,12,891
3174,"Trust: Betrayed (Trust Trilogy, #2)",Cristiane Serruya,4.02,9,891
3175,"Beartown (Beartown, #1)",Fredrik Backman,4.29,11,891
3176,"Glory in Death (In Death, #2)",J.D. Robb,4.27,12,891
3177,Dark Heirloom (Ema Marx #1),J.D.  Brown,3.94,9,889
3178,The Poky Little Puppy,Janette Sebring Lowrey,4.13,15,889
3179,"Rebirth (The Keeper, #3)",O.L. Ramos,4.50,9,889
3180,More Than This,Patrick Ness,3.94,10,889
3181,"The Brass Verdict (The Lincoln Lawyer, #2; Harry Bosch Universe, #19)",Michael    Connelly,4.22,12,889
3182,Marjorie Morningstar,Herman Wouk,3.98,12,888
3183,Big Fish,Daniel Wallace,3.68,16,888
3184,"Jingo (Discworld, #21; City Watch, #4)",Terry Pratchett,4.19,15,888
3185,The Daughter of Kurdland: A Life Dedicated to Humankind,Widad Akreyi,4.19,9,888
3186,"Ensnared (Brutes of Bristlebrook, #1)",Rebecca Quinn,4.18,9,888
3187,Sacrifices Beyond Kingdoms: A Provocative Romance Torn Between Continents and Cultures (The Sacrifices and Kingdoms Series Book 2),Patricia D'Arcy Laughlin,4.32,11,888
3188,The Bacchae,Euripides,3.93,13,887
3189,"The No. 1 Ladies' Detective Agency (No. 1 Ladies' Detective Agency, #1)",Alexander McCall Smith,3.81,15,887
3190,Setting the Family Free,Eric D. Goodman,4.27,9,887
3191,The Boy in the Cellar,Stephen Smith,4.41,9,886
3192,The Waves,Virginia Woolf,4.15,12,885
3193,We Disappear,Scott Heim,3.59,10,884
3194,The Book of Cold Cases,Simone St. James,3.78,12,884
3195,Phèdre,Jean Racine,3.69,14,883
3196,"Fifty Shades Freed (Fifty Shades, #3)",E.L. James,3.83,13,883
3197,A Vindication of the Rights of Woman,Mary Wollstonecraft,3.91,12,883
3198,The Monster at the End of this Book,Jon Stone,4.46,12,882
3199,Om Chanting and Meditation,Amit Ray,3.91,9,882
3200,Born Standing Up: A Comic's Life,Steve  Martin,3.88,10,882
3201,The Surgeon,Leslie Wolfe,3.87,9,881
3202,Our Matrix Decoded: How Our Reality is Rigged and How to Break Free,Ramzi Najjar,5.00,9,881
3203,"The Great Hunt (The Wheel of Time, #2)",Robert Jordan,4.27,14,880
3204,The Island,Victoria Hislop,4.11,11,880
3205,Think Again: The Power of Knowing What You Don't Know,Adam M. Grant,4.13,10,880
3206,The Big Dark Sky,Dean Koontz,4.03,9,880
3207,"The Amulet of Samarkand (Bartimaeus, #1)",Jonathan Stroud,4.04,12,879
3208,The Taking of Peggy Martin,Karen Glista,4.30,10,879
3209,Moon Tiger,Penelope Lively,3.91,10,879
3210,All the Ways We Said Goodbye,Beatriz Williams,4.03,9,879
3211,"Betrayal In Black (Zachary Blake Legal Thriller, #4)",Mark M. Bello,4.31,10,878
3212,Totto-chan: The Little Girl at the Window,Tetsuko Kuroyanagi,4.40,10,877
3213,At Home: A Short History of Private Life,Bill Bryson,3.99,10,877
3214,Arctic Storm Rising (Nick Flynn #1),Dale Brown,4.30,9,877
3215,American Born Chinese,Gene Luen Yang,3.89,12,876
3216,"Abraham Lincoln: Vampire Hunter (Abraham Lincoln: Vampire Hunter, #1)",Seth Grahame-Smith,3.71,11,876
3217,The Trumpet of the Swan,E.B. White,4.11,14,876
3218,"The Cheat Code (Wisdom Revolution, #3)",Misba,4.74,9,876
3219,Magical Elements of the Periodic Table Presented Alphabetically by the Elemental Dragons,Sybrina Durant,4.42,10,876
3220,The Essential Neruda: Selected Poems,Pablo Neruda,4.42,18,875
3221,The Fact of a Body: A Murder and a Memoir,Alexandria Marzano-Lesnevich,3.80,11,875
3222,We Were the Mulvaneys,Joyce Carol Oates,3.75,16,874
3223,"Crown of Midnight (Throne of Glass, #2)",Sarah J. Maas,4.36,13,874
3224,"Call Me By Your Name (Call Me By Your Name, #1)",André Aciman,4.10,10,874
3225,Sacajawea,Anna Lee Waldo,4.25,13,873
3226,The Pelican Brief,John Grisham,4.06,12,873
3227,"Gabriel's Inferno (Gabriel's Inferno, #1)",Sylvain Reynard,3.98,12,873
3228,The Speed of Life,James Victor Jordan,4.32,10,873
3229,"The Girl Who Takes an Eye for an Eye (Millennium, #5)",David Lagercrantz,3.80,11,873
3230,"My Brilliant Friend (Neapolitan Novels, #1)",Elena Ferrante,4.05,11,873
3231,The Girls of Atomic City: The Untold Story of the Women Who Helped Win World War II,Denise Kiernan,3.72,10,873
3232,"The 6th Target (Women's Murder Club, #6)",James  Patterson,4.06,10,872
3233,"The Devil Colony (Sigma Force, #7)",James Rollins,4.19,11,871
3234,Moneyball,Michael   Lewis,4.27,10,871
3235,How High We Go in the Dark,Sequoia Nagamatsu,3.82,9,871
3236,City of Thieves,David Benioff,4.29,11,870
3237,The Night Before,Wendy   Walker,3.67,10,870
3238,"The Cheat Code (Wisdom Revolution, #3)",Misba,4.74,9,870
3239,Written on the Body,Jeanette Winterson,4.08,11,869
3240,"Pray for Silence (Kate Burkholder, #2)",Linda  Castillo,4.00,11,869
3241,"One Good Dragon Deserves Another (Heartstrikers, #2)",Rachel Aaron,4.31,9,869
3242,Southern Mystical Moments,Patricia H. Graham,4.41,9,868
3243,Stone Butch Blues,Leslie Feinberg,4.53,10,868
3244,"Praying Like Monks, Living Like Fools: An Invitation to the Wonder and Mystery of Prayer",Tyler Staton,4.59,9,868
3245,"Missing Wings (Aranysargas, #1)",Andrea Luhman,4.29,10,866
3246,The Word for World Is Forest,Ursula K. Le Guin,4.06,11,864
3247,Quo Vadis,Henryk Sienkiewicz,4.01,12,864
3248,Come as You Are: The Surprising New Science that Will Transform Your Sex Life,Emily Nagoski,4.29,10,864
3249,"They Both Die at the End (Death-Cast, #1)",Adam Silvera,3.75,10,864
3250,The Road to Little Dribbling: Adventures of an American in Britain,Bill Bryson,3.72,11,864
3251,Griffin & Sabine (Griffin & Sabine #1),Nick Bantock,4.03,10,863
3252,"The Beekeeper's Apprentice (Mary Russell and Sherlock Holmes, #1)",Laurie R. King,4.05,11,863
3253,"The Eighth Sister (Charles Jenkins, #1)",Robert Dugoni,4.21,9,863
3254,Miracle Creek,Angie  Kim,3.87,10,863
3255,"Beautiful Chaos (Caster Chronicles, #3)",Kami Garcia,3.92,11,862
3256,The Cellist of Sarajevo,Steven Galloway,4.00,10,861
3257,L'Assommoir,Émile Zola,4.08,10,861
3258,No Logo,Naomi Klein,3.89,10,861
3259,The Power of Your Subconscious Mind,Joseph Murphy,4.07,10,861
3260,"A Merciful Secret (Mercy Kilpatrick, #3)",Kendra Elliot,4.37,9,861
3261,Pleasant Day,Vera Jane Cook,4.32,10,860
3262,"Now You See Me (Lacey Flint, #1)",Sharon J. Bolton,4.04,11,860
3263,Sultana's Dream,Rokeya Sakhawat Hossain,3.88,9,860
3264,The Chancellor: The Remarkable Odyssey of Angela Merkel,Kati Marton,4.32,9,860
3265,The Great and Secret Show (Book of the Art #1),Clive Barker,4.06,10,859
3266,"Regeneration (Regeneration, #1)",Pat Barker,4.02,14,859
3267,"Brain Rules: 12 Principles for Surviving and Thriving at Work, Home, and School (Book & DVD)",John Medina,4.01,10,859
3268,The Silent Wife,A.S.A. Harrison,3.29,10,858
3269,My Life,Bill Clinton,3.74,10,857
3270,"Stalingrad: The Fateful Siege, 1942–1943",Antony Beevor,4.32,12,857
3271,"Sworn to Silence (Kate Burkholder, #1)",Linda  Castillo,4.04,11,857
3272,"Alice's Adventures in Wonderland (Alice's Adventures in Wonderland, #1)",Lewis Carroll,3.99,11,857
3273,"Cocaine Blues (Phryne Fisher, #1)",Kerry Greenwood,3.84,11,857
3274,"Winesburg, Ohio",Sherwood Anderson,3.83,13,856
3275,"Magician (The Riftwar Saga, #1-2)",Raymond E. Feist,4.32,13,856
3276,"Swallows and Amazons (Swallows and Amazons, #1)",Arthur Ransome,4.01,12,856
3277,The Sociopath Next Door,Martha Stout,3.77,10,856
3278,Dr. Faustus,Christopher Marlowe,3.80,12,855
3279,"Simon vs. the Homo Sapiens Agenda (Simonverse, #1)",Becky Albertalli,4.14,11,855
3280,Honeysuckle and Bone,Trisha Tobias,3.53,9,855
3281,How the Irish Saved Civilization: The Untold Story of Ireland's Heroic Role from the Fall of Rome to the Rise of Medieval Europe,Thomas Cahill,3.81,9,853
3282,Extreme,Joan Gelfand,4.41,9,853
3283,Empty Mansions: The Mysterious Life of Huguette Clark and the Spending of a Great American Fortune,Bill Dedman,3.80,10,853
3284,Complications: A Surgeon's Notes on an Imperfect Science,Atul Gawande,4.28,12,852
3285,On the Shortness of Life: Life Is Long if You Know How to Use It,Seneca,4.17,10,852
3286,The Radium Girls: The Dark Story of America’s Shining Women,Kate  Moore,4.16,10,852
3287,"As Good As Dead (A Good Girl's Guide to Murder, #3)",Holly  Jackson,4.20,11,852
3288,The Invisible Life of Addie LaRue,Victoria E. Schwab,4.18,11,851
3289,The Mysterious Case of the Victorian Female Detective,Sara Lodge,3.72,9,850
3290,The Ascension of Mary,William  West,4.50,10,849
3291,King of the Wind: The Story of the Godolphin Arabian,Marguerite Henry,4.21,17,848
3292,The Sea of Tranquility,Katja Millay,4.29,11,848
3293,The Botany of Desire: A Plant's-Eye View of the World,Michael Pollan,4.06,10,847
3294,"Botanical Shakespeare: An Illustrated Compendium of All the Flowers, Fruits, Herbs, Trees, Seeds, and Grasses Cited by the World's Greatest Playwright",Gerit Quealy,4.19,9,847
3295,White Trash: The 400-Year Untold History of Class in America,Nancy Isenberg,3.76,10,847
3296,An Unwanted Guest,Shari Lapena,3.76,11,846
3297,Baise-Moi,Virginie Despentes,3.51,10,846
3298,Homicide: A Year on the Killing Streets,David Simon,4.36,11,845
3299,Never Cry Wolf: The Amazing True Story of Life Among Arctic Wolves,Farley Mowat,4.21,12,845
3300,Not That Bad: Dispatches from Rape Culture,Roxane Gay,4.43,11,845
3301,The Interpretation of Dreams,Sigmund Freud,3.84,11,844
3302,The Reason I Jump: the Inner Voice of a Thirteen-Year-Old Boy with Autism,Naoki Higashida,3.88,9,844
3303,A Supposedly Fun Thing I'll Never Do Again:  Essays and Arguments,David Foster Wallace,4.14,10,844
3304,"Rosemary’s Baby (Rosemary's Baby, #1)",Ira Levin,4.05,19,843
3305,"Thin Air (Jessica Shaw, #1)",Lisa    Gray,3.94,9,843
3306,The Traveler's Gift: Seven Decisions that Determine Personal Success,Andy Andrews,4.09,10,842
3307,"Ice Town (Tuva Moodyson Mystery, #6)",Will Dean,4.19,9,842
3308,"I Feel Bad About My Neck, And Other Thoughts on Being a Woman",Nora Ephron,3.74,9,841
3309,"The Inheritance Games (The Inheritance Games, #1)",Jennifer Lynn Barnes,4.14,10,840
3310,"When Will There Be Good News? (Jackson Brodie, #3)",Kate Atkinson,4.00,11,840
3311,Bullshit Jobs: A Theory,David Graeber,4.03,11,840
3312,Death of the Author,Nnedi Okorafor,4.08,9,840
3313,Fear and Loathing: On the Campaign Trail '72,Hunter S. Thompson,4.13,11,839
3314,The Happiness Project,Gretchen Rubin,3.65,12,839
3315,"The Maze of Bones  (The 39 Clues, #1)",Rick Riordan,3.87,11,839
3316,"Beautiful Darkness (Caster Chronicles, #2)",Kami Garcia,3.83,11,839
3317,I Miss The World,Violet LeVoit,3.77,11,839
3318,Notes on a Nervous Planet,Matt Haig,3.95,10,839
3319,Die Physiker,Friedrich Dürrenmatt,3.89,10,838
3320,"Foundation and Empire (Foundation, #2)",Isaac Asimov,4.22,12,837
3321,"The Cricket in Times Square (Chester Cricket and His Friends, #1)",George Selden,4.04,18,836
3322,"The Angel's Game (The Cemetery of Forgotten Books, #2)",Carlos Ruiz Zafón,4.01,10,836
3323,Range: Why Generalists Triumph in a Specialized World,David   Epstein,4.13,10,836
3324,"The Sword of Summer (Magnus Chase and the Gods of Asgard, #1)",Rick Riordan,4.23,10,835
3325,"The Return of Sherlock Holmes (Sherlock Holmes, #6)",Arthur Conan Doyle,4.27,11,834
3326,"The Golem and the Jinni (The Golem and the Jinni, #1)",Helene Wecker,4.13,11,832
3327,The Solitaire Mystery,Jostein Gaarder,4.18,10,831
3328,Tipping the Velvet,Sarah Waters,4.05,11,831
3329,Emotional Intelligence 2.0,Travis Bradberry,3.85,15,830
3330,The Untethered Soul: The Journey Beyond Yourself,Michael A. Singer,4.21,10,830
3331,"The Cruel Prince (The Folk of the Air, #1)",Holly Black,4.02,11,830
3332,"The Last Oracle (Sigma Force, #5)",James Rollins,4.17,9,829
3333,"Hyperbole and a Half: Unfortunate Situations, Flawed Coping Mechanisms, Mayhem, and Other Things That Happened",Allie Brosh,4.17,10,829
3334,A Is for Alibi (Kinsey Millhone #1),Sue Grafton,3.86,10,828
3335,"The Taste of Despair (The Master of Perceptions, #3)",Darin C.  Brown,4.30,9,828
3336,FDR Unmasked: 73 Years of Medical Cover-ups That Rewrote History,Steven Lomazow,4.33,9,827
3337,"Daddy-Long-Legs (Daddy-Long-Legs, #1)",Jean Webster,4.14,13,826
3338,Capital: A Critique of Political Economy Volume 1,Karl Marx,4.09,9,826
3339,Before We Were Yours,Lisa Wingate,4.40,13,826
3340,"4th of July (Women's Murder Club, #4)",James  Patterson,4.11,10,826
3341,The Kindly Ones,Jonathan Littell,4.02,10,824
3342,Prisoners of Geography: Ten Maps That Tell You Everything You Need to Know About Global Politics,Tim  Marshall,4.19,10,824
3343,Wings of Fire: An Autobiography,A.P.J. Abdul Kalam,4.29,9,823
3344,Praise of Folly,Erasmus,3.83,12,823
3345,Shake Hands with the Devil,Roméo Dallaire,4.24,12,822
3346,"The Hero of Ages (Mistborn, #3)",Brandon Sanderson,4.55,9,822
3347,"The Austere Academy (A Series of Unfortunate Events, #5)",Lemony Snicket,4.01,9,822
3348,A Life on Our Planet: My Witness Statement and a Vision for the Future,David Attenborough,4.50,10,822
3349,Forever...,Judy Blume,3.62,16,821
3350,The Creep,Chriselda Barretto,4.12,9,821
3351,Apathy and Other Small Victories,Paul Neilan,3.82,11,821
3352,The Soul of an Octopus: A Surprising Exploration into the Wonder of Consciousness,Sy Montgomery,3.94,10,821
3353,"The Crossing Places (Ruth Galloway, #1)",Elly Griffiths,3.93,9,821
3354,And Then I Heard The Quiet,Alyssa Hall,4.40,9,821
3355,"Dead to the World (Sookie Stackhouse, #4)",Charlaine Harris,4.12,11,820
3356,"The Touch: A Supernatural Story (The Touch, #1)",Robert Flynn III,3.63,9,820
3357,"The Diamond Age: Or, a Young Lady's Illustrated Primer",Neal Stephenson,4.16,10,819
3358,"Bonhoeffer: Pastor, Martyr, Prophet, Spy",Eric Metaxas,4.22,10,819
3359,"The Kiss of Deception (The Remnant Chronicles, #1)",Mary E. Pearson,3.92,10,819
3360,You Can Win : A Step by Step Tool for Top Achievers,Shiv Kehra,3.90,10,818
3361,"Bare Bones (Temperance Brennan, #6)",Kathy Reichs,3.97,13,817
3362,In His Steps,Charles Monroe Sheldon,4.17,11,817
3363,"One of Us Is Lying (One of Us is Lying, #1)",Karen M. McManus,3.92,10,817
3364,"The Last Widow (Will Trent, #9)",Karin Slaughter,4.12,10,817
3365,Fooled by Randomness: The Hidden Role of Chance in Life and in the Markets,Nassim Nicholas Taleb,4.08,10,817
3366,The Making of the Atomic Bomb,Richard Rhodes,4.40,13,816
3367,"The Trespasser (Dublin Murder Squad, #6)",Tana French,3.99,10,815
3368,Glucose Control Eating: Lose Weight Stay Slimmer Live Healthier Live Longer,Rick Mystrom,4.31,9,815
3369,Dreams & Dew: Poems & Prose,Chriselda Barretto,4.20,9,814
3370,White Light Red Fire,Robert         Reid,4.37,9,814
3371,Even Cowgirls Get the Blues,Tom Robbins,3.78,15,813
3372,This Is Your Brain on Music,Daniel J. Levitin,3.89,10,813
3373,Reasons to Stay Alive,Matt Haig,4.07,10,813
3374,The Truth About Forever,Sarah Dessen,4.12,11,812
3375,Slave: My True Story,Mende Nazer,4.28,9,812
3376,Change Your Thoughts - Change Your Life,Wayne W. Dyer,4.24,10,812
3377,"Persepolis 2: The Story of a Return (Persepolis, #2)",Marjane Satrapi,4.22,10,811
3378,"The Man Who Loved Books Too Much: The True Story of a Thief, a Detective, and a World of Literary Obsession",Allison Hoover Bartlett,3.44,9,811
3379,"The Ersatz Elevator (A Series of Unfortunate Events, #6)",Lemony Snicket,4.06,10,810
3380,If This Is a Man • The Truce,Primo Levi,4.55,10,809
3381,"The Keeper of Lost Causes (Department Q, #1)",Jussi Adler-Olsen,4.00,13,809
3382,Ghost Soldiers: The Epic Account of World War II's Greatest Rescue Mission,Hampton Sides,4.25,11,808
3383,"Pretties (Uglies, #2)",Scott Westerfeld,3.83,13,808
3384,"Dreams of Gods & Monsters (Daughter of Smoke & Bone, #3)",Laini Taylor,4.12,10,808
3385,"Visions (The Secret Watchers, #1)",Lauren Klever,4.44,9,807
3386,"Entrance (Thornhill Trilogy, #1)",J.J. Sorel,4.08,9,806
3387,"Lady Midnight (The Dark Artifices, #1)",Cassandra Clare,4.35,11,806
3388,"The High Auction (Wisdom Revolution, #1)",Misba,4.70,9,806
3389,Ice Hunt,James Rollins,4.06,10,805
3390,"The Fabric of the Cosmos: Space, Time, and the Texture of Reality",Brian Greene,4.13,9,805
3391,Pleasant Day,Vera Jane Cook,4.32,9,805
3392,"Days of Blood & Starlight (Daughter of Smoke & Bone, #2)",Laini Taylor,4.14,10,803
3393,"Good in Bed (Cannie Shapiro, #1)",Jennifer Weiner,3.76,17,802
3394,I Heard the Owl Call My Name,Margaret Craven,4.05,10,802
3395,Just a Typo: The Cancellation of Celebrity Mo Riverlake,John Bennardo,4.30,9,802
3396,Another Roadside Attraction,Tom Robbins,3.99,13,801
3397,People Who Eat Darkness: The True Story of a Young Woman Who Vanished from the Streets of Tokyo—and the Evil That Swallowed Her Up,Richard Lloyd Parry,3.79,10,801
3398,"Fire of Stars and Dragons (Stars and Souls, #1)",Melissa Petreshock,3.66,8,800
3399,"Without Remorse (John Clark, #1; Jack Ryan Universe Publication Order, #6)",Tom Clancy,4.22,10,800
3400,Freaks I've Met,Donald Jans,3.56,8,800
3401,The Art of Success: What No One Ever Taught You (But You Still Need to Know),James Melouney,4.08,8,800
3402,If I Wake,Nikki Moyes,3.92,8,800
3403,The Well House,M.S. Matassa,4.31,9,800
3404,Manifesto of the Free People's Union,Jakub Lasak,4.52,8,800
3405,The Brutal Telling (Chief Inspector Armand Gamache #5),Louise Penny,4.24,10,800
3406,Without MAlice,Amesbury Clarke,4.03,8,800
3407,"The Secret Diary of Adrian Mole, Aged 13 3/4  (Adrian Mole, #1)",Sue Townsend,3.88,16,799
3408,Story of the Eye,Georges Bataille,3.65,9,799
3409,I'm Thinking of Ending Things,Iain Reid,3.53,9,799
3410,Leadership and Self-Deception: Getting Out of the Box,Arbinger Institute,4.10,10,798
3411,The Comfort of Strangers,Ian McEwan,3.39,10,798
3412,The Call of Cthulhu,H.P. Lovecraft,4.03,12,797
3413,Tell the Wolves I'm Home,Carol Rifka Brunt,4.03,9,797
3414,"Hollow City (Miss Peregrine's Peculiar Children, #2)",Ransom Riggs,4.07,10,797
3415,"Blue Moon (The Immortals, #2)",Alyson Noel,3.61,11,796
3416,Plain Truth,Jodi Picoult,4.00,11,795
3417,Rose Madder,Stephen        King,3.75,13,795
3418,"Whispers (The Secret Watchers, #2)",Lauren Klever,4.34,8,795
3419,"The 39 Steps (Richard Hannay, #1)",John Buchan,3.60,11,795
3420,Tears of Glass,David  Lake,3.73,8,795
3421,"The High Auction (Wisdom Revolution, #1)",Misba,4.70,9,795
3422,The Whisper Man,Alex North,4.02,10,795
3423,"Running from Romeo (Romeo, #1)",Diane Mannino,3.59,8,794
3424,"South of the Border, West of the Sun",Haruki Murakami,3.86,9,793
3425,Death Comes to Pemberley,P.D. James,3.30,9,793
3426,Never Go With Your Gut: How Pioneering Leaders Make the Best Decisions and Avoid Business Disasters,Gleb Tsipursky,4.15,8,791
3427,"Shadow Me (Shatter Me, #4.5)",Tahereh Mafi,3.97,8,791
3428,The 5000 Year Leap,W. Cleon Skousen,4.27,11,790
3429,The Te of Piglet,Benjamin Hoff,3.76,11,790
3430,Greenlights,Matthew McConaughey,4.21,9,790
3431,"The Sight of Demons (The Master of Perceptions, #1)",Darin C.  Brown,4.53,9,789
3432,"The Mummy Case (Amelia Peabody, #3)",Elizabeth Peters,4.02,11,789
3433,Holly Jolly: Campfire Stories,JK Franko Junior,4.35,9,788
3434,Dolores Claiborne,Stephen        King,3.94,10,787
3435,The Dice Man,Luke Rhinehart,3.55,9,787
3436,The Sun Down Motel,Simone St. James,4.01,9,787
3437,Bonk: The Curious Coupling of Science and Sex,Mary Roach,3.85,9,787
3438,The Hike,Drew Magary,3.97,8,787
3439,The Samurai's Garden,Gail Tsukiyama,4.15,10,786
3440,"Perdido Street Station (New Crobuzon, #1)",China Miéville,3.98,12,786
3441,"Pawn of Prophecy (The Belgariad, #1)",David Eddings,4.16,12,786
3442,Just Listen: Discover the Secret to Getting Through to Absolutely Anyone,Mark Goulston,4.06,10,786
3443,The Colorado Kid,Stephen        King,3.38,10,786
3444,"A Time to Die (Out of Time, #1)",Nadine Brandes,4.18,8,785
3445,Waiter to the Rich and Shameless: Confessions of a Five-Star Beverly Hills Server,Paul Hartford,3.51,8,785
3446,Oblomov,Ivan Goncharov,4.13,9,785
3447,Smarter Faster Better: The Secrets of Being Productive in Life and Business,Charles Duhigg,3.90,10,785
3448,Measure What Matters,John Doerr,3.98,8,785
3449,Brain Damage,Freida McFadden,4.03,9,785
3450,Losing My Breath,J. Rose Black,4.29,9,785
3451,None of Us Were Like This Before: American Soldiers and Torture,Joshua E.S. Phillips,4.12,8,784
3452,"A Court of Thorns and Roses (A Court of Thorns and Roses, #1)",Sarah J. Maas,4.17,10,784
3453,Life Between Seconds,Douglas Weissman,4.38,9,784
3454,Diary of a Madman,Nikolai Gogol,3.84,10,783
3455,"The Monarch's Ring (The Lost Artefacts, #2)",Johnathon Nicolaou,4.53,8,783
3456,Ethics,Baruch Spinoza,4.11,13,782
3457,Suzanne's Diary for Nicholas,James  Patterson,4.17,10,782
3458,Boy's Life,Robert McCammon,4.40,12,782
3459,"Unearthly (Unearthly, #1)",Cynthia Hand,4.01,11,782
3460,"The Black Dahlia (L.A. Quartet, #1)",James Ellroy,3.78,11,782
3461,"Emily of New Moon (Emily, #1)",L.M. Montgomery,4.12,9,782
3462,Three Hundred Million,Blake Butler,3.54,10,782
3463,SHADOW PANTHEON: (PANTHEON SAGA BOOK 2) (THE PANTHEON SAGA),Eric Nierstedt,4.27,9,782
3464,"This Present Darkness (Darkness, #1)",Frank E. Peretti,4.24,15,781
3465,Christine,Stephen        King,3.85,10,781
3466,"Dark Guardian (Dark Guardian, #1)",Ammar Habib,4.21,8,781
3467,The Boy Who Saw In Colours,Lauren  Robinson,4.03,8,781
3468,One,Richard Bach,3.95,11,780
3469,Pachinko,Min Jin Lee,4.34,10,780
3470,"Roses Are Red (Alex Cross, #6)",James  Patterson,4.09,10,779
3471,The Chalk Man,C.J. Tudor,3.70,11,779
3472,Call Me Tuesday,Leigh Byrne,4.26,8,779
3473,"Genghis: Birth of an Empire (Conqueror, #1)",Conn Iggulden,4.39,10,778
3474,The Wright Brothers,David McCullough,4.17,10,777
3475,Simple Abundance: A Daybook of Comfort of Joy,Sarah Ban Breathnach,3.98,10,776
3476,The Zookeeper's Wife: A War Story,Diane Ackerman,3.49,9,776
3477,Stranger on the Shore,William J. Borak,4.38,9,776
3478,What Katy Did,Susan Coolidge,3.90,13,775
3479,"Linger (The Wolves of Mercy Falls, #2)",Maggie Stiefvater,3.88,10,775
3480,"Unstoppable (Pretty Liars, #1)",K.A. Knight,3.98,8,775
3481,The Woman in the Dunes,Kōbō Abe,3.89,12,774
3482,"The Oldest Dance (Wisdom Revolution, #2)",Misba,4.71,9,774
3483,Joni: An Unforgettable Story,Joni Eareckson Tada,4.25,10,773
3484,"The Rook (The Checquy Files, #1)",Daniel O'Malley,4.10,9,773
3485,"Only Good Enemies (Galactic Bonds, #2)",Jennifer Estep,4.12,8,773
3486,Truly Madly Guilty,Liane Moriarty,3.60,9,772
3487,After Death,Dean Koontz,4.10,8,772
3488,"The Thief (The Queen's Thief, #1)",Megan Whalen Turner,3.85,10,771
3489,"Awakening the Fire (Guardian Witch, #1)",Ally Shields,3.74,8,771
3490,The Moonstone,Wilkie Collins,3.91,14,771
3491,Britt-Marie Was Here,Fredrik Backman,4.09,9,771
3492,"The Black Jewels Trilogy: Daughter of the Blood, Heir to the Shadows, Queen of the Darkness (The Black Jewels, #1-3)",Anne Bishop,4.39,9,770
3493,The Art of Seduction,Robert Greene,3.92,9,770
3494,Otuna's Flute,Maricar Banguis,4.85,8,770
3495,"Listen To Me (Rizzoli & Isles, #13)",Tess Gerritsen,4.15,8,770
3496,"Maus II: A Survivor's Tale: And Here My Troubles Began (Maus, #2)",Art Spiegelman,4.42,9,769
3497,Death by Black Hole: And Other Cosmic Quandaries,Neil deGrasse Tyson,4.10,9,769
3498,"The Sinner (Rizzoli & Isles, #3)",Tess Gerritsen,4.14,9,768
3499,Mexican Gothic,Silvia Moreno-Garcia,3.67,9,768
3500,The Second Mrs. Astor,Shana Abe,3.97,8,768
3501,Ask and It Is Given: Learning to Manifest Your Desires,Esther Hicks,4.20,11,767
3502,Imajica,Clive Barker,4.17,9,767
3503,"The Distance Between Us (Old Town Shops, #1)",Kasie West,3.91,9,767
3504,"Blindsighted (Grant County, #1)",Karin Slaughter,4.10,9,766
3505,Troublemaker: Surviving Hollywood and Scientology,Leah Remini,4.07,9,766
3506,The Grey Wolf,Julie Mannino,4.72,8,766
3507,"Lilac Girls (Lilac Girls, #1)",Martha Hall Kelly,4.29,11,765
3508,The Insult,Rupert Thomson,3.64,9,765
3509,Why Not Me?,Mindy Kaling,3.91,9,765
3510,The Rithmatist (The Rithmatist #1),Brandon Sanderson,4.25,9,764
3511,"The Sweet Far Thing (Gemma Doyle, #3)",Libba Bray,3.97,11,764
3512,"Thrall (Thrall, #1)",Julie Mannino,3.79,8,764
3513,"The Hazel Wood (The Hazel Wood, #1)",Melissa Albert,3.56,10,763
3514,El caballero de la armadura oxidada,Robert    Fisher,3.83,9,762
3515,"Eeny Meeny (Helen Grace, #1)",M.J. Arlidge,3.95,9,762
3516,Verity,Colleen Hoover,4.30,11,762
3517,The Far Pavilions,M.M. Kaye,4.20,11,761
3518,RUNNING IN CORRIDORS,C.H. Edwards,4.07,8,761
3519,A Man After God's Own Heart: Devoting Your Life to What Really Matters,Jim George,4.10,8,761
3520,Keeper of the Lost Cities (Keeper of the Lost Cities #1),Shannon Messenger,4.40,8,761
3521,"Debt of Honor (Jack Ryan, #7)",Tom Clancy,4.10,9,761
3522,Spoils of the Moon,Mark Shearman,4.30,8,761
3523,Song of the Silent Snow,Hubert Selby Jr.,3.84,10,761
3524,"Midnight Obsession (Midnight, #4)",Melinda Leigh,4.32,8,761
3525,Men Explain Things to Me,Rebecca Solnit,3.83,9,761
3526,Sustainable & Responsible Investing 360°: Lessons Learned from World Class Investors,R. Scott Arnell,4.28,8,761
3527,What I Wish I Said: Confessions of a Columnist,Jaime Watt,4.28,9,761
3528,Giants in the Earth,O.E. Rølvaag,4.04,11,760
3529,"Wings (Wings, #1)",Aprilynne Pike,3.76,10,760
3530,Twelve Angry Men,Reginald Rose,4.07,9,760
3531,The Call of the Wild / White Fang,Jack  London,4.12,11,760
3532,How to Stop Worrying and Start Living: Time-Tested Methods for Conquering Worry (Dale Carnegie Books),Dale Carnegie,4.16,11,760
3533,"Faithful Place (Dublin Murder Squad, #3)",Tana French,4.00,9,760
3534,"Alone (Detective D.D. Warren, #1)",Lisa Gardner,3.97,9,760
3535,"Lirael (Abhorsen, #2)",Garth Nix,4.29,9,759
3536,"Farewell, My Lovely (Philip Marlowe, #2)",Raymond Chandler,4.10,10,759
3537,"Witches Abroad (Discworld, #12; Witches, #3)",Terry Pratchett,4.25,9,759
3538,The Mustachioed Woman of Shanghai,Isham Cook,4.42,8,759
3539,Spook: Science Tackles the Afterlife,Mary Roach,3.60,9,759
3540,The Power of a Praying Woman,Stormie Omartian,4.41,8,758
3541,"Force of Nature (Aaron Falk, #2)",Jane Harper,3.84,9,758
3542,"Rapture in Death (In Death, #4)",J.D. Robb,4.28,9,758
3543,2 States: The Story of My Marriage,Chetan Bhagat,3.43,8,757
3544,Why Men Love Bitches,Sherry Argov,3.83,9,757
3545,"Never Eat Alone: And Other Secrets to Success, One Relationship at a Time",Keith Ferrazzi,3.84,9,757
3546,"The False Prince (Ascendance, #1)",Jennifer A. Nielsen,4.24,10,757
3547,"If You Tell: A True Story of Murder, Family Secrets, and the Unbreakable Bond of Sisterhood",Gregg Olsen,3.98,9,757
3548,Fight Club 2,Chuck Palahniuk,3.05,9,757
3549,Nonviolent Communication: A Language of Life,Marshall B. Rosenberg,4.33,9,756
3550,A Long Way Home,Saroo Brierley,4.12,8,756
3551,Westwind Secrets,Marilyn Dalla Valle,4.29,8,756
3552,"The Hand on the Wall (Truly Devious, #3)",Maureen Johnson,4.13,9,756
3553,"Gormenghast (Gormenghast, #2)",Mervyn Peake,4.09,9,755
3554,Antigone,Jean Anouilh,3.78,11,755
3555,"Heartstopper: Volume One (Heartstopper, #1)",Alice Oseman,4.44,10,755
3556,Sister Outsider: Essays and Speeches,Audre Lorde,4.53,10,754
3557,Falling Up,Shel Silverstein,4.36,12,754
3558,"The Oldest Dance (Wisdom Revolution, #2)",Misba,4.71,8,754
3559,"One of Us Is Next (One of Us Is Lying, #2)",Karen M. McManus,3.90,11,754
3560,"After the Funeral (Hercule Poirot, #33)",Agatha Christie,3.91,9,754
3561,The Collaborators,Michael Idov,3.80,8,754
3562,"The Darkest Minds (The Darkest Minds, #1)",Alexandra Bracken,4.15,9,753
3563,The Invention of Nature: Alexander von Humboldt's New World,Andrea Wulf,4.32,9,753
3564,"The Dionysus Connection (Perception Series, #1)",Liz  Cowan,4.23,8,753
3565,Unf*ck Your Habitat: You're Better Than Your Mess,Rachel  Hoffman,3.73,10,753
3566,"Inkspell (Inkworld, #2)",Cornelia Funke,3.95,11,752
3567,The Broken Girls,Simone St. James,4.06,9,752
3568,"Map of Bones (Sigma Force, #2)",James Rollins,4.08,9,751
3569,"Onyx (Lux, #2)",Jennifer L. Armentrout,4.23,11,751
3570,Diary of a Freedom Writer: The Experience,Darrius Garrett,4.25,9,751
3571,All the Light We Cannot See,Anthony Doerr,4.31,11,751
3572,Another Country,James Baldwin,4.30,13,750
3573,Fire and Fury: Inside the Trump White House,Michael  Wolff,3.44,10,750
3574,V for Vendetta,Steve Moore,4.16,11,749
3575,"Presumed Innocent (Kindle County Legal Thriller, #1)",Scott Turow,4.09,9,749
3576,The Bible: Enter Here: Bringing God's Word to Life for Today's Teens,Spencer C Demetros,4.37,8,749
3577,"Soulless (Parasol Protectorate, #1)",Gail Carriger,3.90,9,748
3578,NurtureShock: New Thinking About Children,Po Bronson,4.03,9,748
3579,Segment of One,Michael  Grigsby,4.37,9,748
3580,"H is for Homicide (Kinsey Millhone, #8)",Sue Grafton,3.94,11,748
3581,The Wife Upstairs,Rachel Hawkins,3.73,9,748
3582,"The Aspect of Essence (The Aelfyn Archives, #1)",Samantha Amstutz,3.99,8,748
3583,Homo Faber,Max Frisch,3.68,8,747
3584,"The Name of the Star (Shades of London, #1)",Maureen Johnson,3.89,9,747
3585,"Fluke: Or, I Know Why the Winged Whale Sings",Christopher Moore,3.76,8,746
3586,Dead Souls,Nikolai Gogol,3.98,9,746
3587,Speedy Reads,Chris-Jean Clarke,4.65,8,746
3588,Angel Devil,Julie Mannino,4.44,8,746
3589,"Eldvittnet (Joona Linna, #3)",Lars Kepler,4.12,9,746
3590,"G is for Gumshoe (Kinsey Millhone, #7)",Sue Grafton,3.96,9,746
3591,"The Spellman Files (The Spellmans, #1)",Lisa Lutz,3.87,10,745
3592,Twisted Love,Wally Runnels,4.16,8,745
3593,"Notorious Nineteen (Stephanie Plum, #19)",Janet Evanovich,3.98,9,745
3594,Perrault's Fairy Tales,Charles Perrault,4.10,12,744
3595,"On the Island (On the Island, #1)",Tracey Garvis Graves,4.11,9,744
3596,"Lost in Shangri-la: A True Story of Survival, Adventure, and the Most Incredible Rescue Mission of World War II",Mitchell Zuckoff,3.87,9,744
3597,"Definitely Dead (Sookie Stackhouse, #6)",Charlaine Harris,4.01,10,743
3598,"D is for Deadbeat (Kinsey Millhone, #4)",Sue Grafton,3.89,10,743
3599,Cane River,Lalita Tademy,4.08,11,742
3600,"Julie of the Wolves (Julie of the Wolves, #1)",Jean Craighead George,3.83,11,742
3601,The Bane Chronicles,Cassandra Clare,4.08,9,741
3602,"Vicious (Villains, #1)",Victoria E. Schwab,4.20,9,741
3603,Magic America,C.E. Medford,3.81,8,740
3604,The First 20 Hours: How to Learn Anything...Fast,Josh Kaufman,3.46,9,740
3605,Little Red Riding Hood,Julie Mannino,3.31,8,740
3606,The Joy of Sex,Alex Comfort,3.62,17,739
3607,Leaving Time,Jodi Picoult,4.00,9,739
3608,"Secrets (Secrets, #1)",Julie Mannino,3.95,8,739
3609,Sh*t My Dad Says,Justin Halpern,3.98,9,738
3610,Arch of Triumph: A Novel of a Man Without a Country,Erich Maria Remarque,4.43,10,737
3611,The End of Your Life Book Club,Will Schwalbe,3.81,9,737
3612,"The Feather Thief: Beauty, Obsession, and the Natural History Heist of the Century",Kirk Wallace Johnson,4.02,9,737
3613,Uncle Vanya,Anton Chekhov,3.86,12,736
3614,Complicity,Iain Banks,3.92,8,736
3615,The Tommyknockers,Stephen        King,3.60,15,735
3616,The Mitten,Jan Brett,4.28,13,735
3617,The Fall of the House of Usher and Other Tales,Edgar Allan Poe,4.17,17,735
3618,Fawkes,Nadine Brandes,3.89,8,735
3619,"Pines (Wayward Pines, #1)",Blake Crouch,3.93,9,735
3620,"Secrets II (Secrets, #2)",Julie Mannino,3.92,8,735
3621,The Spy and the Traitor: The Greatest Espionage Story of the Cold War,Ben Macintyre,4.52,8,735
3622,"Freedom is a Constant Struggle: Ferguson, Palestine and the Foundations of a Movement",Angela Y. Davis,4.44,9,734
3623,March,Geraldine Brooks,3.81,10,733
3624,The Nickel Boys,Colson Whitehead,4.26,9,733
3625,How to Stop Feeling Like Sh*t,Andrea Owen,3.62,8,733
3626,Thunderstruck,Erik Larson,3.77,9,733
3627,Long Bright River,Liz    Moore,4.05,9,733
3628,"Colorado Takedown (The McAllister Brothers, #1)",Cricket Rohman,4.33,8,733
3629,The Milagro Beanfield War,John     Nichols,4.10,12,732
3630,"Grave Sight (Harper Connelly, #1)",Charlaine Harris,3.87,10,732
3631,"Obsidian (Lux, #1)",Jennifer L. Armentrout,4.13,10,732
3632,The Trial and Death of Socrates,Plato,4.12,8,732
3633,"Casino Royale (James Bond, #1)",Ian Fleming,3.74,11,731
3634,The Boys from Brazil,Ira Levin,4.06,8,731
3635,America's Game: The NFL at 100,Jerry Rice,3.82,8,731
3636,The English Patient: A Screenplay,Anthony Minghella,3.88,13,730
3637,Feed,M.T. Anderson,3.55,9,730
3638,"Vanish (Rizzoli & Isles, #5)",Tess Gerritsen,4.15,9,730
3639,The Inn of the Sixth Happiness,Alan Burgess,4.28,11,729
3640,Duma Key,Stephen        King,3.98,9,729
3641,"The Oedipus Cycle: Oedipus Rex, Oedipus at Colonus, Antigone",Sophocles,3.99,10,729
3642,"Bury Your Dead (Chief Inspector Armand Gamache, #6)",Louise Penny,4.36,9,729
3643,Maurice,E.M. Forster,4.08,10,728
3644,Untamed,Glennon Doyle,3.98,10,728
3645,"The Daily Stoic: 366 Meditations on Wisdom, Perseverance, and the Art of Living",Ryan Holiday,4.37,9,728
3646,Roadside Picnic,Arkady Strugatsky,4.13,9,727
3647,The Truth: Stage Adaptation,Stephen Briggs,4.25,9,727
3648,What I Wish I Knew When I Was 20,Tina Seelig,3.81,9,727
3649,Dreamcatcher,Stephen        King,3.66,11,725
3650,"Gaudy Night (Lord Peter Wimsey, #12)",Dorothy L. Sayers,4.20,11,725
3651,"Bared to You (Crossfire, #1)",Sylvia Day,4.13,10,725
3652,When She Returned,Lucinda Berry,3.98,8,725
3653,Cheaper by the Dozen,Frank B. Gilbreth Jr.,4.00,15,724
3654,"The Devil's Star (Harry Hole, #5)",Jo Nesbø,4.06,8,723
3655,Before the Fall,Noah Hawley,3.72,9,723
3656,Mindsight: The New Science of Personal Transformation,Daniel J. Siegel,4.14,9,723
3657,Lift: Five Practices Great Managers Do Consistently: Raise Performance and Morale - See Your Employees Thrive,Raymond   Wheeler,4.31,8,723
3658,PostSecret: Extraordinary Confessions from Ordinary Lives,Frank Warren,3.99,8,722
3659,"The Case-Book of Sherlock Holmes (Sherlock Holmes, #9)",Arthur Conan Doyle,4.12,9,722
3660,"Open Season (Joe Pickett, #1)",C.J. Box,4.01,9,722
3661,"Grave Peril (The Dresden Files, #3)",Jim  Butcher,4.14,9,722
3662,Mediocre: The Dangerous Legacy of White Male America,Ijeoma Oluo,4.40,9,722
3663,What I Talk About When I Talk About Running,Haruki Murakami,3.87,9,721
3664,The Creative Habit: Learn It and Use It for Life,Twyla Tharp,4.08,8,721
3665,The Swerve: How the World Became Modern,Stephen Greenblatt,3.87,8,721
3666,Eight Perfect Murders,Peter  Swanson,3.63,10,721
3667,The Last Temptation of Christ,Nikos Kazantzakis,4.18,12,720
3668,The Dark Half,Stephen        King,3.81,10,720
3669,"The Gormenghast Novels (Gormenghast, #1-3)",Mervyn Peake,4.03,8,720
3670,"Dissolution (Matthew Shardlake, #1)",C.J. Sansom,4.06,8,720
3671,"Wayward (Wayward Pines, #2)",Blake Crouch,4.16,8,720
3672,"Boundaries: When to Say Yes, How to Say No to Take Control of Your Life",Henry Cloud,4.21,9,720
3673,Dead Wake: The Last Crossing of the Lusitania,Erik Larson,4.13,9,719
3674,Under the Bus,Kyle Keyes,4.18,8,718
3675,The Proper Care and Feeding of Husbands,Laura Schlessinger,3.72,9,717
3676,"Sahara (Dirk Pitt, #11)",Clive Cussler,3.99,8,717
3677,All the Missing Girls,Megan Miranda,3.72,8,717
3678,The Wordy Shipmates,Sarah Vowell,3.68,8,716
3679,The Girl with the Lower Back Tattoo,Amy Schumer,3.72,8,716
3680,"How the Light Gets In (Chief Inspector Armand Gamache, #9)",Louise Penny,4.48,11,716
3681,"Flow My Tears, the Policeman Said",Philip K. Dick,3.91,9,716
3682,"A Princess of Mars (Barsoom, #1)",Edgar Rice Burroughs,3.81,11,715
3683,What's Behind Your Belly Button? A Psychological Perspective of the Intelligence of Human Nature and Gut Instinct,Martha Char Love,4.11,8,715
3684,Up from Slavery,Booker T. Washington,4.11,9,715
3685,Finding Your Own North Star: Claiming the Life You Were Meant to Live,Martha N. Beck,4.02,9,715
3686,Bay of Devils,Grahame Shannon,4.35,8,715
3687,Mutiny On The Bounty,Charles Bernard Nordhoff,4.01,12,713
3688,The Turn of the Screw,Henry James,3.39,12,713
3689,The Souls of Black Folk,W.E.B. Du Bois,4.31,10,713
3690,"The Luxe (Luxe, #1)",Anna Godbersen,3.65,10,713
3691,"Glass Houses (Chief Inspector Armand Gamache, #13)",Louise Penny,4.33,9,712
3692,"The Queen of the Damned (The Vampire Chronicles, #3)",Anne Rice,3.92,10,711
3693,"The Unlikely Pilgrimage of Harold Fry (Harold Fry, #1)",Rachel Joyce,3.94,10,711
3694,The Lost Apothecary,Sarah Penner,3.76,9,711
3695,"Wherever You Go, There You Are: Mindfulness Meditation in Everyday Life",Jon Kabat-Zinn,4.13,9,710
3696,Dreamland,Sarah Dessen,3.91,8,710
3697,Mudbound,Hillary Jordan,4.05,9,709
3698,Tell No One,Harlan Coben,4.06,10,709
3699,"Persuader (Jack Reacher, #7)",Lee Child,4.14,8,709
3700,"A Court of Mist and Fury (A Court of Thorns and Roses, #2)",Sarah J. Maas,4.64,9,709
3701,The Guest List,Lucy Foley,3.80,10,709
3702,"Untamed (House of Night, #4)",P.C. Cast,3.94,10,708
3703,Finding Audrey,Sophie Kinsella,3.75,9,708
3704,Leaders Eat Last: Why Some Teams Pull Together and Others Don't,Simon Sinek,4.09,9,708
3705,Layla,Colleen Hoover,3.63,9,708
3706,"Wicked Lovely (Wicked Lovely, #1)",Melissa Marr,3.70,11,707
3707,The Art of Fielding,Chad Harbach,3.99,9,707
3708,"Labyrinth (Languedoc, #1)",Kate Mosse,3.62,10,707
3709,Profiles in Courage,John F. Kennedy,3.92,9,707
3710,Your Best Year Ever: A 5-Step Plan for Achieving Your Most Important Goals,Michael Hyatt,3.89,8,707
3711,Dawn,Elie Wiesel,3.83,10,706
3712,"The Wishing Spell (The Land of Stories, #1)",Chris Colfer,4.25,9,706
3713,"Mr. Churchill's Secretary (Maggie Hope Mystery, #1)",Susan Elia MacNeal,3.75,8,706
3714,The Letters of Vincent van Gogh,Vincent van Gogh,4.10,8,705
3715,"1Q84 #1-2 (1Q84, #1-2)",Haruki Murakami,4.08,10,705
3716,Mastery,Robert Greene,4.26,8,705
3717,The Partner,John Grisham,3.97,8,705
3718,I Let You Go,Clare Mackintosh,4.04,8,705
3719,"The Pale Horse (Ariadne Oliver, #5)",Agatha Christie,3.84,10,705
3720,The Children of Men,P.D. James,3.67,12,704
3721,Inherit the Wind: The Powerful Courtroom Drama in which Two Men Wage the Legal War of the Century,Jerome Lawrence,3.93,11,704
3722,Once Were Warriors,Alan Duff,3.99,8,704
3723,"From Dead to Worse (Sookie Stackhouse, #8)",Charlaine Harris,4.01,9,704
3724,"China Rich Girlfriend (Crazy Rich Asians, #2)",Kevin Kwan,3.84,8,704
3725,"The Firm (The Firm, #1)",John Grisham,4.25,9,704
3726,"Dearly Devoted Dexter (Dexter, #2)",Jeff Lindsay,3.87,8,704
3727,"Brimstone (Pendergast, #5; Diogenes, #1)",Douglas Preston,4.15,8,703
3728,"Towards Zero (Superintendent Battle, #5)",Agatha Christie,3.95,9,703
3729,"First Family (Sean King & Michelle Maxwell, #4)",David Baldacci,4.11,9,702
3730,L'Écume des jours,Boris Vian,3.93,10,702
3731,History Is All You Left Me,Adam Silvera,3.92,9,702
3732,Shadows of Atlantis: Awakening,Mara Powers,4.33,8,702
3733,The Comedy of Errors,William Shakespeare,3.72,8,702
3734,"All That Remains (Kay Scarpetta, #3)",Patricia Cornwell,4.07,9,702
3735,"The Hollow of Fear (Lady Sherlock, #3)",Sherry Thomas,4.22,9,702
3736,Creative Visualization: Use the Power of Your Imagination to Create What You Want in Your Life,Shakti Gawain,4.12,10,701
3737,"New England Witch Chronicles (New England Witch Chronicles, #1)",Chelsea Luna,4.01,7,700
3738,A Painted House,John Grisham,3.77,12,700
3739,The Mystery of Revenge (Back Bay Investigation #0),G.X. Chen,4.10,7,700
3740,Meeting With Christ and Other Poems,Deepak Chaswal,4.43,7,700
3741,About a Boy,Nick Hornby,3.80,11,700
3742,"Many Lives, Many Masters: The True Story of a Prominent Psychiatrist, His Young Patient, and the Past Life Therapy That Changed Both Their Lives",Brian L. Weiss,4.17,9,700
3743,Finding the Rainbow,Rachel McGrath,4.45,7,700
3744,Dangerous Girls,Abigail Haas,4.07,8,700
3745,Avaland,Amy Croucher Rose,4.64,7,700
3746,How to Fail at Almost Everything and Still Win Big: Kind of the Story of My Life,Scott Adams,4.05,8,700
3747,Not Okay,Brett Axel,4.46,7,700
3748,الصوت روح,Huda Aweys,3.26,7,699
3749,"Mary, Mary (Alex Cross, #11)",James  Patterson,4.01,9,699
3750,"The Shadow of the Torturer (The Book of the New Sun, #1)",Gene Wolfe,3.84,8,698
3751,"Tarzan of the Apes (Tarzan, #1)",Edgar Rice Burroughs,3.90,12,697
3752,A Christmas Memory,Truman Capote,4.24,10,697
3753,Summer of the Monkeys,Wilson Rawls,4.09,11,697
3754,The Canterville Ghost,Oscar Wilde,3.88,8,697
3755,"Reality of Life (Perception, #2)",Shandi Boyes,4.48,7,697
3756,Will I Ever Be Good Enough? Healing the Daughters of Narcissistic Mothers,Karyl McBride,4.20,9,697
3757,Breakfast is Severed,TyCobbsTeeth,3.61,7,696
3758,"Perception of Life (Perception, #1)",Shandi Boyes,4.17,7,696
3759,"Shadow and Bone (Shadow and Bone, #1)",Leigh Bardugo,3.92,8,696
3760,Coma,Robin Cook,3.88,16,695
3761,Dying To Forget (The Station #1),Trish Marie Dawson,4.00,7,695
3762,"When Christ and His Saints Slept (Plantagenets #1; Henry II and Eleanor of Aquitaine, #1)",Sharon Kay Penman,4.26,10,695
3763,Anxious People,Fredrik Backman,4.17,8,695
3764,V.,Thomas Pynchon,3.97,11,694
3765,On the Other Hand: The Little Anthology of Big Questions,Renée Paule,4.41,7,694
3766,My Name Is Red,Orhan Pamuk,3.87,10,694
3767,Little Fires Everywhere,Celeste Ng,4.07,11,694
3768,"Sorcery of Thorns (Sorcery of Thorns, #1)",Margaret  Rogerson,4.04,8,694
3769,Hate List,Jennifer  Brown,4.00,10,693
3770,A Capitalist in North Korea: My Seven Years in the Hermit Kingdom,Felix Abt,3.61,7,693
3771,The Glass Lake,Maeve Binchy,3.99,11,692
3772,"The Orb of Truth (The Horn King, #1)",Brae Wyckoff,3.76,7,692
3773,"Song of Susannah (The Dark Tower, #6)",Stephen        King,4.00,9,692
3774,When the Moon Comes,Paul  Harbridge,3.94,7,692
3775,Dare Me,Megan Abbott,3.24,8,692
3776,"Every Dead Thing (Charlie Parker, #1)",John Connolly,3.96,8,692
3777,"The Body Farm (Kay Scarpetta, #5)",Patricia Cornwell,4.07,9,691
3778,"Females of Valor (The Viking's Kurdish Love, #2)",Widad Akreyi,4.74,7,691
3779,"Zoroastrians' Fight for Survival (The Viking's Kurdish Love, #1)",Widad Akreyi,4.70,7,691
3780,I'll Stop the World,Lauren Thoman,3.99,7,691
3781,"The Blade Itself (The First Law, #1)",Joe Abercrombie,4.22,10,690
3782,"Histoire d'O | Story of O (Story of O, #1)",Pauline Réage,3.30,9,690
3783,WIL O WISH,Juddy Anderson C. Punzalan,4.53,7,690
3784,"The Judas Strain (Sigma Force, #4)",James Rollins,4.17,8,689
3785,"Conjured (New England Witch Chronicles, #2)",Chelsea Luna,4.23,7,689
3786,The Five Dysfunctions of a Team,Patrick Lencioni,4.11,9,689
3787,What The Red Moon Knows,Joe Hilley,4.66,7,689
3788,"Carry On, Warrior: Thoughts on Life Unarmed",Glennon Doyle,4.10,8,689
3789,The Singing Trees,Boo Walker,4.23,7,689
3790,The Great Santini,Pat Conroy,4.16,12,688
3791,"The Silent Girl (Rizzoli & Isles, #9)",Tess Gerritsen,4.15,8,688
3792,The Secret History of Wonder Woman,Jill Lepore,3.73,8,688
3793,"Adult Children of Emotionally Immature Parents: How to Heal from Distant, Rejecting, or Self-Involved Parents",Lindsay C. Gibson,4.38,9,688
3794,All Good People Here,Ashley Flowers,3.83,7,688
3795,Sister Carrie,Theodore Dreiser,3.77,11,687
3796,Kristin Lavransdatter,Sigrid Undset,4.31,10,687
3797,The Language of Flowers,Vanessa Diffenbaugh,4.09,10,687
3798,"Crocodile on the Sandbank (Amelia Peabody, #1)",Elizabeth Peters,4.00,9,687
3799,Loving Frank,Nancy Horan,3.77,8,687
3800,"Clouds of Witness (Lord Peter Wimsey, #2)",Dorothy L. Sayers,3.98,9,687
3801,Prometheus Rising,Robert Anton Wilson,4.25,7,686
3802,"The Best Christmas Pageant Ever (The Herdmans, #1)",Barbara Robinson,4.25,12,686
3803,Walden & Civil Disobedience,Henry David Thoreau,3.94,8,686
3804,The Magic of Thinking Big,David J. Schwartz,4.26,9,686
3805,The Power of Praying for Your Adult Children,Stormie Omartian,4.51,7,686
3806,What Matters Most is How Well You Walk Through the Fire,Charles Bukowski,4.27,8,686
3807,"How Successful People Think: Change Your Thinking, Change Your Life",John C. Maxwell,3.94,9,686
3808,Anya,Dennis K.  Hausker,4.36,8,686
3809,Who's Afraid of Virginia Woolf?,Edward Albee,4.06,17,685
3810,"The Opal Deception (Artemis Fowl, #4)",Eoin Colfer,4.06,9,685
3811,"Sparkling Cyanide  (Colonel Race, #4)",Agatha Christie,3.92,8,685
3812,"Women, Race & Class",Angela Y. Davis,4.59,9,684
3813,Wonderstruck,Brian Selznick,4.17,9,683
3814,"The Tied Man (The Tied Man, #1)",Tabitha McGowan,4.05,7,683
3815,"Little Men (Little Women, #2)",Louisa May Alcott,3.88,11,683
3816,"Birdman (Jack Caffery, #1)",Mo Hayder,3.89,8,683
3817,"A Return to Love: Reflections on the Principles of ""A Course in Miracles""",Marianne Williamson,4.25,9,682
3818,"Undressed (The Manhattanites, #2)",Avery Aster,3.63,7,682
3819,"Hard Eight (Stephanie Plum, #8)",Janet Evanovich,4.17,8,682
3820,Babel,R.F. Kuang,4.16,8,682
3821,Quantum Radio,A.G. Riddle,4.10,7,682
3822,The Lost Man,Jane Harper,4.16,8,682
3823,"Requiem (Delirium, #3)",Lauren Oliver,3.73,10,681
3824,"A Time to Speak (Out of Time, #2)",Nadine Brandes,4.52,7,681
3825,The Five Gates of Hell,Rupert Thomson,3.76,8,681
3826,What to Say When You Talk to Yourself,Shad Helmstetter,4.14,9,680
3827,"Live to Tell (Detective D.D. Warren, #4)",Lisa Gardner,4.18,7,680
3828,Disclosure,Michael Crichton,3.80,8,680
3829,"Millennium Approaches (Angels in America, #1)",Tony Kushner,4.27,8,679
3830,"Extras (Uglies, #4)",Scott Westerfeld,3.60,10,679
3831,Blood Tithe (Blood Tithe #1),Glenn J. Soucy,4.33,7,679
3832,"Unscrupulous (The Manhattanites, #1)",Avery Aster,3.71,7,679
3833,Roots of To-Be Templars (The Viking's Kurdish Love #3),Widad Akreyi,4.71,7,679
3834,Open,Andre Agassi,4.31,9,678
3835,"To Kill a Kingdom (Hundred Kingdoms, #1)",Alexandra Christo,3.72,8,678
3836,Gates of Fire,Steven Pressfield,4.40,9,677
3837,The Watsons Go to Birmingham - 1963,Christopher Paul Curtis,4.00,12,677
3838,A Disturbed Girl's Guide to Curing Boredom,James   Howell,3.72,7,677
3839,"The Silent Corner (Jane Hawk, #1)",Dean Koontz,3.93,8,677
3840,The 21 Irrefutable Laws of Leadership: Follow Them and People Will Follow You,John C. Maxwell,4.16,8,677
3841,"Fractured (Will Trent, #2)",Karin Slaughter,4.16,8,677
3842,Obama's Wars,Bob Woodward,3.82,7,677
3843,The Bonesetter's Daughter,Amy Tan,4.00,9,676
3844,The Assiduous Quest of Tobias Hopkins: The Complete Novel,James Faro,4.12,7,676
3845,Loki's Price,Julie Mannino,4.29,7,676
3846,Blue Ocean Strategy: How to Create Uncontested Market Space and Make the Competition Irrelevant,W. Chan Kim,4.02,7,675
3847,Rising Sun,Michael Crichton,3.66,10,675
3848,The Happiness Equation: Want Nothing + Do Anything = Have Everything,Neil Pasricha,3.86,8,675
3849,"The Blessing Way (Leaphorn & Chee, #1)",Tony Hillerman,4.01,9,675
3850,Rooftops of Tehran,Mahbod Seraji,3.96,7,674
3851,The 8th Habit: From Effectiveness to Greatness (The Covey Habits Series),Stephen R. Covey,4.03,8,674
3852,"Clear and Present Danger (Jack Ryan, #5; Jack Ryan Universe, #6)",Tom Clancy,4.14,8,674
3853,How to Develop Self-Confidence & Influence People by Public Speaking,Dale Carnegie,4.10,9,674
3854,"The Fall of the Phoenix (Heroes of Troy, #1)",Daniel  Kelly,4.40,7,674
3855,Goals!: How to Get Everything You Want Faster Than You Ever Thought Possible,Brian Tracy,4.25,8,674
3856,"The Dentist (DS Cross Mysteries, #1)",Tim  Sullivan,4.17,7,674
3857,"Across the Universe (Across the Universe, #1)",Beth Revis,3.77,8,673
3858,The Code: The Assiduous Quest of Tobias Hopkins - Part Two,James Faro,4.58,7,673
3859,The Statistical Probability of Love at First Sight,Jennifer E. Smith,3.75,8,673
3860,Amazonia,James Rollins,4.15,8,673
3861,"A Perilous Undertaking (Veronica Speedwell, #2)",Deanna Raybourn,4.09,9,673
3862,"Messenger of Truth (Maisie Dobbs, #4)",Jacqueline Winspear,4.02,8,673
3863,The Peacegiver: How Christ Offers to Heal Our Hearts and Homes,James L. Ferrell,4.40,8,672
3864,"Females of Valor (The Viking's Kurdish Love, #2)",Widad Akreyi,4.74,7,672
3865,"The Complete Tales and Poems of Winnie-the-Pooh (Winnie-the-Pooh, #1-4)",A.A. Milne,4.38,11,671
3866,Life After God,Douglas Coupland,3.84,9,671
3867,Dempsey (Tier One #7),Brian  Andrews,4.61,7,671
3868,"The Girl In The Toile Wallpaper (The Star Writers Trilogy, #1)",Mary K. Savarese,4.27,8,671
3869,The Brothers K,David James Duncan,4.39,8,670
3870,The Eyes of the Dragon,Stephen        King,3.95,10,670
3871,"Carve the Mark (Carve the Mark, #1)",Veronica Roth,3.78,8,670
3872,"Zoroastrians' Fight for Survival (The Viking's Kurdish Love, #1)",Widad Akreyi,4.70,7,670
3873,Shane,Jack Schaefer,3.95,8,669
3874,The Art of Loving,Erich Fromm,4.00,9,669
3875,"Reached (Matched, #3)",Ally Condie,3.54,8,669
3876,The Dhammapada,Anonymous,4.27,9,669
3877,Me and Earl and the Dying Girl,Jesse Andrews,3.51,8,669
3878,Homecoming: The Assiduous Quest of Tobias Hopkins - Part One,James Faro,4.48,7,669
3879,The Children of Húrin,J.R.R. Tolkien,4.05,9,668
3880,The Devil's Arithmetic,Jane Yolen,4.03,8,668
3881,Warriors Don't Cry: A Searing Memoir of the Battle to Integrate Little Rock's Central High,Melba Pattillo Beals,4.17,7,668
3882,"Empire of Storms (Throne of Glass, #5)",Sarah J. Maas,4.63,9,668
3883,Difficult Conversations: How to Discuss What Matters Most,Douglas Stone,4.07,8,667
3884,"Blue Lily, Lily Blue (The Raven Cycle, #3)",Maggie Stiefvater,4.26,8,667
3885,The Invention of Morel,Adolfo Bioy Casares,3.98,8,666
3886,Os Maias,Eça de Queirós,3.99,10,666
3887,"Annihilation (Southern Reach, #1)",Jeff VanderMeer,3.79,8,666
3888,"Magpie Murders (Susan Ryeland, #1)",Anthony Horowitz,3.95,8,666
3889,Amatore's Restaurant,James Sillwood,4.15,7,665
3890,Child of God,Cormac McCarthy,3.82,9,665
3891,"The Dark Bones (A Dark Lure, #2)",Loreth Anne White,4.23,7,665
3892,The Seven Deaths of Evelyn Hardcastle,Stuart Turton,3.80,9,665
3893,"The Awakening (Darkest Powers, #2)",Kelley Armstrong,4.14,9,664
3894,"Only Time Will Tell (The Clifton Chronicles, #1)",Jeffrey Archer,4.11,10,664
3895,"Murder in the Mews (Hercule Poirot, #16)",Agatha Christie,3.78,9,664
3896,Ghosts of Waikiki,Jennifer K. Morita,3.90,7,664
3897,A Lantern in Her Hand,Bess Streeter Aldrich,4.19,9,663
3898,Cinderella Ate My Daughter: Dispatches from the Frontlines of the New Girlie-Girl Culture,Peggy Orenstein,3.67,7,663
3899,Prayers for the Stolen,Jennifer Clement,3.97,7,663
3900,The Bronze Bow,Elizabeth George Speare,4.02,8,662
3901,Shoeless Joe,W.P. Kinsella,3.97,10,661
3902,"Fearless Fourteen (Stephanie Plum, #14)",Janet Evanovich,4.06,9,661
3903,"Cross (Alex Cross, #12)",James  Patterson,4.05,8,660
3904,The 7 Habits of Highly Effective Teens: The Ultimate Teenage Success Guide,Sean Covey,4.05,9,660
3905,"Betrayal in Death (In Death, #12)",J.D. Robb,4.34,8,660
3906,Murder in the Pacific: Ifira Point (Murder in the Pacific #1),Matt Francis,4.28,8,660
3907,"Ringworld (Ringworld, #1)",Larry Niven,3.94,9,659
3908,"The Pigman (The Pigman, #1)",Paul Zindel,3.60,10,659
3909,The Black Obelisk,Erich Maria Remarque,4.38,8,659
3910,The Little Book of Lykke: The Danish Search for the World's Happiest People,Meik Wiking,3.99,8,659
3911,The Man Who Was Thursday: A Nightmare,G.K. Chesterton,3.83,9,658
3912,An Enchantment of Ravens,Margaret  Rogerson,3.64,8,658
3913,The New Oxford Annotated Bible: New Revised Standard Version,Anonymous,4.35,8,657
3914,Next,Michael Crichton,3.53,9,657
3915,"The Kill Order (The Maze Runner, #0.4)",James Dashner,3.71,8,656
3916,A Simple Plan,Scott        Smith,3.91,8,656
3917,"The Oldest Dance (Wisdom Revolution, #2)",Misba,4.71,7,656
3918,"Chrzest ognia (Saga o Wiedźminie, #3)",Andrzej Sapkowski,4.26,9,655
3919,"Truthwitch (The Witchlands, #1)",Susan Dennard,3.85,8,655
3920,A Grief Observed,C.S. Lewis,4.22,10,654
3921,"Ice Cold (Rizzoli & Isles, #8)",Tess Gerritsen,4.19,8,654
3922,Intuition Magic: Understanding Your Psychic Nature,Linda  Keen,4.37,8,654
3923,The Bridge of San Luis Rey,Thornton Wilder,3.79,10,653
3924,The Four Loves,C.S. Lewis,4.17,8,653
3925,Warbreaker,Brandon Sanderson,4.30,7,653
3926,"Darkfever (Fever, #1)",Karen Marie Moning,4.06,10,653
3927,Pygmy,Chuck Palahniuk,2.99,8,652
3928,"Gabriel's Rapture (Gabriel's Inferno, #2)",Sylvain Reynard,4.20,8,652
3929,The Last Valentine,Felix Alexander,4.07,7,652
3930,Is Goat Beef?,Jeffery M. Camp,4.16,7,652
3931,"The Year of Less: How I Stopped Shopping, Gave Away My Belongings, and Discovered Life Is Worth More Than Anything You Can Buy in a Store",Cait Flanders,3.46,9,652
3932,"Twelve Sharp (Stephanie Plum, #12)",Janet Evanovich,4.17,8,652
3933,"Murder in Mesopotamia (Hercule Poirot, #14)",Agatha Christie,3.94,8,650
3934,"The A.B.C. Murders (Hercule Poirot, #13)",Agatha Christie,4.03,12,650
3935,Full Moon Saturday Night,Mark Barkawitz,4.29,7,650
3936,Disclaimer,Renée Knight,3.62,8,650
3937,How to Talk So Kids Will Listen & Listen So Kids Will Talk,Adele Faber,4.27,9,650
3938,The Pragmatist’s Guide to Crafting Religion: A playbook for sculpting cultures that overcome demographic collapse & facilitate long-term human flourishing,Simone Collins,4.36,8,650
3939,"Night Fall (John Corey, #3)",Nelson DeMille,4.14,7,649
3940,The Brothers Silver,Marc Jampole,4.25,7,649
3941,"Carling (The One True Child, #2)",L.C. Conn,4.23,7,648
3942,"The Mystery at Lilac Inn (Nancy Drew Mystery Stories, #4)",Carolyn Keene,3.97,9,648
3943,"Shadowland (The Mediator, #1)",Jenny Carroll,4.04,8,648
3944,Critical Path,R. Buckminster Fuller,4.23,9,647
3945,Letters from a Stoic,Seneca,4.34,8,647
3946,"End of Days (Penryn & the End of Days, #3)",Susan Ee,4.06,7,647
3947,The Power,Naomi Alderman,3.75,7,647
3948,Nine Perfect Strangers,Liane Moriarty,3.56,7,646
3949,The Shining Girls,Lauren Beukes,3.54,8,646
3950,"The Vanished Man (Lincoln Rhyme, #5)",Jeffery Deaver,4.12,8,646
3951,Cop Town,Karin Slaughter,3.91,7,646
3952,"The Stranger Diaries (Harbinder Kaur, #1)",Elly Griffiths,3.88,9,646
3953,The Game: Penetrating the Secret Society of Pickup Artists,Neil Strauss,3.73,8,645
3954,Face Of Our Father,G Egore Pitir,4.05,7,645
3955,The Memory Police,Yōko Ogawa,3.71,7,645
3956,"Separation of Power (Mitch Rapp, #5)",Vince Flynn,4.33,8,645
3957,Her Own Legacy (Château de Verzat #1),Debra Borchert,4.42,8,645
3958,The Balance of Time (Time Chain #2),Steven Decker,4.21,7,645
3959,Oranges Are Not the Only Fruit,Jeanette Winterson,3.73,10,644
3960,This Side of Paradise,F. Scott Fitzgerald,3.64,8,644
3961,Living History,Hillary Rodham Clinton,3.76,7,644
3962,Smoke Gets in Your Eyes & Other Lessons from the Crematory,Caitlin Doughty,4.22,9,644
3963,"Appointment with Death (Hercule Poirot, #19)",Agatha Christie,3.87,8,643
3964,Hair on Fire: A Heartwarming & Humorous Christmas Memoir,Larada Horner-Miller,4.36,7,643
3965,Sputnik Sweetheart,Haruki Murakami,3.83,8,642
3966,"The Angel's Game (The Cemetery of Forgotten Books, #2)",Carlos Ruiz Zafón,4.01,8,642
3967,The 5 AM Club: Own Your Morning. Elevate Your Life,Robin Sharma,3.70,8,642
3968,Appointment in Samarra,John O'Hara,3.81,10,641
3969,"Why People Believe Weird Things: Pseudoscience, Superstition, and Other Confusions of Our Time",Michael Shermer,3.86,10,641
3970,"The Blood Gospel (The Order of the Sanguines, #1)",James Rollins,4.01,8,641
3971,Ecstasy,Irvine Welsh,3.61,7,641
3972,The Summons,John Grisham,3.73,8,641
3973,"The House of Silk (Horowitz's Holmes, #1)",Anthony Horowitz,4.01,8,641
3974,Girl in Translation,Jean Kwok,3.99,8,640
3975,"Illuminae (The Illuminae Files, #1)",Amie Kaufman,4.24,7,640
3976,The Place That Gave,Emem Uko,4.42,7,640
3977,The Science of Getting Rich,Wallace D. Wattles,4.13,8,640
3978,the angler and the owl,Viv Drewa,4.55,7,639
3979,"The Heir (The Selection, #4)",Kiera Cass,3.63,9,639
3980,The Paul Street Boys,Ferenc Molnár,4.17,8,639
3981,The Winter People,Jennifer  McMahon,3.82,8,639
3982,The Speed of Dark,Elizabeth Moon,3.99,7,638
3983,The Dark Tower Series: Books 1-7,Stephen        King,4.62,11,638
3984,"First Grave on the Right (Charley Davidson, #1)",Darynda Jones,4.03,8,638
3985,"You Really Are Full of Shit, Aren't You?",Karl Wiggins,4.16,7,638
3986,"The Young Elites (The Young Elites, #1)",Marie Lu,3.86,9,638
3987,Gerald's Game,Stephen        King,3.58,9,638
3988,"High Couch of Silistra (Silistra, #1)",Janet E. Morris,3.58,8,638
3989,Why I'm No Longer Talking to White People About Race,Reni Eddo-Lodge,4.38,7,638
3990,New World Translation of the Holy Scriptures (1984),Anonymous,4.49,7,637
3991,My Life in France,Julia Child,4.16,10,637
3992,"Proven Guilty (The Dresden Files, #8)",Jim  Butcher,4.39,8,637
3993,Martin Eden,Jack  London,4.48,7,637
3994,"Carry On (Simon Snow, #1)",Rainbow Rowell,4.16,9,637
3995,"Farmer Boy (Little House, #2)",Laura Ingalls Wilder,4.10,10,636
3996,"The Bone Season (The Bone Season, #1)",Samantha    Shannon,3.83,9,636
3997,"The Black Cauldron (The Chronicles of Prydain, #2)",Lloyd Alexander,4.12,8,635
3998,"Among the Hidden (Shadow Children, #1)",Margaret Peterson Haddix,3.99,10,635
3999,Secrets of the Millionaire Mind: Mastering the Inner Game of Wealth,T. Harv Eker,4.21,7,635
4000,"The Rescue (Ryan Decker, #1)",Steven Konkoly,4.15,7,635
4001,"Murder Is Easy  (Superintendent Battle, #4)",Agatha Christie,3.77,9,634
4002,My Beloved,T.M. Mendes,3.86,7,634
4003,The Devil and the Dark Water,Stuart Turton,3.84,8,634
4004,"Wolves of the Calla (The Dark Tower, #5)",Stephen        King,4.20,8,633
4005,"Elantris (Elantris, #1)",Brandon Sanderson,4.17,9,632
4006,"The 100 (The 100, #1)",Kass Morgan,3.58,8,632
4007,"Snow Like Ashes (Snow Like Ashes, #1)",Sara Raasch,3.88,8,632
4008,The Girls,Emma Cline,3.51,8,632
4009,"""A Problem from Hell"": America and the Age of Genocide",Samantha Power,4.26,7,631
4010,The Complete Tales,Beatrix Potter,4.36,10,631
4011,"Curtain (Hercule Poirot, #44)",Agatha Christie,4.10,9,631
4012,A Taste of Peace,J.J. Sorel,4.24,7,631
4013,Ace of Spades,Faridah Àbíké-Íyímídé,4.14,8,631
4014,"Ahab's Wife, or The Star-Gazer",Sena Jeter Naslund,4.03,9,630
4015,"Magyk (Septimus Heap, #1)",Angie Sage,3.86,8,630
4016,The Element: How Finding Your Passion Changes Everything,Ken Robinson,3.86,7,630
4017,"One Shot (Jack Reacher, #9)",Lee Child,4.24,7,630
4018,"Written in My Own Heart's Blood (Outlander, #8)",Diana Gabaldon,4.55,8,630
4019,Seven Years in Tibet,Heinrich Harrer,4.10,9,630
4020,Assuming Names: A Con Artist's Masquerade,Tanya Thompson,3.66,7,630
4021,Midnight at the Bright Ideas Bookstore,Matthew J. Sullivan,3.80,9,630
4022,The Sky Is Everywhere,Jandy Nelson,3.96,7,629
4023,"An Incomplete Revenge (Maisie Dobbs, #5)",Jacqueline Winspear,4.13,8,629
4024,The Freedom Writers Diary,Erin Gruwell,4.15,9,628
4025,"The Demon King (Seven Realms, #1)",Cinda Williams Chima,4.16,7,628
4026,"Cruel & Unusual (Kay Scarpetta, #4)",Patricia Cornwell,4.13,8,628
4027,"The Last Town (Wayward Pines, #3)",Blake Crouch,4.10,7,628
4028,"Perfect (Perfect, #1)",Tricia Copeland,4.31,7,628
4029,"The Present: The Secret to Enjoying Your Work and Life, Now!",Spencer Johnson,3.91,7,628
4030,When They Call You a Terrorist: A Black Lives Matter Memoir,Patrisse Khan-Cullors,4.50,8,628
4031,"The Vanishing Stair (Truly Devious, #2)",Maureen Johnson,4.12,9,628
4032,Piranesi,Susanna Clarke,4.22,9,627
4033,"Beholden (Marlowe Black Mystery, #1)",Gabriel F.W. Koch,4.29,7,627
4034,"Mistress of the Art of Death (Mistress of the Art of Death, #1)",Ariana Franklin,3.93,8,626
4035,"Master & Commander (Aubrey & Maturin, #1)",Patrick O'Brian,4.07,9,625
4036,The Assistant,Elle Brace,3.95,7,625
4037,Shoe Dog: A Memoir by the Creator of Nike,Phil Knight,4.47,7,625
4038,Stiff: The Curious Lives of Human Cadavers,Mary Roach,4.06,8,625
4039,"Braiding Sweetgrass: Indigenous Wisdom, Scientific Knowledge, and the Teachings of Plants",Robin Wall Kimmerer,4.52,7,625
4040,Cancer: It can be a lonely journey,Ron Millicent,4.38,7,624
4041,Fierce Invalids Home from Hot Climates,Tom Robbins,4.04,7,623
4042,Heartless,Marissa Meyer,4.09,8,623
4043,"The Last Wish (The Witcher, #0.5)",Andrzej Sapkowski,4.14,7,623
4044,"Dear Ijeawele, or A Feminist Manifesto in Fifteen Suggestions",Chimamanda Ngozi Adichie,4.51,7,623
4045,Religious Literacy: What Every American Needs to Know--And Doesn't,Stephen Prothero,3.63,8,622
4046,Black Boy,Richard Wright,4.09,7,622
4047,"The Call to Serve (The Serve, #1)",Cece Whittaker,4.27,7,622
4048,Introvert Power: Why Your Inner Life Is Your Hidden Strength,Laurie A. Helgoe,3.84,7,622
4049,Empire of the Senseless,Kathy Acker,3.68,8,622
4050,Digital Minimalism: Choosing a Focused Life in a Noisy World,Cal Newport,4.06,8,622
4051,"Stamped: Racism, Antiracism, and You",Jason Reynolds,4.47,7,622
4052,Start Where You Are: A Guide to Compassionate Living,Pema Chödrön,4.23,8,621
4053,Samarkand,Amin Maalouf,4.24,8,621
4054,"Catch and Kill: Lies, Spies, and a Conspiracy to Protect Predators",Ronan Farrow,4.40,8,621
4055,"Abhorsen (Abhorsen, #3)",Garth Nix,4.24,8,620
4056,"Body Double (Rizzoli & Isles, #4)",Tess Gerritsen,4.19,8,620
4057,The Interesting Narrative of the Life of Olaudah Equiano,Olaudah Equiano,3.74,8,620
4058,"Triptych (Will Trent, #1)",Karin Slaughter,4.13,8,620
4059,"The Keepsake (Rizzoli & Isles, #7)",Tess Gerritsen,4.12,8,620
4060,"The Absolute Sandman, Volume 1",Neil Gaiman,4.64,12,619
4061,"A Swiftly Tilting Planet (Time Quintet, #3)",Madeleine L'Engle,4.08,9,619
4062,"Dreams of Winter (A Forgotten Gods Tale, #1)",Christian Warren Freed,4.34,7,619
4063,I'm a Stranger Here Myself: Notes on Returning to America After Twenty Years Away,Bill Bryson,3.90,7,619
4064,"The Kiss Quotient (The Kiss Quotient, #1)",Helen Hoang,3.88,8,618
4065,"Outer Order, Inner Calm: Declutter & Organize to Make More Room for Happiness",Gretchen Rubin,3.55,8,618
4066,My Own Words,Ruth Bader Ginsburg,4.03,8,618
4067,"Smile (Smile, #1)",Raina Telgemeier,4.23,8,617
4068,"This Is How: Proven Aid in Overcoming Shyness, Molestation, Fatness, Spinsterhood, Grief, Disease, Lushery, Decrepitude & More. For Young and Old Alike.",Augusten Burroughs,3.68,7,617
4069,Sometimes I Lie,Alice Feeney,3.76,8,617
4070,Drive Your Plow Over the Bones of the Dead,Olga Tokarczuk,3.95,8,617
4071,"A Deadly Education (The Scholomance, #1)",Naomi Novik,3.95,7,617
4072,White Nights,Fyodor Dostoevsky,4.07,7,616
4073,The Allegory of the Cave,Plato,4.25,8,616
4074,"The Man in the Brown Suit (Colonel Race, #1)",Agatha Christie,3.95,7,616
4075,"The Summer I Turned Pretty (Summer, #1)",Jenny Han,3.75,8,616
4076,"Wither (The Chemical Garden, #1)",Lauren DeStefano,3.80,8,616
4077,Recursion,Blake Crouch,4.17,9,616
4078,"Hannibal Rising (Hannibal Lecter, #4)",Thomas  Harris,3.56,8,616
4079,Fluent Forever: How to Learn Any Language Fast and Never Forget It,Gabriel Wyner,4.08,7,616
4080,The Covenant,James A. Michener,4.21,9,615
4081,Elsewhere,Gabrielle Zevin,3.90,7,615
4082,Crush It!: Why Now Is the Time to Cash In on Your Passion,Gary Vaynerchuk,3.87,7,615
4083,Essential Guide to Treat Diabetes and to Lower Cholesterol,Howard T. Joe,4.38,7,615
4084,Ariel,Sylvia Plath,4.19,8,614
4085,The Charisma Myth: How Anyone Can Master the Art and Science of Personal Magnetism,Olivia Fox Cabane,3.92,8,614
4086,"To All the Boys I've Loved Before (To All the Boys I've Loved Before, #1)",Jenny Han,4.04,10,613
4087,Ordinary Men: Reserve Police Battalion 101 and the Final Solution in Poland,Christopher R. Browning,4.11,7,613
4088,"The High Auction (Wisdom Revolution, #1)",Misba,4.70,7,613
4089,The Mist,Stephen        King,3.94,9,612
4090,Cruel Beauty,Rosamund Hodge,3.64,8,612
4091,Going Gone,Abraham Lopez,4.14,7,611
4092,"The Bride (Lairds' Fiancées, #1)",Julie Garwood,4.23,9,610
4093,"A Clean Kill in Tokyo (John Rain, #1)",Barry Eisler,3.99,8,610
4094,"God Bless You, Mr. Rosewater",Kurt Vonnegut Jr.,3.96,7,610
4095,The Cherry Orchard,Anton Chekhov,3.68,8,610
4096,"The Camel Club (The Camel Club, #1)",David Baldacci,4.07,8,610
4097,The Perfect Wife,J.P. Delaney,3.67,7,610
4098,Make Your Bed: Little Things That Can Change Your Life...and Maybe the World,William H. McRaven,4.01,7,610
4099,"The Full Cupboard of Life (No. 1 Ladies' Detective Agency, #5)",Alexander McCall Smith,4.03,8,610
4100,"The Innocent (Will Robie, #1)",David Baldacci,4.19,7,609
4101,Out of Africa / Shadows on the Grass,Isak Dinesen,4.21,11,609
4102,This is Where I Leave You,Jonathan Tropper,3.88,7,609
4103,Reminders of Him,Colleen Hoover,4.35,8,609
4104,"Blue Bloods (Blue Bloods, #1)",Melissa de la Cruz,3.70,9,608
4105,The Brethren,John Grisham,3.77,7,608
4106,"7th Heaven (Women's Murder Club, #7)",James  Patterson,4.12,7,608
4107,Battlefield of the Mind: Winning the Battle in Your Mind,Joyce Meyer,4.32,8,607
4108,Reinventing Your Life: The Breakthrough Program to End Negative Behavior...and Feel Great Again,Jeffrey E. E. Young,4.19,7,607
4109,"Cover Her Face (Adam Dalgliesh, #1)",P.D. James,3.91,8,607
4110,The Bridge Across Forever: A True Love Story,Richard Bach,3.88,10,606
4111,Our Town,Thornton Wilder,3.73,8,606
4112,The Basketball Diaries,Jim Carroll,3.99,8,606
4113,"Gone Tomorrow (Jack Reacher, #13)",Lee Child,4.19,7,606
4114,"The Sweetness at the Bottom of the Pie (Flavia de Luce, #1)",Alan Bradley,3.82,7,606
4115,Chicken Soup for the Soul,Jack Canfield,3.95,8,605
4116,"High Five (Stephanie Plum, #5)",Janet Evanovich,4.18,7,605
4117,"The Sentence is Death (Hawthorne & Horowitz, #2)",Anthony Horowitz,3.98,8,605
4118,Hollywood,Charles Bukowski,3.81,8,604
4119,Chess Story,Stefan Zweig,4.27,7,604
4120,A Unique Kind of Love,Jasmine  Rose,4.13,7,604
4121,The Slight Edge,Jeff Olson,4.29,7,604
4122,The Member of the Wedding,Carson McCullers,3.81,9,603
4123,Subterranean,James Rollins,4.02,8,603
4124,The Elementary Particles,Michel Houellebecq,3.80,7,603
4125,"Finnikin of the Rock (Lumatere Chronicles, #1)",Melina Marchetta,3.91,8,603
4126,A Red Herring Without Mustard (Flavia de Luce #3),Alan Bradley,4.05,8,603
4127,"Daemon (Daemon, #1)",Daniel Suarez,4.16,7,603
4128,"The Murder on the Links (Hercule Poirot, #2)",Agatha Christie,3.87,7,603
4129,Feeling Good: The New Mood Therapy,David D. Burns,4.06,7,602
4130,"Glass Sword (Red Queen, #2)",Victoria Aveyard,3.79,7,602
4131,What the Wind Knows,Amy Harmon,4.36,8,602
4132,"The Night Swim (Rachel Krall, #1)",Megan Goldin,4.03,7,602
4133,The Sun Is Also a Star,Nicola Yoon,3.96,9,601
4134,The Tattooist of Auschwitz,Heather   Morris,4.31,9,601
4135,View Points and Points of View: A 'Phoetry Book' from Cornwall,Clive Blake,4.10,6,600
4136,"Take a Deep Breath - 21 Top Tips for Relaxed, Rewarding and Healthy Life for Stressed Wage Earners",Michal Siwiec,4.18,6,600
4137,Lucky Go Happy: Make Happiness Happen!,Paul Van Der Merwe,4.26,6,600
4138,The Book of Jubilees,Eric M. Black,4.64,6,600
4139,Angles - Part I,Erin Lockwood,4.36,6,600
4140,The Sidepiece Handbook,toniwo,4.32,6,600
4141,"Deadly Pretty Strangers: One dead body, one bereaved mother, one small favour ...",Max Thorn,4.29,6,600
4142,"Rock-A-Bye Baby (The Sand Maiden, #2)",L.R.W. Lee,3.62,6,600
4143,What We Think We Become,Durgesh Satpathy,4.21,6,600
4144,"The Removable Root Cause of Cancers and other Chronic Diseases : The Effort Theory of Evolution, Chronic Diseases and Extinction",Paul Ola,3.70,6,600
4145,"To the Nines (Stephanie Plum, #9)",Janet Evanovich,4.16,7,600
4146,The Body Is Not an Apology: The Power of Radical Self-Love,Sonya Renee Taylor,4.22,7,600
4147,The Dirty Truth,T.J. Anderson,4.31,7,599
4148,"Broken Point (The Wayward Gifted, #1)",Donna K. Childree,3.99,6,599
4149,Just Around The Bend: Más o Menos,Renée Paule,4.38,6,599
4150,Ain't I a Woman: Black Women and Feminism,bell hooks,4.51,7,599
4151,Dear Su Yen,Su-Yen Hu,4.06,6,599
4152,"Liar, Temptress, Soldier, Spy: Four Women Undercover in the Civil War",Karen Abbott,3.76,7,599
4153,The Valley of Unknowing,Philip Sington,3.85,6,598
4154,At the Mountains of Madness,H.P. Lovecraft,3.79,8,598
4155,"Touch Me (Touch, #1)",T.H. Snyder,3.76,6,598
4156,Brazen Violations (Betts & Walker Book 2),Jonathan Macpherson,4.11,6,598
4157,"Fool Moon (The Dresden Files, #2)",Jim  Butcher,3.98,7,598
4158,Game Night,Cassidy Storm,3.55,6,598
4159,"Sex: How to Get More of It: A guy’s roadmap to paradise, in and out of the bedroom",Jodi Ambrose,4.07,6,597
4160,The Unwords,Non Nomen,3.66,6,597
4161,The Art of Startup Fundraising,Alejandro Cremades,4.04,6,597
4162,"Red, White & Royal Blue",Casey McQuiston,4.06,7,597
4163,"Ten Big Ones (Stephanie Plum, #10)",Janet Evanovich,4.15,8,597
4164,I've Got Your Number,Sophie Kinsella,3.94,8,597
4165,The Power of Intention: Learning to Co-Create Your World Your Way,Wayne W. Dyer,4.20,9,596
4166,The Piano Teacher,Elfriede Jelinek,3.60,8,596
4167,The Constant Gardener,John Le Carré,3.83,9,596
4168,"The Bear and the Dragon  (John Clark, #3; Jack Ryan Universe, #11)",Tom Clancy,3.91,7,596
4169,Girl Talk,Cassidy Storm,3.84,6,596
4170,Adjustment Day,Chuck Palahniuk,3.20,7,596
4171,"Dark Sacred Night (Renée Ballard, #2; Harry Bosch, #21; Harry Bosch Universe, #32)",Michael    Connelly,4.18,9,596
4172,"Eight Cousins (Eight Cousins, #1)",Louisa May Alcott,4.02,8,595
4173,The Power of a Praying Parent,Stormie Omartian,4.48,7,595
4174,Rocket Boys (Coalwood #1),Homer Hickam,4.20,7,595
4175,"Buddha's Brain: The Practical Neuroscience of Happiness, Love, and Wisdom",Rick     Hanson,4.00,7,595
4176,I'd Rather Be Reading: The Delights and Dilemmas of the Reading Life,Anne Bogel,4.02,7,595
4177,Journey to the West: A Long March from Eastern Dream to Western Reality,Biao  Wang,4.29,6,595
4178,"Chosen (House of Night, #3)",P.C. Cast,3.91,10,594
4179,The Liars' Club,Mary Karr,3.94,8,594
4180,"Revealing Eden (Save the Pearls, #1)",Victoria Foyt,1.99,6,594
4181,Exquisite Corpse,Poppy Z. Brite,3.79,8,594
4182,Healing Stone,Brock Booher,4.15,6,594
4183,"Tower of Dawn (Throne of Glass, #6)",Sarah J. Maas,4.27,7,594
4184,Breath: The New Science of a Lost Art,James Nestor,4.15,7,594
4185,"Fifth Business (The Deptford Trilogy, #1)",Robertson Davies,4.06,8,593
4186,Notes of a Dirty Old Man,Charles Bukowski,3.92,9,593
4187,The Success Principles: How to Get from Where You Are to Where You Want to Be,Jack Canfield,4.25,7,593
4188,"A Wind in the Door (Time Quintet, #2)",Madeleine L'Engle,3.99,8,593
4189,Mallard the Quack,Adam Nicke,4.78,6,593
4190,Wild Geese,Mary Oliver,4.60,8,592
4191,"The Fall of Hyperion (Hyperion Cantos, #2)",Dan Simmons,4.24,8,592
4192,The Complete Collected Poems,Maya Angelou,4.44,8,592
4193,Mr. Perfect,Linda Howard,4.05,10,592
4194,Puhdistus,Sofi Oksanen,3.91,7,592
4195,"The Story of Babar (Babar, #1)",Jean de Brunhoff,4.08,8,592
4196,The Change (Blue River Chronicles #2),C.M. Meridian,4.44,6,592
4197,The Dance of Anger: A Woman's Guide to Changing the Patterns of Intimate Relationships,Harriet Lerner,4.11,7,592
4198,"Iron Lake (Cork O'Connor, #1)",William Kent Krueger,3.97,7,592
4199,My Stroke of Insight: A Brain Scientist's Personal Journey,Jill Bolte Taylor,3.91,7,591
4200,And Then Run,Eric Hublot,3.49,6,591
4201,Coinman: An Untold Conspiracy,Pawan Mishra,3.81,6,591
4202,Fool Me Once (Detective Sami Kierce #1),Harlan Coben,3.97,7,591
4203,"Daughter of the Pirate King (Daughter of the Pirate King, #1)",Tricia Levenseller,3.94,7,591
4204,"Maybe Someday (Maybe, #1)",Colleen Hoover,3.98,8,590
4205,"First Contact (Aoleon The Martian Girl, #1)",Brent LeVasseur,4.06,6,590
4206,Murder in the Cathedral,T.S. Eliot,3.72,10,589
4207,Fairy Tales,Hans Christian Andersen,4.07,11,589
4208,"In the Pines (Columbia River, #3; Mercy Kilpatrick, #7)",Kendra Elliot,4.37,6,589
4209,"Sizzling Sixteen (Stephanie Plum, #16)",Janet Evanovich,3.98,8,589
4210,"It Had to Be You (Chicago Stars, #1)",Susan Elizabeth Phillips,4.00,7,588
4211,"Evil Under the Sun (Hercule Poirot, #24)",Agatha Christie,3.98,11,588
4212,"Feed (Newsflesh, #1)",Mira Grant,3.85,8,588
4213,The Known World,Edward P. Jones,3.84,7,588
4214,Mein Kampf,Adolf Hitler,3.18,8,588
4215,Antony and Cleopatra,William Shakespeare,3.71,7,588
4216,My Loose Thread,Dennis Cooper,3.77,7,588
4217,"Conjunction (The Wise Society, #1)",A.D. Zoltan,4.36,6,588
4218,"Emotional Agility: Get Unstuck, Embrace Change, and Thrive in Work and Life",Susan  David,3.99,8,588
4219,"The Mirror Crack'd from Side to Side (Miss Marple, #8)",Agatha Christie,3.95,7,587
4220,A Constellation of Vital Phenomena,Anthony Marra,4.12,7,587
4221,The China-America Alliance: East Asian and American Cultural Values Promote Global Harmony,Jack C. Westman,4.53,6,587
4222,No Longer Human,Osamu Dazai,3.96,6,587
4223,"Bad Luck and Trouble (Jack Reacher, #11)",Lee Child,4.22,9,587
4224,"Oath Taker (Kingdom of Runes, #1)",Audrey  Grey,3.84,6,587
4225,"The Present (VanWest, #2)",Kenneth   Thomas,3.64,6,587
4226,"The Child Finder (Naomi Cottle, #1)",Rene Denfeld,3.95,7,587
4227,The Princess Diarist,Carrie Fisher,3.70,7,586
4228,"Triple Deception (Remmich/Miller, #4)",Karl Braungart,4.32,7,586
4229,"Judgment in Death (In Death, #11)",J.D. Robb,4.37,7,586
4230,Ward D,Freida McFadden,3.98,6,586
4231,The Art of Pushing Forward: A Guide to Overcoming Life's Resistance,Ramzi Najjar,5.00,6,586
4232,A Modest Proposal and Other Satirical Works,Jonathan Swift,4.05,12,585
4233,Company of Liars,Karen Maitland,3.86,8,585
4234,Every Man Dies Alone,Hans Fallada,4.26,6,585
4235,"Worth Dying For (Jack Reacher, #15)",Lee Child,4.22,7,585
4236,Daisy Jones & The Six,Taylor Jenkins Reid,4.20,9,585
4237,Never Let You Go,Chevy Stevens,3.97,7,585
4238,100 Ways to Motivate Yourself: Change Your Life Forever,Steve Chandler,4.01,8,585
4239,Ego Is the Enemy,Ryan Holiday,4.14,7,585
4240,"A Better Man (Chief Inspector Armand Gamache, #15)",Louise Penny,4.30,7,585
4241,The Aleph and Other Stories,Jorge Luis Borges,4.33,10,584
4242,"Tripwire  (Jack Reacher, #3)",Lee Child,4.12,7,584
4243,This Is Where It Ends,Marieke Nijkamp,3.68,8,584
4244,The Devil and Miss Prym,Paulo Coelho,3.62,8,582
4245,"Three Day Road (Bird Family Trilogy, #1)",Joseph Boyden,4.28,7,582
4246,Change of Heart,Jodi Picoult,3.94,9,582
4247,"Sexus (The Rosy Crucifixion, #1)",Henry Miller,4.00,7,582
4248,The Assiduous Quest of Tobias Hopkins: Part Three: The Dutchman,James Faro,4.10,6,582
4249,Voluntary Madness,Vicki Hendricks,3.69,7,582
4250,"Grave Surprise (Harper Connelly, #2)",Charlaine Harris,3.91,7,582
4251,"Murder Must Advertise  (Lord Peter Wimsey, #10)",Dorothy L. Sayers,4.17,10,581
4252,The Gift of Rain,Tan Twan Eng,4.28,6,581
4253,The Lottery,Shirley Jackson,4.04,11,581
4254,The Mindful Path to Self-Compassion: Freeing Yourself from Destructive Thoughts and Emotions,Christopher K. Germer,4.03,7,581
4255,"Rise of the Ranger (The Echoes Saga, #1)",Philip C. Quaintrell,4.22,6,581
4256,The Twenty-One Balloons,William Pène du Bois,3.95,11,580
4257,Wretched:,Katherine Marple,3.58,6,580
4258,"The Lemon Tree: An Arab, a Jew, and the Heart of the Middle East",Sandy Tolan,4.12,7,580
4259,"Glass Houses (The Morganville Vampires, #1)",Rachel Caine,3.92,7,580
4260,"The Magic (The Secret, #3)",Rhonda Byrne,4.13,8,579
4261,"Gardens of the Moon (Malazan Book of the Fallen, #1)",Steven Erikson,3.93,7,579
4262,"A Trick of the Light (Chief Inspector Armand Gamache, #7)",Louise Penny,4.32,8,579
4263,"Lord of Chaos (The Wheel of Time, #6)",Robert Jordan,4.19,10,578
4264,The Power of a Praying Husband,Stormie Omartian,4.26,6,577
4265,"Dom Wars: Round Four (Dom Wars, #4)",Lucian Bane,4.32,6,577
4266,"Four: A Divergent Story Collection (Divergent, #0.1-0.4)",Veronica Roth,3.94,6,577
4267,"Incarceron (Incarceron, #1)",Catherine Fisher,3.65,7,577
4268,"One Corpse Too Many (Chronicles of Brother Cadfael, #2)",Ellis Peters,4.07,7,577
4269,The Mermaid Chair,Sue Monk Kidd,3.22,7,577
4270,"The High Auction (Wisdom Revolution, #1)",Misba,4.70,7,577
4271,Magic for Liars,Sarah Gailey,3.62,7,577
4272,Sundays at Tiffany's,James  Patterson,3.77,10,576
4273,Flight Behavior,Barbara Kingsolver,3.82,8,576
4274,Excuses Begone!,Wayne W. Dyer,4.12,6,576
4275,"Origin (Lux, #4)",Jennifer L. Armentrout,4.32,8,576
4276,The Girl Before,J.P. Delaney,3.70,7,576
4277,"Wool - Holston (Wool, #1)",Hugh Howey,4.20,7,576
4278,Say Nothing: A True Story of Murder and Memory in Northern Ireland,Patrick Radden Keefe,4.47,7,576
4279,The Blood of Flowers,Anita Amirrezvani,3.99,8,575
4280,Battlefield Earth: A Saga of the Year 3000,L. Ron Hubbard,3.55,8,575
4281,"The Face of a Stranger (William Monk, #1)",Anne Perry,4.03,7,574
4282,The Broker,John Grisham,3.84,7,574
4283,"An Unsuitable Job for a Woman (Cordelia Gray, #1)",P.D. James,3.82,7,574
4284,Manhunt: The 12-Day Chase for Lincoln's Killer,James L. Swanson,4.16,7,573
4285,Radical Acceptance: Embracing Your Life With the Heart of a Buddha,Tara Brach,4.16,7,573
4286,"Shattered Lives: A Brutal Murder, A Cop On The Edge",Peter Seymour,4.30,6,573
4287,Big Breath In,John Straley,3.68,6,573
4288,Blankets,Craig Thompson,4.06,8,572
4289,When Bad Things Happen to Good People,Harold S. Kushner,4.02,7,572
4290,"The Fifth Season (The Broken Earth, #1)",N.K. Jemisin,4.30,7,572
4291,"The Nature of the Beast (Chief Inspector Armand Gamache, #11)",Louise Penny,4.25,7,572
4292,"A Morbid Taste for Bones (Chronicles of Brother Cadfael, #1)",Ellis Peters,3.96,7,572
4293,Brain on Fire: My Month of Madness,Susannah Cahalan,4.09,7,571
4294,The Lying Game,Ruth Ware,3.53,8,571
4295,"A Court of Mist and Fury (A Court of Thorns and Roses, #2)",Sarah J. Maas,4.64,8,570
4296,"The Courage to Be Disliked: How to Free Yourself, Change your Life and Achieve Real Happiness",Ichiro Kishimi,3.95,7,570
4297,The Death of Mrs. Westaway,Ruth Ware,3.80,7,570
4298,"Present Over Perfect: Leaving Behind Frantic for a Simpler, More Soulful Way of Living",Shauna Niequist,3.82,7,570
4299,"Caraval (Caraval, #1)",Stephanie Garber,3.97,6,569
4300,The Female of the Species,Mindy McGinnis,4.15,7,569
4301,The Places That Scare You: A Guide to Fearlessness in Difficult Times,Pema Chödrön,4.23,7,569
4302,"Seven Up (Stephanie Plum, #7)",Janet Evanovich,4.15,7,569
4303,The Ruins of Woodman's Village (An LT Nichols Mystery #1),Albert Waitt,4.27,6,569
4304,"Three Bedrooms, One Corpse  (Aurora Teagarden, #3)",Charlaine Harris,3.82,7,569
4305,The Little House,Virginia Lee Burton,4.30,9,568
4306,Fairest,Gail Carson Levine,3.89,7,568
4307,Freedom,Jonathan Franzen,3.79,7,568
4308,The Contortionist's Handbook,Craig Clevenger,3.97,7,568
4309,Night Train,Martin Amis,3.28,7,568
4310,Leadership Lessons From Mom,Mark Villareal,4.33,6,568
4311,"The Talent Code: Unlocking the Secret of Skill in Sports, Art, Music, Math, and Just About Everything Else",Daniel Coyle,4.04,7,567
4312,"Heir of Fire (Throne of Glass, #3)",Sarah J. Maas,4.45,7,567
4313,Black Ice,Stephen Tesher,4.29,6,567
4314,"Girl Waits with Gun (Kopp Sisters, #1)",Amy  Stewart,3.77,7,567
4315,"The Black Ice (Harry Bosch, #2; Harry Bosch Universe, #2)",Michael    Connelly,4.12,8,567
4316,Weird Things Customers Say in Bookshops,Jen Campbell,3.74,7,567
4317,"The Oldest Dance (Wisdom Revolution, #2)",Misba,4.71,6,567
4318,"The Power (The Secret, #2)",Rhonda Byrne,4.08,7,566
4319,The Lazarus Men,Christian Warren Freed,4.15,6,566
4320,"The Clan of the Cave Bear (Earth's Children, #1)",Jean M. Auel,4.10,7,566
4321,My Utmost for His Highest,Oswald Chambers,4.39,10,565
4322,"Quicksilver (The Baroque Cycle, #1)",Neal Stephenson,3.93,7,565
4323,"Rainbow Six (John Clark, #2; Jack Ryan Universe, #10)",Tom Clancy,4.13,7,565
4324,"This Savage Song (Monsters of Verity, #1)",Victoria E. Schwab,4.03,7,565
4325,With the Old Breed: At Peleliu and Okinawa,Eugene B. Sledge,4.48,7,565
4326,The Tales of Peter the Pixie Vol 1: New Friends,Gary Edward Gedall,4.40,6,565
4327,"Iron Gold (Red Rising Saga, #4)",Pierce Brown,4.22,6,565
4328,In the Shadow of Blackbirds,Cat Winters,3.85,7,565
4329,"The Ex Hex (The Ex Hex, #1)",Erin Sterling,3.48,7,564
4330,Jackdaws,Ken Follett,4.08,7,563
4331,The Story of Art,E.H. Gombrich,3.96,7,563
4332,Alternatives to a Frozen Mouse,A.J. Mouse,4.19,6,563
4333,White Collar Blackmail,Peter   Ralph,4.28,6,563
4334,The Coma,Alex Garland,3.39,7,563
4335,The Seven Dials Mystery (Superintendent Battle #2),Agatha Christie,3.80,7,563
4336,"Size 12 Is Not Fat (Heather Wells, #1)",Meg Cabot,3.77,7,562
4337,"Blood for Blood (Ziba MacKenzie, #1)",Victoria Selman,3.79,6,562
4338,Refugee,Alan Gratz,4.37,7,562
4339,The Egg,Andy Weir,4.21,7,561
4340,"The Chemistry of Death (David Hunter, #1)",Simon Beckett,4.17,7,561
4341,The Biographies of Jesus' Apostles: Ambassadors in Chains,James Allen Moseley,4.36,6,561
4342,Ballet Shoes,Noel Streatfeild,4.07,9,560
4343,Stormbreaker (Alex Rider #1),Anthony Horowitz,3.98,7,560
4344,The Three Stigmata of Palmer Eldritch,Philip K. Dick,4.01,8,560
4345,"The Affair (Jack Reacher, #16)",Lee Child,4.16,7,560
4346,"Moriarty (Horowitz's Holmes, #2)",Anthony Horowitz,3.80,7,560
4347,"Slave (Finding Anna, #1)",Sherri Hayes,3.87,6,559
4348,Selected Stories of Anton Chekhov,Anton Chekhov,4.37,8,559
4349,Unbearable Lightness: A Story of Loss and Gain,Portia de Rossi,3.83,6,559
4350,The Dreamers,Gilbert Adair,3.63,7,559
4351,"The Body Reader (Detective Jude Fontaine Mysteries, #1)",Anne Frasier,4.22,6,559
4352,Out Stealing Horses,Per Petterson,3.81,6,558
4353,"The Body in the Library (Miss Marple, #2)",Agatha Christie,3.82,10,558
4354,The Sacred Band,Janet E. Morris,4.47,7,558
4355,"A Court of Wings and Ruin (A Court of Thorns and Roses, #3)",Sarah J. Maas,4.47,7,558
4356,No More Mr. Nice Guy,Robert A. Glover,4.04,6,558
4357,Heart-Shaped Lies,Elizabeth Agyemang,3.54,6,558
4358,Without Feathers,Woody Allen,3.90,8,557
4359,"King Henry IV, Part 1",William Shakespeare,3.80,6,557
4360,The Day of the Locust,Nathanael West,3.70,9,557
4361,Tidal Mist,Honor Donohoe,4.23,6,557
4362,Another Sunny Day,D.K. Janotta,4.54,6,557
4363,"The Word is Murder (Hawthorne & Horowitz, #1)",Anthony Horowitz,3.93,7,557
4364,Existentialism is a Humanism,Jean-Paul Sartre,3.98,8,556
4365,"It's Not How Good You Are, It's How Good You Want To Be",Paul Arden,3.63,7,556
4366,"A Killer's Mind (Zoe Bentley Mystery, #1)",Mike Omer,4.21,6,556
4367,"Jackaby (Jackaby, #1)",William  Ritter,3.83,7,555
4368,A Love Story How God Pursued Me and Found Me: An Impossibly True Story,Samantha Ryan Chandler,4.13,6,555
4369,The Feast of the Goat,Mario Vargas Llosa,4.34,7,555
4370,The Time Traveller's Guide to Medieval England: A Handbook for Visitors to the Fourteenth Century,Ian Mortimer,4.01,6,555
4371,The Ultimate Religion,Gillian Dance,4.44,6,554
4372,"The High Auction (Wisdom Revolution, #1)",Misba,4.70,6,554
4373,"Nemesis (Harry Hole, #4)",Jo Nesbø,3.98,7,553
4374,Public Information,Rolf Margenau,4.17,6,553
4375,Later,Stephen        King,3.97,7,553
4376,The Thousand Autumns of Jacob de Zoet,David Mitchell,4.03,7,552
4377,Uncovering Love,J.J. Sorel,4.27,6,552
4378,"The Oldest Dance (Wisdom Revolution, #2)",Misba,4.71,6,552
4379,Two Can Keep a Secret,Karen M. McManus,3.92,8,552
4380,"The Ask and the Answer (Chaos Walking, #2)",Patrick Ness,4.18,7,551
4381,I Will Wait for You: Eternal Bliss,Linda Masemore Pirrung,4.44,6,551
4382,"World After (Penryn & the End of Days, #2)",Susan Ee,4.14,7,551
4383,Nothing Can Come Between Us,Cherlina Works,4.22,6,551
4384,"Jack's Day (Jack's Reign, #1)",Julie Mannino,4.74,6,551
4385,"Prince of Thorns (Broken Empire, #1)",Mark  Lawrence,3.83,6,550
4386,"Through the Ever Night (Under the Never Sky, #2)",Veronica Rossi,4.13,7,550
4387,The Rooster Bar,John Grisham,3.65,6,550
4388,Tell Me Everything,Cambria Brockman,3.65,6,550
4389,Closer,Dennis Cooper,3.67,7,550
4390,The Doomsday Conspiracy,Sidney Sheldon,3.66,7,549
4391,"Children of the Mind (Ender's Saga, #4)",Orson Scott Card,3.78,7,549
4392,The Wife Between Us,Greer Hendricks,3.83,7,549
4393,Give and Take: A Revolutionary Approach to Success,Adam M. Grant,4.07,7,549
4394,A Slow Fire Burning,Paula Hawkins,3.50,6,549
4395,"The Last Policeman (The Last Policeman, #1)",Ben H. Winters,3.77,9,549
4396,"Conspiracy in Death (In Death, #8)",J.D. Robb,4.37,8,549
4397,The Eagle and the Swan,Carol Strickland,4.40,7,549
4398,The Futurological Congress: From the Memoirs of Ijon Tichy,Stanisław Lem,4.18,7,548
4399,"Wicked Betrayal (New England Witch Chronicles, #3)",Chelsea Luna,4.30,6,548
4400,"Choose Yourself: Be Happy, Make Millions, Live the Dream",James Altucher,3.82,6,548
4401,The First Mistake,Sandie Jones,3.77,6,548
4402,The Georgia Express: A Tale of the Civil War,Phillip Urlevich,4.14,6,548
4403,Ireland,Frank Delaney,4.05,8,547
4404,Cracked Hearts,Linda Masemore Pirrung,4.26,6,547
4405,Someone We Know,Shari Lapena,3.91,6,547
4406,"Peril at End House (Hercule Poirot, #8)",Agatha Christie,4.01,7,547
4407,Submerged: How a Cold Case Condemned an Innocent Man to Hide a Family's Darkest Secret,Hillel Levin,4.10,6,547
4408,Under the Skin,Michel Faber,3.75,6,546
4409,The How of Happiness: A Scientific Approach to Getting the Life You Want,Sonja Lyubomirsky,3.90,7,546
4410,Let It Snow,John Green,3.66,7,546
4411,"Hometown Girl After All (Hometown, #2)",Kirsten Fullmer,4.33,6,546
4412,I'm With You,Allie Frost,4.24,6,546
4413,"Dark Fire (Matthew Shardlake, #2)",C.J. Sansom,4.30,7,546
4414,A Mind for Numbers: How to Excel at Math and Science,Barbara Oakley,4.20,7,546
4415,The Book of Laughter and Forgetting,Milan Kundera,3.95,9,545
4416,Chesapeake,James A. Michener,4.22,10,545
4417,"Sandstorm (Sigma Force, #1)",James Rollins,3.96,7,545
4418,"Dead and Gone (Sookie Stackhouse, #9)",Charlaine Harris,4.02,7,545
4419,The Rose Garden,Susanna Kearsley,4.03,7,545
4420,Haunted Ends,L.C. Conn,4.22,6,545
4421,"The Good Daughter (Good Daughter, #1)",Karin Slaughter,4.13,7,545
4422,How to Have Confidence and Power in Dealing with People,Les Giblin,4.27,6,545
4423,The Virtue of Selfishness: A New Concept of Egoism,Ayn Rand,3.55,6,544
4424,"Moon Called (Mercy Thompson, #1)",Patricia Briggs,4.15,8,544
4425,"The Game of Kings (The Lymond Chronicles, #1)",Dorothy Dunnett,4.14,8,544
4426,God's Smuggler,Brother Andrew,4.37,7,544
4427,"Barracoon: The Story of the Last ""Black Cargo""",Zora Neale Hurston,4.04,6,544
4428,The Grand Inquisitor,Fyodor Dostoevsky,4.32,8,543
4429,"Wild Seed (Patternist, #1)",Octavia E. Butler,4.21,6,543
4430,A Single Shard,Linda Sue Park,3.94,8,543
4431,"Hometown Girl Forever (Hometown Series, #3)",Kirsten Fullmer,4.33,6,543
4432,The Chronicles of Neffie,A.L. Gibson,4.17,6,543
4433,On Chesil Beach,Ian McEwan,3.62,8,543
4434,Ramonst,A.F. Knott,4.45,6,543
4435,Independent People,Halldór Laxness,4.13,6,542
4436,Songs of Innocence and of Experience,William Blake,4.09,8,542
4437,Marriage by Law,N.K. Pockett,4.13,6,542
4438,All About Love: New Visions,bell hooks,4.03,7,542
4439,"Gregor the Overlander (Underland Chronicles, #1)",Suzanne Collins,4.04,6,542
4440,House of Hollow,Krystal Sutherland,4.02,7,542
4441,Anatomy of a Scandal,Sarah Vaughan,3.68,6,542
4442,Stamped from the Beginning: The Definitive History of Racist Ideas in America,Ibram X. Kendi,4.53,6,542
4443,If You Could See Me Now,Cecelia Ahern,3.87,6,541
4444,"Awaken the Giant Within: How to Take Immediate Control of Your Mental, Emotional, Physical and Financial Destiny!",Tony Robbins,4.15,6,541
4445,No One Here Gets Out Alive,Jerry Hopkins,3.94,6,541
4446,The Orphan Master's Son,Adam  Johnson,4.07,6,541
4447,Okay for Now,Gary D. Schmidt,4.24,6,541
4448,"The Disappearing Spoon: And Other True Tales of Madness, Love, and the History of the World from the Periodic Table of the Elements",Sam Kean,3.93,6,541
4449,Monday's Not Coming,Tiffany D. Jackson,4.25,6,541
4450,The Code of the Extraordinary Mind: 10 Unconventional Laws to Redefine Your Life and Succeed On Your Own Terms,Vishen Lakhiani,4.04,7,541
4451,Loving What Is: Four Questions That Can Change Your Life,Byron Katie,4.08,7,541
4452,"Dragonflight (Dragonriders of Pern, #1)",Anne McCaffrey,4.08,8,540
4453,The Merry Wives of Windsor,William Shakespeare,3.55,7,540
4454,"Wintersmith (Discworld, #35; Tiffany Aching, #3)",Terry Pratchett,4.25,7,540
4455,"As Chimney Sweepers Come to Dust (Flavia de Luce, #7)",Alan Bradley,3.97,6,540
4456,"The Blue Sword (Damar, #1)",Robin McKinley,4.21,7,539
4457,"Need (Need, #1)",Carrie Jones,3.72,8,539
4458,The Taming of the Shrew,William Shakespeare,3.74,8,539
4459,The Good Soldier Švejk,Jaroslav Hašek,4.10,6,539
4460,The Five Love Languages for Singles,Gary Chapman,4.12,6,539
4461,"Eado's Birth (Jack's Reign, #3)",Julie Mannino,4.78,6,539
4462,"N or M? (Tommy & Tuppence Mysteries, #3)",Agatha Christie,3.81,7,539
4463,Small Island,Andrea Levy,4.01,7,538
4464,"Plainsong (Plainsong, #1)",Kent Haruf,4.04,7,538
4465,The Husband,Dean Koontz,3.82,6,538
4466,Committed: A Skeptic Makes Peace with Marriage,Elizabeth Gilbert,3.45,7,537
4467,Nothing to Envy: Ordinary Lives in North Korea,Barbara Demick,4.45,6,537
4468,"Maskerade (Discworld, #18; Witches, #5)",Terry Pratchett,4.13,7,537
4469,Paula,Isabel Allende,4.21,6,537
4470,Without,Brian Dennis Hartford,4.25,6,537
4471,"Blood Rites (The Dresden Files, #6)",Jim  Butcher,4.29,6,537
4472,"Hot Six (Stephanie Plum, #6)",Janet Evanovich,4.19,7,537
4473,"The English Spy (Gabriel Allon, #15)",Daniel Silva,4.22,7,537
4474,"Three Act Tragedy (Hercule Poirot, #11)",Agatha Christie,3.84,6,537
4475,The Pragmatist's Guide to Relationships,Malcolm  Collins,4.34,6,537
4476,Chinese Cinderella: The True Story of an Unwanted Daughter,Adeline Yen Mah,4.08,7,536
4477,Bag of Bones,Stephen        King,3.92,7,536
4478,Lost in the Crowd,M.J. Santley,4.36,6,536
4479,The More of Less: Finding the Life You Want Under Everything You Own,Joshua Becker,3.80,6,536
4480,"The High Auction (Wisdom Revolution, #1)",Misba,4.70,6,536
4481,"The Silent Wife (Will Trent, #10)",Karin Slaughter,4.23,6,536
4482,Fuzz: When Nature Breaks the Law,Mary Roach,3.84,6,536
4483,Gilded Lies (Midas #1),Julie Mannino,3.83,6,536
4484,Indian Givers: How the Indians of the Americas Transformed the World,Jack Weatherford,4.12,8,535
4485,North of Beautiful,Justina Chen,3.92,7,535
4486,Hearts in Atlantis,Stephen        King,3.86,8,535
4487,"The Pox Party (The Astonishing Life of Octavian Nothing, Traitor to the Nation, #1)",M.T. Anderson,3.55,7,535
4488,The Reader of Acheron,Walter Rhein,4.53,6,535
4489,"A Dirty Job (Grim Reaper, #1)",Christopher Moore,4.03,7,535
4490,Sentinels: Book 1 Part 1 of The One True Child Series,L.C. Conn,4.23,6,535
4491,Guardians,L.C. Conn,4.21,6,535
4492,The Maidens,Alex Michaelides,3.62,7,535
4493,"These Violent Delights (These Violent Delights, #1)",Chloe Gong,3.81,7,535
4494,"A Year Down Yonder (A Long Way from Chicago, #2)",Richard Peck,4.13,6,534
4495,"Life, the Universe and Everything (The Hitchhiker's Guide to the Galaxy, #3)",Douglas Adams,4.17,7,534
4496,Toxic Parents: Overcoming Their Hurtful Legacy and Reclaiming Your Life,Susan Forward,4.16,7,534
4497,To Dream the Blackbane,Richard J.   O'Brien,4.50,6,534
4498,"Grip of the Shadow Plague (Fablehaven, #3)",Brandon Mull,4.30,7,533
4499,Failed States: The Abuse of Power and the Assault on Democracy,Noam Chomsky,3.98,8,533
4500,The Shoemaker's Wife,Adriana Trigiani,4.02,8,533
4501,"All Things Wise and Wonderful (All Creatures Great and Small, #5-6)",James Herriot,4.45,8,533
4502,Saint Anything,Sarah Dessen,4.03,7,533
4503,Echo,Pam Muñoz Ryan,4.36,6,533
4504,The Better Angels of Our Nature: Why Violence Has Declined,Steven Pinker,4.16,6,533
4505,Dreams of Leaving,Rupert Thomson,3.85,7,533
4506,Permanent Record,Edward Snowden,4.30,6,533
4507,The Winter's Tale,William Shakespeare,3.71,7,533
4508,Cynric Ella,Julie Mannino,4.11,6,533
4509,Lesson (Lessons #1),Julie Mannino,3.80,6,533
4510,"Black Notice (Kay Scarpetta, #10)",Patricia Cornwell,3.92,6,533
4511,"L is for Lawless (Kinsey Millhone, #12)",Sue Grafton,3.94,6,533
4512,"Blow Fly (Kay Scarpetta, #12)",Patricia Cornwell,3.81,6,532
4513,"Heartstopper: Volume Three (Heartstopper, #3)",Alice Oseman,4.55,6,532
4514,Esperanza Rising,Pam Muñoz Ryan,4.04,7,531
4515,What I Know for Sure,Oprah Winfrey,4.14,6,531
4516,Total Control,David Baldacci,4.14,6,531
4517,"A Thousand Pieces of You (Firebird, #1)",Claudia Gray,3.89,7,531
4518,Small Is Beautiful: Economics as if People Mattered,Ernst F. Schumacher,4.09,8,531
4519,"One of Us Is Lying (One of Us is Lying, #1)",Karen M. McManus,3.92,8,531
4520,The Definitive Book of Body Language,Allan Pease,3.96,7,530
4521,"Echo Burning (Jack Reacher, #5)",Lee Child,4.04,6,530
4522,Valentine,Julie Mannino,4.18,6,530
4523,"Deal Breaker (Myron Bolitar, #1)",Harlan Coben,3.98,6,530
4524,Q & A,Vikas Swarup,4.02,6,529
4525,The Well House III: The Redemption,M.S. Matassa,4.32,6,529
4526,"Nemesis (Miss Marple, #11)",Agatha Christie,3.87,6,529
4527,Conquer Your Deliverance: How to Live a Life of Total Freedom,John Ramirez,4.34,6,529
4528,"The Long Way Home (Chief Inspector Armand Gamache, #10)",Louise Penny,4.07,7,529
4529,The Lady and the Unicorn,Tracy Chevalier,3.70,7,528
4530,Doctor Faustus,Thomas Mann,4.08,8,528
4531,Leviathan,Thomas Hobbes,3.71,8,528
4532,"Second Foundation (Foundation, #3)",Isaac Asimov,4.27,9,528
4533,We Were the Lucky Ones,Georgia Hunter,4.42,6,528
4534,"Seraphina (Seraphina, #1)",Rachel Hartman,3.94,6,528
4535,The Little Paris Bookshop,Nina George,3.50,6,528
4536,The Rise and Fall of the Dinosaurs: A New History of a Lost World,Steve Brusatte,4.21,6,528
4537,In My Dreams I Hold a Knife,Ashley Winstead,3.81,6,528
4538,"My Sweet Audrina (Audrina, #1)",V.C. Andrews,3.87,6,527
4539,"Cards on the Table (Hercule Poirot, #15)",Agatha Christie,3.96,7,527
4540,"Branded (Sinners, #1)",Abi Ketner,3.79,6,527
4541,"Unseen Academicals (Discworld, #37; Rincewind, #8)",Terry Pratchett,4.01,6,527
4542,"The Ballad of Songbirds and Snakes (The Hunger Games, #0)",Suzanne Collins,3.98,7,527
4543,The Zima Confession,Iain M. Rodgers,4.22,6,527
4544,They Cage the Animals at Night: The True Story of an Abandoned Child's Struggle for Emotional Survival,Jennings Michael Burch,4.35,6,526
4545,Seeing,José Saramago,3.85,6,526
4546,The Bone Garden,Tess Gerritsen,4.07,6,526
4547,"Haroun and the Sea of Stories (Khalifa Brothers, #1)",Salman Rushdie,3.98,7,525
4548,Centennial,James A. Michener,4.26,11,525
4549,Labyrinths: Selected Stories & Other Writings,Jorge Luis Borges,4.45,7,525
4550,"Stalking Jack the Ripper (Stalking Jack the Ripper, #1)",Kerri Maniscalco,3.93,6,525
4551,Walden,Michael T. Dolan,3.42,8,524
4552,"The Looking Glass Wars (The Looking Glass Wars, #1)",Frank Beddor,3.93,7,524
4553,Surprised by Joy: The Shape of My Early Life,C.S. Lewis,4.06,8,524
4554,"The Cabinet of Curiosities (Pendergast, #3; Nora Kelly, #0B)",Douglas Preston,4.27,6,524
4555,Mutant Message Down Under,Marlo Morgan,3.78,7,524
4556,"The Crown (The Selection, #5)",Kiera Cass,3.62,7,524
4557,"Club Dead (Sookie Stackhouse, #3)",Charlaine Harris,4.02,7,524
4558,"Child of the Prophecy (Sevenwaters, #3)",Juliet Marillier,4.12,6,523
4559,The Great Dune Trilogy,Frank Herbert,4.37,9,523
4560,The Cask of Amontillado,Edgar Allan Poe,4.08,8,523
4561,Planet of the Apes,Pierre Boulle,3.99,7,523
4562,What Alice Forgot,Liane Moriarty,4.07,7,523
4563,"Moonraker (James Bond, #3)",Ian Fleming,3.81,6,523
4564,Beyond Belief: My Secret Life Inside Scientology and My Harrowing Escape,Jenna Miscavige Hill,3.77,6,523
4565,"N is for Noose (Kinsey Millhone, #14)",Sue Grafton,3.99,7,523
4566,"Chasing Vermeer (Chasing Vermeer, #1)",Blue Balliett,3.73,7,522
4567,Safe Haven,Nicholas Sparks,4.22,7,522
4568,The Ethical Slut: A Guide to Infinite Sexual Possibilities,Dossie Easton,3.94,6,522
4569,Diary of a Lost Girl: The Autobiography of Kola Boof,Kola Boof,3.59,6,522
4570,What Every Body is Saying: An Ex-FBI Agent's Guide to Speed-Reading People,Joe Navarro,3.91,6,522
4571,"Moonflower Murders (Susan Ryeland, #2)",Anthony Horowitz,4.06,6,522
4572,"Pushing the Limits (Pushing the Limits, #1)",Katie McGarry,4.05,7,521
4573,The Mephisto Club,Tess Gerritsen,4.03,6,521
4574,Baby Teeth,Zoje Stage,3.60,6,521
4575,Portrait of a Killer: Jack the Ripper - Case Closed,Patricia Cornwell,3.48,6,521
4576,Codependent No More: How to Stop Controlling Others and Start Caring for Yourself,Melody Beattie,4.13,10,520
4577,Dear Wife,Kimberly Belle,4.00,6,520
4578,"The Plot (The Book Series, #1)",Jean Hanff Korelitz,3.82,6,520
4579,"The Eye of God (Sigma Force, #9)",James Rollins,4.13,6,519
4580,"The Indigo Spell (Bloodlines, #3)",Richelle Mead,4.36,7,519
4581,"Ruin and Rising (The Shadow and Bone Trilogy, #3)",Leigh Bardugo,3.98,7,519
4582,"Declutter Your Mind: How to Stop Worrying, Relieve Anxiety, and Eliminate Negative Thinking",S.J. Scott,3.70,7,519
4583,The Complete Poetry and Prose,William Blake,4.26,9,518
4584,Marie Antoinette: The Journey,Antonia Fraser,3.94,6,518
4585,"The Forest of Hands and Teeth (The Forest of Hands and Teeth, #1)",Carrie Ryan,3.60,9,517
4586,Divided Kingdom,Rupert Thomson,3.53,6,517
4587,Ordinary Grace,William Kent Krueger,4.27,7,517
4588,Running Wild,J.G. Ballard,3.58,6,517
4589,"59 Seconds: Think a Little, Change a Lot",Richard Wiseman,3.80,6,517
4590,The 5 Elements of Effective Thinking,Edward B. Burger,4.00,6,517
4591,"King Rat (Asian Saga, #4)",James Clavell,4.19,7,516
4592,The Seat of the Soul,Gary Zukav,4.03,6,516
4593,"My Sister, the Serial Killer",Oyinkan Braithwaite,3.65,6,516
4594,How to Think Like Leonardo da Vinci: Seven Steps to Genius Every Day,Michael J. Gelb,3.83,7,516
4595,"Lion in the Valley  (Amelia Peabody, #4)",Elizabeth Peters,4.14,6,516
4596,The Mysteries of Harris Burdick,Chris Van Allsburg,4.51,7,515
4597,A Pair of Blue Eyes,Thomas Hardy,3.79,8,515
4598,"Maid: Hard Work, Low Pay, and a Mother's Will to Survive",Stephanie  Land,3.86,6,515
4599,My Lovely Wife,Samantha  Downing,3.83,6,514
4600,Diary of a Drug Fiend,Aleister Crowley,3.80,6,514
4601,The Paradox of Choice: Why More Is Less,Barry Schwartz,3.84,6,514
4602,The Magnificent Ambersons,Booth Tarkington,3.79,7,513
4603,"The Chocolate War (Chocolate War, #1)",Robert Cormier,3.49,8,513
4604,Why I Am Not a Christian and Other Essays on Religion and Related Subjects,Bertrand Russell,4.01,6,513
4605,Hinds' Feet on High Places,Hannah Hurnard,4.34,7,513
4606,"Lock In (Lock In, #1)",John Scalzi,3.91,7,513
4607,MARS,Jasmine  Rose,4.38,6,513
4608,Little Earthquakes,Jennifer Weiner,3.79,9,512
4609,"Zen Mind, Beginner's Mind: Informal Talks on Zen Meditation and Practice",Shunryu Suzuki,4.22,7,512
4610,Sleeping Beauties,Stephen        King,3.73,6,512
4611,The Last Time I Saw You,Liv Constantine,3.51,6,512
4612,Cultish: The Language of Fanaticism,Amanda Montell,3.83,6,512
4613,The Taking,Dean Koontz,3.79,8,511
4614,Four Past Midnight,Stephen        King,3.95,6,511
4615,"A Hat Full of Sky (Discworld, #32; Tiffany Aching, #2)",Terry Pratchett,4.32,7,511
4616,All Families are Psychotic,Douglas Coupland,3.70,6,511
4617,"Cut & Run (Cut & Run, #1)",Madeleine Urban,4.02,6,511
4618,"An Ice Cold Grave (Harper Connelly, #3)",Charlaine Harris,3.96,7,511
4619,The Broken Wings,Kahlil Gibran,3.96,7,510
4620,"The Book of Three (The Chronicles of Prydain, #1)",Lloyd Alexander,3.98,8,510
4621,The Death and Life of Great American Cities,Jane Jacobs,4.29,7,510
4622,The Emperor's Soul,Brandon Sanderson,4.38,6,510
4623,"Homeland (Forgotten Realms: The Dark Elf Trilogy, #1; Legend of Drizzt, #1)",R.A. Salvatore,4.26,7,510
4624,The Lost Wife,Alyson Richman,4.25,6,510
4625,Confessions,Kanae Minato,3.94,7,510
4626,"The Deeds of the Disturber (Amelia Peabody, #5)",Elizabeth Peters,4.06,7,510
4627,April Morning,Howard Fast,3.53,7,509
4628,"The Doomsday Key (Sigma Force, #6)",James Rollins,4.18,6,509
4629,"The Name of This Book Is Secret (Secret, #1)",Pseudonymous Bosch,4.07,6,509
4630,Lexicon,Max Barry,3.91,7,509
4631,"Flaggermusmannen (Harry Hole, #1)",Jo Nesbø,3.56,6,509
4632,Temple,Matthew Reilly,4.06,6,509
4633,Warrior of the Light,Paulo Coelho,3.74,6,508
4634,Fatherland,Robert   Harris,4.02,7,508
4635,The Baron in the Trees,Italo Calvino,4.02,7,508
4636,Is It Just Me?,Miranda Hart,3.82,6,508
4637,I Was Here,Gayle Forman,3.74,6,508
4638,"Leviathan Wakes (The Expanse, #1)",James S.A. Corey,4.31,6,508
4639,"From Russia with Love (James Bond, #5)",Ian Fleming,3.91,6,508
4640,Watching You,Lisa Jewell,3.88,6,508
4641,What You Did,Claire McGowan,3.92,6,508
4642,Patton: A Genius for War,Carlo D'Este,4.25,6,507
4643,The Hitchhiker's Guide to the Galaxy: A Trilogy in Four Parts,Douglas Adams,4.50,10,507
4644,"Interesting Times (Discworld, #17; Rincewind, #5)",Terry Pratchett,4.15,7,507
4645,"Angels Flight (Harry Bosch, #6; Harry Bosch Universe, #8)",Michael    Connelly,4.22,7,507
4646,Mother Courage and Her Children,Bertolt Brecht,3.62,6,507
4647,"A Room Full of Bones (Ruth Galloway Mysteries, #4)",Elly Griffiths,3.92,6,507
4648,Tribe Of Mentors: Short Life Advice from the Best in the World,Timothy Ferriss,4.07,6,507
4649,Feel the Fear and Do It Anyway,Susan  Jeffers,4.01,6,506
4650,The Collected Poems of W.B. Yeats,W.B. Yeats,4.23,9,506
4651,Bonfire,Krysten Ritter,3.54,7,506
4652,"The Bone Labyrinth (Sigma Force, #11)",James Rollins,4.16,6,506
4653,"Leaving Everything Most Loved (Maisie Dobbs, #10)",Jacqueline Winspear,4.06,7,506
4654,Gitanjali,Rabindranath Tagore,4.30,6,505
4655,Dry,Augusten Burroughs,4.03,6,505
4656,"The Girl Who Circumnavigated Fairyland in a Ship of Her Own Making (Fairyland, #1)",Catherynne M. Valente,3.95,7,505
4657,"The Grim Grotto (A Series of Unfortunate Events, #11)",Lemony Snicket,4.03,6,505
4658,"The Secret of Chimneys (Superintendent Battle, #1)",Agatha Christie,3.85,7,505
4659,Conjure Women,Afia Atakora,3.88,6,505
4660,Desert Flower,Waris Dirie,4.23,6,504
4661,Selected Tales,Edgar Allan Poe,4.17,8,504
4662,Richard II,William Shakespeare,3.77,6,504
4663,"Mistakes Were Made (But Not by Me): Why We Justify Foolish Beliefs, Bad Decisions, and Hurtful Acts",Carol Tavris,4.04,6,504
4664,I Thought It Was Just Me: Women Reclaiming Power and Courage in a Culture of Shame,Brené Brown,4.20,6,504
4665,Airframe,Michael Crichton,3.74,6,504
4666,"Blood Work (Harry Bosch Universe, #7)",Michael    Connelly,4.16,7,504
4667,"Portrait in Death (In Death, #16)",J.D. Robb,4.38,6,504
4668,The City and the Stars,Arthur C. Clarke,4.08,6,503
4669,"Enclave (Razorland, #1)",Ann Aguirre,3.91,6,503
4670,"The Black Box (Harry Bosch, #16; Harry Bosch Universe, #25)",Michael    Connelly,4.16,6,503
4671,The Windup Girl,Paolo Bacigalupi,3.75,7,502
4672,"Hot, Flat, and Crowded: Why We Need a Green Revolution – and How It Can Renew America",Thomas L. Friedman,3.71,6,502
4673,"The Cardinal of the Kremlin (Jack Ryan, #4)",Tom Clancy,4.09,6,502
4674,"Scythe (Arc of a Scythe, #1)",Neal Shusterman,4.32,6,502
4675,No One Is Too Small to Make a Difference,Greta Thunberg,3.85,7,502
4676,"The Burning Room (Harry Bosch, #17; Harry Bosch Universe, #27)",Michael    Connelly,4.14,7,502
4677,"A Rule Against Murder (Chief Inspector Armand Gamache, #4)",Louise Penny,4.21,7,502
4678,"The Serpent's Shadow (The Kane Chronicles, #3)",Rick Riordan,4.28,7,501
4679,"Monsters of Men (Chaos Walking, #3)",Patrick Ness,4.22,6,501
4680,"The High Auction (Wisdom Revolution, #1)",Misba,4.70,6,501
4681,"King and Maxwell (Sean King & Michelle Maxwell, #6)",David Baldacci,4.17,6,501
4682,The Torah Codes,Ezra Barany,3.45,5,500
4683,The Fall of the House of Usher,Edgar Allan Poe,3.86,7,500
4684,All That is Red,Anna Caltabiano,3.78,5,500
4685,"The Oaks (Royal Oaks, #1)",Jessica Loving,4.52,5,500
4686,Who is Audrey Wickersham?,Sara Shrieves,3.57,5,500
4687,Angels Fallen,Francis Smith,3.62,5,500
4688,My Country 'Tis of Thee,Keith Ellison,3.61,5,500
4689,Mentor Me: GA=T+E—A Formula to Fulfill Your Greatest Achievement,Ken Poirot,4.11,3,500
4690,Quest for Kriya,Rahul Deokar,4.06,5,500
4691,"An Uncommon Blue (Colorblind, #1)",R.C. Hancock,4.08,5,500
4692,"Twisted (Twisted, #1)",Lola Smirnova,3.83,5,500
4693,DeadAlive,Sandip Khade,3.34,5,500
4694,Beautiful Affliction,Lene Fogelberg,3.86,5,500
4695,The Summer that Melted Everything,Tiffany   McDaniel,4.02,5,500
4696,"The Widow (Kate Waters, #1)",Fiona Barton,3.49,7,500
4697,Man Struggling With Umbrella,P.J. MacNamara,4.04,5,500
4698,"The Closers (Harry Bosch, #11; Harry Bosch Universe, #15)",Michael    Connelly,4.19,7,500
4699,"Taken at the Flood (Hercule Poirot, #29)",Agatha Christie,3.75,6,500
4700,"The Bungalow Mystery (Nancy Drew Mystery Stories, #3)",Carolyn Keene,3.95,6,500
4701,Separate Things: A Memoir,Ashley Marie Berry,4.23,5,500
4702,Sunstruck,Melissa Bellis,4.60,5,500
4703,"The Adoration of Jenna Fox (Jenna Fox Chronicles, #1)",Mary E. Pearson,3.69,6,499
4704,How We Fall,Kate Brauning,3.66,5,499
4705,Bane of the Innocent,Oliver Phipps,4.60,5,499
4706,Profile,C.D. Blizzard,3.96,5,499
4707,"The Wicked King (The Folk of the Air, #2)",Holly Black,4.28,6,499
4708,Living Forward: A Proven Plan to Stop Drifting and Get the Life You Want,Michael Hyatt,3.88,6,499
4709,Down and Rising,Rohith S. Katbamna,4.71,5,499
4710,"Silent in the Grave (Lady Julia Grey, #1)",Deanna Raybourn,3.91,6,499
4711,"Choices 86,400 a day",Lauren  Alexander,4.03,5,498
4712,The Angel of Innisfree,Patrick F. Rooney,4.52,5,498
4713,"Storm and Silence (Storm and Silence, #1)",Robert Thier,4.49,5,498
4714,The Arctic Incident  (Artemis Fowl #2),Eoin Colfer,3.96,7,498
4715,"Red Rabbit (Jack Ryan, #2)",Tom Clancy,3.75,6,498
4716,"Problems at the Pub (Sugar Mountain, #4)",Kirsten Fullmer,4.34,6,498
4717,The Now Habit: A Strategic Program for Overcoming Procrastination and Enjoying Guilt-Free Play,Neil A. Fiore,3.87,6,498
4718,"The Hourglass Throne (The Tarot Sequence, #3)",K.D. Edwards,4.57,5,498
4719,"Cause of Death (Kay Scarpetta, #7)",Patricia Cornwell,3.95,6,498
4720,The Hive,Gregg Olsen,3.83,5,498
4721,"Sad Cypress (Hercule Poirot, #22)",Agatha Christie,3.94,6,498
4722,Death Comes as the End,Agatha Christie,3.85,6,498
4723,The Fuck-Up,Arthur Nersesian,3.59,6,497
4724,"Rebel Angels (Gemma Doyle, #2)",Libba Bray,3.95,6,497
4725,The Chinaberry Tree,Lauren  Alexander,3.63,5,497
4726,Harry the Dirty Dog,Gene Zion,4.20,8,497
4727,Crooked House,Agatha Christie,4.08,6,497
4728,Shadows of Damascus,Lilas Taha,4.42,5,497
4729,Held Hostage: A Story of Love & Mental Illness,Bonnie McKeating,3.85,5,497
4730,Pregnancy and Men,Pratik Patil,3.89,5,497
4731,How to Be a Bawse: A Guide to Conquering Life,Lilly Singh,3.92,6,497
4732,Letters to Eloise,Emily  Williams,4.44,5,497
4733,"A Drink Before the War (Kenzie & Gennaro, #1)",Dennis Lehane,3.93,6,497
4734,Women Don't Owe You Pretty,Florence Given,3.71,6,497
4735,"Bloodlines (Bloodlines, #1)",Lindsay Anne Kendal,3.80,5,496
4736,"The Wide Window (A Series of Unfortunate Events, #3)",Lemony Snicket,3.95,6,496
4737,Touching the Void: The True Story of One Man's Miraculous Survival,Joe Simpson,4.23,6,496
4738,"Act Like a Lady, Think Like a Man: What Men Really Think About Love, Relationships, Intimacy, and Commitment",Steve Harvey,3.78,7,496
4739,"Titus Groan (Gormenghast, #1)",Mervyn Peake,3.92,6,496
4740,The Real Book of the Dead,Collette Sinclaire,4.17,5,496
4741,First Night of Summer,Landon Parham,3.95,5,496
4742,"An Ember in the Ashes (An Ember in the Ashes, #1)",Sabaa Tahir,4.24,6,496
4743,Extreme Ownership: How U.S. Navy SEALs Lead and Win,Jocko Willink,4.25,6,496
4744,The Perfect Nanny,Leïla Slimani,3.40,7,496
4745,Calm the F*ck Down: How to Control What You Can and Accept What You Can't So You Can Stop Freaking Out and Get On With Your Life (A No F*cks Given Guide),Sarah Knight,3.41,6,496
4746,Razorblade Tears,S.A. Cosby,4.11,6,496
4747,"B is for Burglar (Kinsey Millhone, #2)",Sue Grafton,3.88,7,496
4748,A Call to Conscience: The Landmark Speeches,Clayborne Carson,4.62,8,495
4749,Mid Ocean,T. Rafael Cimino,3.86,5,495
4750,درخت زیبای من,José Mauro de Vasconcelos,4.38,6,495
4751,"The Upside of Unrequited (Simonverse, #2)",Becky Albertalli,3.89,6,495
4752,"Journal 64 (Department Q, #4)",Jussi Adler-Olsen,4.06,6,495
4753,"M is for Malice (Kinsey Millhone, #13)",Sue Grafton,4.10,7,495
4754,"The Diary of a Bookseller (Diary of a Bookseller, #1)",Shaun Bythell,3.72,6,495
4755,Underland: A Deep Time Journey,Robert Macfarlane,4.23,6,495
4756,Why Not-World,Alexei Maxim Russell,4.20,5,494
4757,"The Hero and the Crown (Damar, #2)",Robin McKinley,4.21,8,494
4758,The Buried Giant,Kazuo Ishiguro,3.58,6,494
4759,Explosive Growth: A Few Things I Learned While Growing To 100 Million Users - And Losing $78 Million,Cliff Lerner,4.16,5,494
4760,"Appellate Judge (Jack Ludefance, #3)",Behcet Kaya,4.30,6,494
4761,"You Do You: How to Be Who You Are and Use What You've Got to Get What You Want (A No F*cks Given Guide, 3)",Sarah Knight,3.62,6,494
4762,"The Energy Bus: 10 Rules to Fuel Your Life, Work, and Team with Positive Energy",Jon Gordon,3.84,6,494
4763,"What She Found (Tracy Crosswhite, #9)",Robert Dugoni,4.39,5,494
4764,On the Jellicoe Road,Melina Marchetta,4.12,7,493
4765,"Ptolemy's Gate (Bartimaeus, #3)",Jonathan Stroud,4.28,6,493
4766,Ugly Love,Colleen Hoover,4.01,8,493
4767,NOS4A2,Joe Hill,4.08,6,493
4768,"Love You More (Tessa Leoni, #1; Detective D.D. Warren, #5)",Lisa Gardner,4.18,6,493
4769,"The Jewel in the Crown (The Raj Quartet, #1)",Paul Scott,4.14,6,492
4770,"When Hitler Stole Pink Rabbit (Out of the Hitler Time, #1)",Judith Kerr,3.99,7,492
4771,"Something Borrowed (Darcy & Rachel, #1)",Emily Giffin,3.89,8,492
4772,Son of a Serial Killer,Jams N. Roses,3.70,5,492
4773,Cosmic Banditos,A.C. Weisbecker,4.06,6,492
4774,The Girls in the Garden,Lisa Jewell,3.56,6,492
4775,The Inmate,Freida McFadden,4.03,5,492
4776,"Battlefield Korea (Red Storm, #2)",James Rosone,4.20,5,492
4777,The Scorpio Races,Maggie Stiefvater,4.10,6,491
4778,Regular People of The Weak: A Rebel's Experience With The Spiritual Chief of Poets,Shareef Mabrouk,4.16,5,491
4779,Trueman Bradley - The Next Great Detective,Alexei Maxim Russell,4.45,5,491
4780,"Shadow Puppets (The Shadow Series, #3)",Orson Scott Card,3.90,6,491
4781,The Arrival,Shaun Tan,4.35,6,491
4782,An Anonymous Girl,Greer Hendricks,3.80,6,491
4783,"Olivia (Olivia, #1)",Ian Falconer,4.15,6,491
4784,"Finger Lickin' Fifteen (Stephanie Plum, #15)",Janet Evanovich,4.03,6,491
4785,"Perelandra (The Space Trilogy, #2)",C.S. Lewis,4.01,9,490
4786,Trust: Pandora's Box (TRUST Trilogy #3; TRUST Universe #6-8),Cristiane Serruya,3.95,5,490
4787,"The Nightlife: New York (The Nightlife, #1)",Travis Luedke,3.50,5,490
4788,Rita Hayworth and Shawshank Redemption,Stephen        King,4.50,7,490
4789,"Token Huntress (Token Huntress, #1)",Kia Carrington-Russell,3.88,5,490
4790,Awakening,Cassidy Storm,3.45,5,490
4791,When No One Is Watching,Alyssa Cole,3.48,6,490
4792,American Dirt,Jeanine Cummins,4.37,6,490
4793,Spark: The Revolutionary New Science of Exercise and the Brain,John J. Ratey,4.13,6,490
4794,The Defining Decade: Why Your Twenties Matter—And How to Make the Most of Them Now,Meg Jay,4.11,6,490
4795,"The Heist (Gabriel Allon, #14)",Daniel Silva,4.18,6,490
4796,The Seven Storey Mountain,Thomas Merton,4.08,7,489
4797,"Demonglass (Hex Hall, #2)",Rachel Hawkins,4.08,8,489
4798,"The Bridge on the Drina (Bosnian Trilogy, #1)",Ivo Andrić,4.33,5,489
4799,"The Last Templar (Templar, #1)",Raymond Khoury,3.62,6,489
4800,"When Dimple Met Rishi (Dimple and Rishi, #1)",Sandhya Menon,3.68,6,489
4801,"Think of a Number (Dave Gurney, #1)",John Verdon,3.88,6,489
4802,"Holiday in Death (In Death, #7)",J.D. Robb,4.34,6,489
4803,Apocalyptic Empire: The Hatchery Compound,Chris   Blake,3.90,5,488
4804,"Kiss Me, Judas",Will Christopher Baer,3.81,6,488
4805,"Small Favor (The Dresden Files, #10)",Jim  Butcher,4.43,6,488
4806,Failing Forward: Turning Mistakes Into Stepping Stones for Success,John C. Maxwell,4.18,6,488
4807,What the Most Successful People Do Before Breakfast: A Short Guide to Making Over Your Mornings--and Life,Laura Vanderkam,3.41,6,488
4808,"Perfect Chemistry (Perfect Chemistry, #1)",Simone Elkeles,4.04,6,487
4809,Love and Respect: The Love She Most Desires; The Respect He Desperately Needs,Emerson Eggerichs,4.15,6,487
4810,Tropical Nightmares,Kelly Cozzone,4.48,5,487
4811,Streaking For Mother,Mark Shearman,4.69,5,487
4812,How Not to Die: Discover the Foods Scientifically Proven to Prevent and Reverse Disease,Michael Greger,4.42,6,487
4813,"The Labours of Hercules (Hercule Poirot, #27)",Agatha Christie,3.76,6,487
4814,Everyday Sexism,Laura Bates,4.26,6,487
4815,"Goldfinger (James Bond, #7)",Ian Fleming,3.83,7,487
4816,You'll Be the Death of Me,Karen M. McManus,3.73,6,487
4817,INNOCENT AGAIN: A LEGAL THRILLER (THE SECOND CHANCE NOVEL SERIES),Steven Decker,4.34,5,487
4818,What Do You Care What Other People Think? Further Adventures of a Curious Character,Richard P. Feynman,4.19,7,486
4819,"The Persian Boy (Alexander the Great, #2)",Mary Renault,4.18,8,486
4820,The Crossroads of Should and Must: Find and Follow Your Passion,Elle Luna,3.97,6,486
4821,"The Nanny Diaries (Nanny, #1)",Emma McLaughlin,3.46,7,486
4822,Behind Her Eyes,Sarah Pinborough,3.80,6,486
4823,"A Study in Scarlet Women (Lady Sherlock, #1)",Sherry Thomas,3.88,7,486
4824,Playing to Win: How Strategy Really Works,A.G. Lafley,3.99,5,486
4825,Truman,David McCullough,4.16,7,485
4826,"Son (The Giver, #4)",Lois Lowry,3.99,7,485
4827,Batman: The Killing Joke,Alan             Moore,4.37,7,485
4828,"City of Heavenly Fire (The Mortal Instruments, #6)",Cassandra Clare,4.38,7,485
4829,"I Spit on Your Graves (Vernon Sullivan, #1)",Boris Vian,3.57,6,485
4830,Night of the Rat,Tanya Thompson,4.25,5,485
4831,"13 Things Mentally Strong People Don't Do: Take Back Your Power, Embrace Change, Face Your Fears, and Train Your Brain for Happiness and Success",Amy Morin,3.91,6,485
4832,"A Winter's Promise (The Mirror Visitor, #1)",Christelle Dabos,4.02,5,485
4833,Flowers for Algernon,Daniel Keyes,4.23,6,485
4834,Revealing Visions (Valentine/Petrilo #4),Reyna Hawk,3.59,5,484
4835,Murder on the Naval Base,Behcet Kaya,4.32,5,484
4836,"The Constant Princess (The Plantagenet and Tudor Novels, #6)",Philippa Gregory,3.93,9,483
4837,"13 Little Blue Envelopes (Little Blue Envelope, #1)",Maureen Johnson,3.63,6,483
4838,A Tale for the Time Being,Ruth Ozeki,4.06,7,483
4839,My Heart and Other Black Holes,Jasmine Warga,3.96,5,483
4840,Out of the Easy,Ruta Sepetys,4.04,7,483
4841,My Idea of Fun,Will Self,3.53,6,483
4842,"Ultralearning: Master Hard Skills, Outsmart the Competition, and Accelerate Your Career",Scott H. Young,3.95,6,483
4843,"The Target (Will Robie, #3)",David Baldacci,4.17,6,483
4844,The Antidote: Happiness for People Who Can't Stand Positive Thinking,Oliver Burkeman,4.04,6,483
4845,"Witness in Death (In Death, #10)",J.D. Robb,4.33,7,483
4846,"Unseen (Will Trent, #7)",Karin Slaughter,4.18,6,483
4847,"Eon: Dragoneye Reborn (Eon, #1)",Alison Goodman,3.96,6,482
4848,The Complete Essays,Michel de Montaigne,4.23,8,482
4849,"Voices of Cancer: What We Really Want, What We Really Need",Lynda Wolters,4.45,5,482
4850,"The Shape of Water (Inspector Montalbano, #1)",Andrea Camilleri,3.74,6,482
4851,"Ragdoll (Fawkes and Baxter, #1)",Daniel Cole,3.87,6,482
4852,Faust,Johann Wolfgang von Goethe,3.86,8,481
4853,"Sovereign (Matthew Shardlake, #3)",C.J. Sansom,4.25,6,481
4854,One Small Step Can Change Your Life: The Kaizen Way,Robert Maurer,4.01,7,481
4855,"The Anatomist's Wife (Lady Darby Mystery, #1)",Anna Lee Huber,3.96,6,481
4856,Linda Goodman's Sun Signs,Linda Goodman,4.13,8,480
4857,Nothing,Janne Teller,3.71,5,480
4858,"Devil in a Blue Dress (Easy Rawlins, #1)",Walter Mosley,3.87,7,480
4859,"Tithe (Modern Faerie Tales, #1)",Holly Black,3.69,7,480
4860,"Wind, Sand and Stars",Antoine de Saint-Exupéry,4.12,8,480
4861,The Notebooks of Malte Laurids Brigge,Rainer Maria Rilke,3.94,5,480
4862,Night Train to Lisbon,Pascal Mercier,3.74,5,480
4863,The Book of Joy: Lasting Happiness in a Changing World,Dalai Lama XIV,4.38,6,480
4864,"The Teeth of the Tiger (Jack Ryan Jr, #1; Jack Ryan Universe, #12)",Tom Clancy,3.75,6,480
4865,The Art of Thinking Clearly,Rolf Dobelli,3.85,7,480
4866,Ubu Roi,Alfred Jarry,3.55,6,479
4867,"Kushiel's Dart (Phèdre's Trilogy, #1)",Jacqueline Carey,4.02,7,479
4868,The Mill on the Floss,George Eliot,3.83,8,479
4869,"Started Early, Took My Dog (Jackson Brodie, #4)",Kate Atkinson,3.93,6,479
4870,Rikki-Tikki-Tavi,Rudyard Kipling,3.91,8,479
4871,L'amico ritrovato,Fred Uhlman,4.03,5,479
4872,Prometheus Bound,Aeschylus,3.93,7,479
4873,"A Curious Beginning (Veronica Speedwell, #1)",Deanna Raybourn,3.96,6,479
4874,The Revolution Betrayed,Leon Trotsky,4.07,6,478
4875,"The Reckoning (Darkest Powers, #3)",Kelley Armstrong,4.18,6,478
4876,"Forrest Gump (Forrest Gump, #1)",Winston Groom,4.01,8,478
4877,Stolen Lives: Twenty Years in a Desert Jail,Malika Oufkir,4.06,5,478
4878,Thinner,Richard  Bachman,3.78,8,478
4879,The Ragged Trousered Philanthropists,Robert Tressell,4.04,5,478
4880,سمفونی مردگان,Abbas Maroufi,4.25,5,478
4881,"Heat Wave (Nikki Heat, #1)",Richard Castle,3.57,7,478
4882,Mortality,Christopher Hitchens,4.12,6,478
4883,A Prisoner of Birth,Jeffrey Archer,4.20,7,477
4884,Nights in Rodanthe,Nicholas Sparks,3.85,6,477
4885,The Best of Me,Nicholas Sparks,3.98,6,477
4886,Kokoro,Natsume Sōseki,4.04,6,477
4887,The Third Twin,Ken Follett,3.81,6,477
4888,The Five: The Untold Lives of the Women Killed by Jack the Ripper,Hallie Rubenhold,4.10,6,477
4889,"Half Bad (The Half Bad Trilogy, #1)",Sally Green,3.78,5,477
4890,China Blues,Ki Longfellow,4.15,5,476
4891,Colombiano,Rusty Young,4.33,5,476
4892,Physics of the Impossible,Michio Kaku,4.10,5,476
4893,Sister,Rosamund Lupton,3.77,6,476
4894,"The Tea Rose (The Tea Rose, #1)",Jennifer Donnelly,4.22,6,475
4895,"Die for Me (Revenants, #1)",Amy Plum,3.98,6,475
4896,Little Princes: One Man's Promise to Bring Home the Lost Children of Nepal,Conor Grennan,4.26,5,475
4897,The Future of Us,Jay Asher,3.56,6,475
4898,The Seven Spiritual Laws of Success: A Practical Guide to the Fulfillment of Your Dreams,Deepak Chopra,4.18,6,475
4899,"The Waking (Ruin, #1)",Lucian Bane,3.96,5,475
4900,"Natchez Burning (Penn Cage, #4)",Greg Iles,4.17,6,475
4901,"Half-Blood (Covenant, #1)",Jennifer L. Armentrout,4.07,7,475
4902,Retrieving for All Occasions: Foundations for Excellence in Gun Dog Training,Elsa Blomster,4.26,5,475
4903,How to Think about the Great Ideas: From the Great Books of Western Civilization,Mortimer J. Adler,3.99,7,474
4904,The Women's Room,Marilyn French,3.99,6,474
4905,Death and the Dervish,Meša Selimović,4.51,5,474
4906,Sexing the Cherry,Jeanette Winterson,3.84,6,474
4907,"Cut and Run  (Criminal Profiler, #3)",Mary Burton,4.21,5,474
4908,Mating in Captivity: Reconciling the Erotic and the Domestic,Esther Perel,4.18,6,474
4909,When the Children Fight Back: The AI war (Children of the Eye Book 3),Barry Kirwan,4.37,5,474
4910,I Am That: Talks with Sri Nisargadatta Maharaj,Nisargadatta Maharaj,4.42,5,473
4911,The Almond Tree,Michelle Cohen Corasanti,4.17,6,473
4912,"A-Ma Alchemy of Love (AoL Mindfulness, #1)",Nataša Pantović,4.00,5,473
4913,"Cold Waters (Normal, Alabama #1)",Debbie Herbert,3.83,5,473
4914,"Girl, Woman, Other",Bernardine Evaristo,4.27,5,473
4915,The Cousins,Karen M. McManus,3.77,7,473
4916,The Things You Can See Only When You Slow Down: How to Be Calm in a Busy World,Haemin Sunim,4.03,6,473
4917,"The Bourne Legacy (Jason Bourne, #4)",Eric Van Lustbader,3.90,6,473
4918,Local Woman Missing,Mary Kubica,4.13,6,473
4919,"Killers of a Certain Age (Killers of a Certain Age, #1)",Deanna Raybourn,3.86,6,473
4920,Last Night in Twisted River,John Irving,3.78,7,472
4921,Nefertiti,Michelle    Moran,4.09,6,472
4922,"The Summer Garden (The Bronze Horseman, #3)",Paullina Simons,4.09,6,472
4923,"The Good Teacher (Women of the Willow Wood, #1)",Lorraine Carey,4.52,5,472
4924,The Terror,Dan Simmons,4.09,5,472
4925,The Clown,Heinrich Böll,3.93,5,472
4926,"The Trapped Girl (Tracy Crosswhite, #4)",Robert Dugoni,4.39,5,472
4927,Macom Farm,Tom  Baldwin,4.32,5,472
4928,"The Monogram Murders (New Hercule Poirot Mysteries, #1)",Sophie Hannah,3.44,6,472
4929,"Pop Goes the Weasel (Alex Cross, #5)",James  Patterson,4.04,6,472
4930,Autobiography of a Face,Lucy Grealy,3.97,5,471
4931,Tortilla Flat,John Steinbeck,3.83,6,471
4932,The Quick & Easy Way to Effective Speaking,Dale Carnegie,4.02,6,470
4933,"Torment of Shadows (Angels & Sinners, #1)",Chelsea Luna,3.99,5,470
4934,"My Soul Belongs to You (Soul Mates, #2)",C.L.  Hunter,4.14,5,470
4935,"The Scarecrow (Jack McEvoy, #2; Harry Bosch Universe, #20)",Michael    Connelly,4.10,6,470
4936,"Midnight Sun (The Twilight Saga, #5)",Stephenie Meyer,3.74,6,470
4937,The Right Hand of God: A Psychotherapist's Case for the Reality of the Living God,Ara C. Trembly,4.37,5,470
4938,The Storied Life of A.J. Fikry,Gabrielle Zevin,4.04,6,469
4939,"Excalibur (The Warlord Chronicles, #3)",Bernard Cornwell,4.44,6,469
4940,Rock Paper Scissors,Alice Feeney,3.90,6,469
4941,"And I Darken (The Conqueror's Saga, #1)",Kiersten White,3.81,6,469
4942,The Compleat Works of Wllm Shkspr,Reduced Shakespeare Company,4.43,5,468
4943,"Playing with Fire (Skulduggery Pleasant, #2)",Derek Landy,4.29,5,468
4944,Equus,Peter Shaffer,3.92,6,468
4945,"Free Four: Tobias Tells the Divergent Knife-Throwing Scene (Divergent, #1.5)",Veronica Roth,4.13,6,468
4946,Love Letters to the Dead,Ava Dellaira,3.79,7,468
4947,Blood Fund: A Novel,R.C. Westyn,4.23,5,468
4948,"The Madness of Lord Ian Mackenzie (Mackenzies & McBrides, #1)",Jennifer Ashley,4.04,6,468
4949,"A Great Deliverance (Inspector Lynley, #1)",Elizabeth  George,4.03,6,468
4950,"Greenglass House (Greenglass House, #1)",Kate Milford,4.01,6,468
4951,Jihad vs. McWorld,Benjamin R. Barber,3.56,6,467
4952,"The Naked Sun (Robot, #2)",Isaac Asimov,4.19,5,467
4953,"The Oldest Dance (Wisdom Revolution, #2)",Misba,4.71,5,467
4954,Wintering: The Power of Rest and Retreat in Difficult Times,Katherine May,3.83,6,467
4955,All Hallows Eve (New England Witch Chronicles #4),Chelsea Luna,4.30,5,466
4956,"The Way of the Superior Man: A Spiritual Guide to Mastering the Challenges of Women, Work, and Sexual Desire",David Deida,4.06,6,466
4957,A Certain Age,Tama Janowitz,3.41,6,466
4958,"Q is for Quarry (Kinsey Millhone, #17)",Sue Grafton,3.97,6,466
4959,The Ones Who Walk Away from Omelas,Ursula K. Le Guin,4.37,6,465
4960,Outsourced World - Seducing Goddess Durga During the Clinton Era,GRWilson,4.19,5,465
4961,"The Likeness (Dublin Murder Squad, #2)",Tana French,4.06,7,465
4962,"Girl, Stop Apologizing: A Shame-Free Plan for Embracing and Achieving Your Goals",Rachel Hollis,3.78,6,465
4963,The Dip: A Little Book That Teaches You When to Quit,Seth Godin,3.79,6,465
4964,"The Archer's Tale (The Grail Quest, #1)",Bernard Cornwell,4.15,6,464
4965,Welcome to the Monkey House,Kurt Vonnegut Jr.,4.13,5,464
4966,"Poison Study (Study, #1)",Maria V. Snyder,4.09,6,464
4967,"Thunderhead (Arc of a Scythe, #2)",Neal Shusterman,4.39,6,464
4968,Stalker Stalked,Lee Matthew Goldberg,4.13,5,464
4969,"Nine Dragons (Harry Bosch, #14; Harry Bosch Universe, #21)",Michael    Connelly,4.05,6,464
4970,Victorian Songlight: The Birthings of Magic & Mystery,Kathy Martone,4.31,5,464
4971,"The Unpleasantness at the Bellona Club (Lord Peter Wimsey, #5)",Dorothy L. Sayers,4.05,6,464
4972,The House of the Seven Gables,Nathaniel Hawthorne,3.45,7,463
4973,Rework,Jason Fried,3.98,6,463
4974,Worker Cooperatives and Revolution: History and Possibilities in the United States,Chris    Wright,4.31,5,463
4975,R.U.R.,Karel Čapek,3.84,6,463
4976,"Lean Mean Thirteen (Stephanie Plum, #13)",Janet Evanovich,4.10,6,463
4977,Beauty Queens,Libba Bray,3.62,5,462
4978,Legacy of the Unsung,Gary D. Henry,4.11,5,462
4979,"Death & the Zombie Apocalypse (Zombie Apocalypse, #2)",Chelsea Luna,4.15,5,462
4980,"Revelations (Ruin, #2)",Lucian Bane,4.37,5,462
4981,I Am Pilgrim,Terry Hayes,4.30,5,462
4982,"Opal (Lux, #3)",Jennifer L. Armentrout,4.24,6,462
4983,"Tree of Life with Spiritual Poetry (AoL Mindfulness, #9)",Nataša Pantović,4.62,5,462
4984,Self-Compassion: The Proven Power of Being Kind to Yourself,Kristin Neff,4.14,6,462
4985,"Kingdom of Ash (Throne of Glass, #7)",Sarah J. Maas,4.71,6,462
4986,"The Oldest Dance (Wisdom Revolution, #2)",Misba,4.71,5,462
4987,The Code Book: The Science of Secrecy from Ancient Egypt to Quantum Cryptography,Simon Singh,4.30,6,462
4988,"Moab Is My Washpot (Memoir, #1)",Stephen Fry,3.93,6,461
4989,"Case of the Ivy Hollow Werewolf (Monster Club, #1)",Chelsea Luna,4.42,5,461
4990,THE DIARY OF A CANADIAN NOBODY: A fictional diary of a modern family during the events in 2001 - 2002,Arthur Paul James,4.23,5,461
4991,"The Last Wish (The Witcher, #0.5)",Andrzej Sapkowski,4.14,5,461
4992,"Dragonsdawn (Pern, #9)",Anne McCaffrey,4.23,5,461
4993,Top Girls,Caryl Churchill,3.58,6,461
4994,Do the Work,Steven Pressfield,3.97,6,461
4995,Saving Faith,David Baldacci,3.96,6,461
4996,"The Mysterious Benedict Society and the Perilous Journey (The Mysterious Benedict Society, #2)",Trenton Lee Stewart,4.21,6,460
4997,"Saphirblau (Edelstein-Trilogie, #2)",Kerstin Gier,4.18,7,460
4998,The Magic Strings of Frankie Presto,Mitch Albom,4.37,5,460
4999,"Consent to Kill (Mitch Rapp, #8)",Vince Flynn,4.40,5,460
5000,"Cat & Mouse (Alex Cross, #4)",James  Patterson,4.04,6,460
5001,In the Dream House,Carmen Maria Machado,4.41,5,460
5002,The Drifters,James A. Michener,4.06,6,459
5003,Unless,Carol Shields,3.63,6,459
5004,"Love & the Zombie Apocalypse (Zombie Apocalypse, #1)",Chelsea Luna,3.96,5,459
5005,Incognito: The Secret Lives of the Brain,David Eagleman,4.08,5,459
5006,"The Last Mrs. Parrish (Mrs. Parrish, #1)",Liv Constantine,3.96,5,459
5007,The Sexy Part of the Bible,Kola Boof,3.72,6,459
5008,"Happier at Home: Kiss More, Jump More, Abandon a Project, Read Samuel Johnson, and My Other Experiments in the Practice of Everyday Life",Gretchen Rubin,3.54,6,459
5009,"Entwined with You (Crossfire, #3)",Sylvia Day,4.18,5,459
5010,Friend Request,Laura  Marshall,3.76,5,459
5011,"The Golden Tresses of the Dead (Flavia de Luce, #10)",Alan Bradley,3.96,6,459
5012,Her Fearful Symmetry,Audrey Niffenegger,3.27,6,458
5013,Stepping Beyond Intention,Daniel Mangena,4.27,5,458
5014,Love Warrior,Glennon Doyle Melton,4.07,6,458
5015,The Cartographers,Peng Shepherd,3.63,6,458
5016,"K is for Killer (Kinsey Millhone, #11)",Sue Grafton,3.98,6,458
5017,"The High Auction (Wisdom Revolution, #1)",Misba,4.70,5,458
5018,"The Oldest Dance (Wisdom Revolution, #2)",Misba,4.71,5,458
5019,The Cost of Discipleship,Dietrich Bonhoeffer,4.30,9,457
5020,By the River Piedra I Sat Down and Wept,Paulo Coelho,3.57,6,457
5021,And Quiet Flows the Don,Mikhail Sholokhov,4.10,6,457
5022,I See You,Clare Mackintosh,3.86,6,457
5023,"Glorious Christmas (The Serve, #7)",Cece Whittaker,4.18,5,457
5024,Clap When You Land,Elizabeth Acevedo,4.23,5,457
5025,Anatomy of the Spirit: The Seven Stages of Power and Healing,Caroline Myss,4.16,6,457
5026,"The Last Child (Johnny Merrimon, #1)",John Hart,4.15,5,457
5027,"Four to Score (Stephanie Plum, #4)",Janet Evanovich,4.17,6,457
5028,"The Mapping of Love and Death (Maisie Dobbs, #7)",Jacqueline Winspear,4.25,6,457
5029,"The Player of Games (Culture, #2)",Iain M. Banks,4.28,6,456
5030,"Ignite Me (Shatter Me, #3)",Tahereh Mafi,4.45,5,456
5031,How to Be Yourself: Quiet Your Inner Critic and Rise Above Social Anxiety,Ellen Hendriksen,4.13,6,456
5032,Decluttering at the Speed of Life: Winning Your Never-Ending Battle with Stuff,Dana K. White,4.09,5,456
5033,"Refuse to Choose!: Use All of Your Interests, Passions, and Hobbies to Create the Life and Career of Your Dreams",Barbara Sher,3.97,6,456
5034,My Graphic Bipolar Fantasies: & Other Short Stories,R.B. Le`Deach,4.30,5,456
5035,The Seal Cove Theoretical Society,S.W. Clemens,4.32,5,456
5036,Where They Found Her,Kimberly McCreight,3.83,6,456
5037,More Than Human,Theodore Sturgeon,3.94,7,455
5038,A Mango-Shaped Space,Wendy Mass,4.21,5,455
5039,The Twelve Chairs,Ilya Ilf,4.39,6,455
5040,"The Indian in the Cupboard (The Indian in the Cupboard, #1)",Lynne Reid Banks,3.93,9,455
5041,The Road Back to You: An Enneagram Journey to Self-Discovery,Ian Morgan Cron,4.20,6,455
5042,"Vengeance in Death (In Death, #6)",J.D. Robb,4.36,6,455
5043,"The Beautiful Mystery (Chief Inspector Armand Gamache, #8)",Louise Penny,4.20,6,455
5044,No Wonder They Call Him Savior: Experience the Truth of the Cross,Max Lucado,4.30,5,454
5045,The Moon's a Balloon,David  Niven,4.10,6,454
5046,"Kidnapped (David Balfour, #1)",Robert Louis Stevenson,3.79,7,454
5047,"No Time for Goodbye (No Time For Goodbye, #1)",Linwood Barclay,4.02,5,454
5048,"A Conspiracy in Belgravia (Lady Sherlock, #2)",Sherry Thomas,4.10,5,454
5049,"The Cater Street Hangman (Charlotte & Thomas Pitt, #1)",Anne Perry,3.91,5,454
5050,"Explosive Eighteen (Stephanie Plum, #18)",Janet Evanovich,3.98,7,454
5051,Three Kingdoms (4-Volume Boxed Set),Luo Guanzhong,4.37,7,453
5052,"The Beast Within (Blindfold, Inc., #1)",Liz  Cowan,3.92,5,453
5053,"Trickster's Choice (Daughter of the Lioness, #1)",Tamora Pierce,4.26,6,453
5054,"Parable of the Talents (Earthseed, #2)",Octavia E. Butler,4.32,5,453
5055,"The Girl in the Ice (Detective Erika Foster, #1)",Robert Bryndza,3.96,6,453
5056,"Marco Effekten (Afdeling Q, #5)",Jussi Adler-Olsen,3.88,5,453
5057,City of God,Augustine of Hippo,3.94,7,452
5058,The Rise of Theodore Roosevelt,Edmund Morris,4.23,5,452
5059,Dune Messiah (Dune #2),Frank Herbert,3.89,5,452
5060,Psycho Sitter,Alexandria Ayers,4.25,5,452
5061,"Knots and Crosses (Inspector Rebus, #1)",Ian Rankin,3.80,6,452
5062,"The Threat Below (Brathius History, #1)",Jason Latshaw,4.11,5,452
5063,"Magic Study (Study, #2)",Maria V. Snyder,4.04,7,452
5064,The Psychology of Money,Morgan Housel,4.29,6,452
5065,"The Toll (Arc of a Scythe, #3)",Neal Shusterman,4.17,5,452
5066,Corpalism,Arun D. Ellis,3.37,6,451
5067,"Emotional First Aid: Practical Strategies for Treating Failure, Rejection, Guilt, and Other Everyday Psychological Injuries",Guy Winch,3.86,5,451
5068,Five Feet Apart,Rachael Lippincott,4.18,5,451
5069,"Thrice the Brinded Cat Hath Mew'd (Flavia de Luce, #8)",Alan Bradley,3.99,6,451
5070,The Monster of Florence,Douglas Preston,3.76,5,451
5071,"The City of Brass (The Daevabad Trilogy, #1)",S.A. Chakraborty,4.14,5,450
5072,Waking Up: A Guide to Spirituality Without Religion,Sam Harris,3.91,5,450
5073,"Organizing from the Inside Out: The Foolproof System for Organizing Your Home, Your Office and Your Life",Julie Morgenstern,3.84,5,450
5074,"Strip Jack (Inspector Rebus, #4)",Ian Rankin,3.88,5,450
5075,"P is for Peril (Kinsey Millhone, #16)",Sue Grafton,3.89,6,450
5076,"The High Auction (Wisdom Revolution, #1)",Misba,4.70,5,450
5077,"The Coffin Dancer (Lincoln Rhyme, #2)",Jeffery Deaver,4.16,6,449
5078,The Holdout,Graham Moore,3.83,6,449
5079,"A Bone to Pick (Aurora Teagarden, #2)",Charlaine Harris,3.76,5,449
5080,Five Quarters of the Orange,Joanne Harris,3.87,6,448
5081,Rubyfruit Jungle,Rita Mae Brown,3.92,7,448
5082,Danny the Champion of the World,Roald Dahl,4.10,6,448
5083,Where Eagles Dare,Alistair MacLean,4.14,6,448
5084,The Grownup,Gillian Flynn,3.55,6,448
5085,House Rules,Jodi Picoult,4.04,6,448
5086,The Know-It-All,A.J. Jacobs,3.76,6,448
5087,Leon the Lion,Julie Mannino,4.67,5,448
5088,Forever,Pete Hamill,3.96,5,447
5089,The First Fifteen Lives of Harry August,Claire North,4.03,5,447
5090,Major Pettigrew's Last Stand,Helen Simonson,3.90,5,447
5091,"Good Me, Bad Me",Ali Land,3.88,5,447
5092,The Big Leap: Conquer Your Hidden Fear and Take Life to the Next Level,Gay Hendricks,3.97,6,447
5093,In the Land of Boxes,Kim Hebert,4.40,5,447
5094,"The Duchess Deal (Girl Meets Duke, #1)",Tessa Dare,3.99,5,447
5095,"Shakespeare's Landlord (Lily Bard, #1)",Charlaine Harris,3.78,5,447
5096,"The Cat Who Could Read Backwards (Cat Who..., #1)",Lilian Jackson Braun,3.87,6,447
5097,"The Dragon Reborn (The Wheel of Time, #3)",Robert Jordan,4.28,8,446
5098,"Many Waters (Time Quintet, #4)",Madeleine L'Engle,3.96,5,446
5099,This Changes Everything: Capitalism vs. The Climate,Naomi Klein,4.16,5,446
5100,Bottle,D.M. Samson,4.62,5,446
5101,Oh Laxmi!,Catherine Forsayeth,4.14,5,446
5102,A Stranger in the House,Shari Lapena,3.68,6,446
5103,She Said: Breaking the Sexual Harassment Story That Helped Ignite a Movement,Jodi Kantor,4.34,5,446
5104,"The Oldest Dance (Wisdom Revolution, #2)",Misba,4.71,5,446
5105,The Upanishads,Anonymous,4.25,6,445
5106,The Pit and the Pendulum,Edgar Allan Poe,4.15,6,445
5107,"Forever Odd (Odd Thomas, #2)",Dean Koontz,3.98,5,445
5108,"Make Me (Jack Reacher, #20)",Lee Child,4.02,5,445
5109,"The War I Finally Won (The War That Saved My Life, #2)",Kimberly Brubaker Bradley,4.48,5,445
5110,Still Crazy,Judy Prescott Marshall,4.22,5,445
5111,Attached: The New Science of Adult Attachment and How It Can Help You Find—and Keep—Love,Amir Levine,4.14,6,445
5112,Unlimited Power: The New Science Of Personal Achievement,Anthony Robbins,4.22,6,444
5113,"The Book of Life (All Souls, #3)",Deborah Harkness,4.21,6,444
5114,"Alice in Zombieland (White Rabbit Chronicles, #1)",Gena Showalter,4.03,6,444
5115,Norse Mythology,Neil Gaiman,4.10,6,444
5116,"Chain of Gold (The Last Hours, #1)",Cassandra Clare,4.38,6,444
5117,"The Highlander (The Rise of the Aztecs, #1)",Zoe Saadia,3.81,5,443
5118,One Night with the Prince,T.M. Mendes,3.96,5,443
5119,"March: Book Two (March, #2)",John             Lewis,4.49,5,443
5120,Lightning,Dean Koontz,4.09,6,443
5121,The Visit: A Tragi-Comedy,Friedrich Dürrenmatt,3.67,5,443
5122,"Your Brain at Work: Strategies for Overcoming Distraction, Regaining Focus, and Working Smarter All Day Long",David Rock,4.09,6,443
5123,"Whispers of the Dead (David Hunter, #3)",Simon Beckett,4.16,5,443
5124,"The Atlas Six (The Atlas, #1)",Olivie Blake,3.56,5,443
5125,"Sky in the Deep (Sky and Sea, #1)",Adrienne Young,3.93,6,443
5126,Underworld,Don DeLillo,3.95,5,442
5127,"The Vile Village (A Series of Unfortunate Events, #7)",Lemony Snicket,3.97,5,442
5128,Martin Swans Diary: Black Water Crossing,Kyle Keyes,4.41,5,442
5129,"The Invisible Library (The Invisible Library, #1)",Genevieve Cogman,3.74,5,442
5130,"Split Second (Sean King & Michelle Maxwell, #1)",David Baldacci,4.05,5,442
5131,"Anna Dressed in Blood (Anna, #1)",Kendare Blake,3.91,6,442
5132,"The High Auction (Wisdom Revolution, #1)",Misba,4.70,5,442
5133,"The Widows of Malabar Hill (Perveen Mistry, #1)",Sujata Massey,3.93,6,442
5134,"Indulgence in Death (In Death, #31)",J.D. Robb,4.36,5,441
5135,The Last Don,Mario Puzo,3.89,5,441
5136,"The Valley of Fear (Sherlock Holmes, #7)",Arthur Conan Doyle,3.96,5,441
5137,"Full Dark, No Stars",Stephen        King,4.08,6,441
5138,The Tenth Circle,Jodi Picoult,3.54,5,441
5139,Year of Yes,Shonda Rhimes,4.06,6,441
5140,The Fear Index,Robert   Harris,3.54,5,440
5141,"The Prisoner of Heaven (The Cemetery of Forgotten Books, #3)",Carlos Ruiz Zafón,4.14,5,440
5142,Leonardo da Vinci,Walter Isaacson,4.20,5,440
5143,"Dance of Death (Pendergast, #6; Diogenes, #2)",Douglas Preston,4.20,5,440
5144,The Zombie Wizards of Ala-ka,Linda    Armstrong,4.26,5,440
5145,Make It Stick: The Science of Successful Learning,Peter C. Brown,4.16,5,440
5146,"Legendary (Caraval, #2)",Stephanie Garber,4.12,5,440
5147,"The Mermaids Singing (Tony Hill & Carol Jordan, #1)",Val McDermid,3.95,5,439
5148,Rage,Richard  Bachman,3.72,5,439
5149,A Woman to Blame,Vincent Panettiere,4.33,5,439
5150,Darkness Visible,William Golding,3.51,5,439
5151,Change Anything: The New Science of Personal Success,Kerry Patterson,3.89,6,439
5152,Thomas Jefferson: Author of America,Christopher Hitchens,3.94,5,439
5153,Gilded Crown (Midas #2),Julie Mannino,3.94,5,439
5154,Zealot: The Life and Times of Jesus of Nazareth,Reza Aslan,3.86,5,438
5155,Rabbit-Proof Fence,Doris Pilkington,3.69,6,438
5156,"A Million Suns (Across the Universe, #2)",Beth Revis,4.01,5,438
5157,The Greatest Salesman in the World,Og Mandino,4.21,6,437
5158,Being the Bad Boy's Victim,Claire Monette,3.77,5,437
5159,A Short History of Tractors in Ukrainian,Marina Lewycka,3.44,6,436
5160,A Visit from the Goon Squad,Jennifer Egan,3.70,6,436
5161,The Hard Thing About Hard Things: Building a Business When There Are No Easy Answers―Straight Talk on the Challenges of Entrepreneurship,Ben Horowitz,4.21,5,436
5162,A Woman After God's Own Heart,Elizabeth George,4.32,5,436
5163,My Best Friend's Brother,M.J. Thompson,3.46,5,436
5164,"His Last Bow (Sherlock Holmes, #8)",Arthur Conan Doyle,4.24,5,436
5165,"Morality for Beautiful Girls (No. 1 Ladies' Detective Agency, #3)",Alexander McCall Smith,3.99,5,436
5166,Season of Migration to the North,Tayeb Salih,3.72,5,435
5167,"Forever (The Wolves of Mercy Falls, #3)",Maggie Stiefvater,3.89,7,435
5168,They Came to Baghdad,Agatha Christie,3.84,7,435
5169,"Patient Zero (Joe Ledger, #1)",Jonathan Maberry,4.00,5,435
5170,"Dorothy Must Die (Dorothy Must Die, #1)",Danielle  Paige,3.80,5,435
5171,"The Hidden Oracle (The Trials of Apollo, #1)",Rick Riordan,4.14,6,435
5172,"Kindred in Death (In Death, #29)",J.D. Robb,4.37,5,435
5173,"Plum Lucky (Stephanie Plum, #13.5)",Janet Evanovich,3.78,6,435
5174,"The Six Sacred Stones (Jack West Jr, #2)",Matthew Reilly,4.20,5,434
5175,Missing You,Harlan Coben,4.00,5,434
5176,The IX  (The IX #1),Andrew P. Weston,3.47,5,434
5177,"The War That Saved My Life (The War That Saved My Life, #1)",Kimberly Brubaker Bradley,4.49,5,434
5178,Relentless: From Good to Great to Unstoppable (Tim Grover Winning Series),Tim S. Grover,3.96,5,434
5179,"Chloe's Purpose (Jack's Reign, #2)",Julie Mannino,4.76,5,434
5180,The Sailor Who Fell from Grace with the Sea,Yukio Mishima,3.84,6,433
5181,The God Complex,Chris Titus,3.71,5,433
5182,The Gambler,Fyodor Dostoevsky,3.91,5,433
5183,Bartleby the Scrivener,Herman Melville,3.93,7,433
5184,"Sarah, Plain and Tall (Sarah, Plain and Tall, #1)",Patricia MacLachlan,3.84,8,433
5185,"Love Is a Mix Tape: Life and Loss, One Song at a Time",Rob Sheffield,3.87,5,433
5186,Life Expectancy,Dean Koontz,4.01,5,433
5187,The Midwich Cuckoos,John Wyndham,3.90,7,432
5188,Guts,Chuck Palahniuk,3.87,5,432
5189,"Plum Island (John Corey, #1)",Nelson DeMille,4.07,6,432
5190,"The Rose Society (The Young Elites, #2)",Marie Lu,4.02,6,432
5191,"Dead or Alive (Jack Ryan Jr, #2; Jack Ryan Universe, #13)",Tom Clancy,3.91,5,432
5192,"Lethal White (Cormoran Strike, #4)",Robert Galbraith,4.25,6,432
5193,The Last Flight,Julie   Clark,4.10,5,432
5194,"A Beautiful Blue Death (Charles Lenox Mysteries, #1)",Charles Finch,3.65,6,432
5195,"The Iron Queen (The Iron Fey, #3)",Julie Kagawa,4.19,5,432
5196,Darwin's Dangerous Idea: Evolution and the Meanings of Life,Daniel C. Dennett,4.07,5,431
5197,The Cat in the Hat and Other Dr. Seuss Favorites,Dr. Seuss,4.44,6,431
5198,"Vision in White (Bride Quartet, #1)",Nora Roberts,4.12,6,431
5199,"The High Window (Philip Marlowe, #3)",Raymond Chandler,4.04,5,431
5200,Twisted,Anna Gallegos,4.50,5,431
5201,"The Thirteen Problems (Miss Marple, #0.5)",Agatha Christie,3.94,6,431
5202,Kargaroth: A Tale of the Great Onion Knighthood,Mark B. Frost,4.51,5,431
5203,Savvy Sage Online (Savvy Sage Online #1),Richard Sprout,4.19,5,431
5204,"Ace: What Asexuality Reveals About Desire, Society, and the Meaning of Sex",Angela  Chen,4.35,5,431
5205,The Hunting Wives,May Cobb,3.47,5,431
5206,Gargantua and Pantagruel,François Rabelais,3.66,9,430
5207,"River God (Ancient Egypt, #1)",Wilbur Smith,4.22,5,430
5208,"Crazy Rich Asians (Crazy Rich Asians, #1)",Kevin Kwan,3.91,7,430
5209,Strangers on a Train,Patricia Highsmith,3.72,5,430
5210,"Fear Nothing (Moonlight Bay, #1)",Dean Koontz,4.00,5,430
5211,Addicted to Time,Steven Decker,4.27,5,430
5212,"Wind from the Abyss (Silistra, #3)",Janet E. Morris,4.04,5,429
5213,The Humans,Matt Haig,4.08,5,429
5214,The Nerdist Way: How to Reach the Next Level,Chris Hardwick,3.68,5,429
5215,The House at Riverton,Kate Morton,3.95,6,428
5216,"Al Capone Does My Shirts (Tales from Alcatraz, #1)",Gennifer Choldenko,3.85,6,428
5217,De Profundis,Oscar Wilde,4.22,5,428
5218,The Enchanted April,Elizabeth von Arnim,3.90,7,428
5219,Beautiful You,Chuck Palahniuk,3.05,5,428
5220,One Plus One,Jojo Moyes,3.97,5,428
5221,Outwitting the Devil: The Secret to Freedom and Success,Napoleon Hill,4.26,6,428
5222,"The Oldest Dance (Wisdom Revolution, #2)",Misba,4.71,5,428
5223,"Pillar of Light (The Work and the Glory, #1)",Gerald N. Lund,4.30,6,427
5224,The Origins of Totalitarianism,Hannah Arendt,4.30,5,427
5225,"The Red Queen (The Plantagenet and Tudor Novels, #3)",Philippa Gregory,3.82,7,427
5226,Holding Up the Universe,Jennifer Niven,3.68,5,427
5227,"Mythos: The Greek Myths Retold (Stephen Fry's Great Mythology, #1)",Stephen Fry,4.26,5,427
5228,The Darkest Part of the Forest,Holly Black,3.86,5,427
5229,The True Confessions of Charlotte Doyle,Avi,3.86,5,427
5230,All Boys Aren’t Blue,George M.   Johnson,4.19,5,427
5231,"Bloodline (Sigma Force, #8)",James Rollins,4.25,5,427
5232,"The High Auction (Wisdom Revolution, #1)",Misba,4.70,5,427
5233,"Crown of Midnight (Throne of Glass, #2)",Sarah J. Maas,4.36,5,427
5234,The Kitten and His Prince,Julie Mannino,3.72,5,427
5235,"Infected (Infected, #1)",Scott Sigler,3.83,7,426
5236,Alice's Adventures in Wonderland & Other Stories,Lewis Carroll,4.26,8,426
5237,"Ship of Magic (Liveship Traders, #1)",Robin Hobb,4.22,5,426
5238,The Lake House,Kate Morton,4.08,6,426
5239,"Never Go Back (Jack Reacher, #18)",Lee Child,4.09,5,426
5240,Ordeal by Innocence,Agatha Christie,3.83,5,426
5241,"The Big Four (Hercule Poirot, #5)",Agatha Christie,3.57,6,426
5242,"Sackett (The Sacketts, #8)",Louis L'Amour,4.26,6,425
5243,Anne Frank Remembered: The Story of the Woman Who Helped to Hide the Frank Family,Miep Gies,4.30,6,425
5244,Book of a Thousand Days,Shannon Hale,3.97,6,425
5245,"Die Again (Rizzoli & Isles, #11)",Tess Gerritsen,4.20,5,425
5246,Why Didn't They Ask Evans?,Agatha Christie,3.91,5,425
5247,"The White Lioness (Kurt Wallander, #3)",Henning Mankell,3.87,5,425
5248,"Silent Scream (DI Kim Stone, #1)",Angela Marsons,4.07,5,425
5249,"That Hideous Strength (The Space Trilogy, #3)",C.S. Lewis,3.93,9,424
5250,"The Shadow Rising (The Wheel of Time, #4)",Robert Jordan,4.28,6,424
5251,Because I Love You,Max Lucado,4.44,6,424
5252,"Now, Discover Your Strengths: The revolutionary Gallup program that shows you how to develop your unique talents and strengths",Gallup,3.97,5,424
5253,Proof of Heaven: A Neurosurgeon's Journey into the Afterlife,Eben Alexander,3.73,7,424
5254,"Men at Arms (Discworld, #15; City Watch, #2)",Terry Pratchett,4.41,5,424
5255,"Just One Day (Just One Day, #1)",Gayle Forman,3.98,5,424
5256,A Guide to the Good Life: The Ancient Art of Stoic Joy,William B. Irvine,4.19,5,424
5257,"The Dead in Their Vaulted Arches (Flavia de Luce, #6)",Alan Bradley,4.18,5,424
5258,Conflagration,Teri-Anne,4.33,5,424
5259,"The Dante Club (The Dante Club, #1)",Matthew Pearl,3.42,7,423
5260,An Inspector Calls,J.B. Priestley,3.82,5,423
5261,Mandy,Julie Andrews Edwards,4.28,5,423
5262,"Under the Never Sky (Under the Never Sky, #1)",Veronica Rossi,3.99,5,423
5263,"Over Sea, Under Stone (The Dark is Rising, #1)",Susan Cooper,3.86,5,423
5264,The Truth of All that Is: The Angel book to Enlightenment and Personal Transformation,Amelia Bert,4.44,5,423
5265,"Fantastic Beasts and Where to Find Them: The Original Screenplay (Fantastic Beasts: The Original Screenplay, #1)",J.K. Rowling,4.16,5,423
5266,The Marrow Thieves,Cherie Dimaline,3.95,5,423
5267,The Fountains of Silence,Ruta Sepetys,4.31,5,423
5268,"Wayward Son (Simon Snow, #2)",Rainbow Rowell,3.90,5,423
5269,And Tango Makes Three,Justin Richardson,4.35,5,422
5270,The Complete Adventures of Curious George,Margret Rey,4.23,5,422
5271,"Wolf Brother (Chronicles of Ancient Darkness, #1)",Michelle Paver,4.21,5,422
5272,Die Therapie,Sebastian Fitzek,4.16,5,422
5273,"That, Which Clouds the Soul",Nicolas Ryan Moore,4.45,5,422
5274,Reconstructing Amelia,Kimberly McCreight,3.83,5,422
5275,"Passenger (Passenger, #1)",Alexandra Bracken,3.75,5,422
5276,The King of Torts,John Grisham,3.73,5,422
5277,The Associate,John Grisham,3.71,6,422
5278,"Shakespeare's Champion (Lily Bard, #2)",Charlaine Harris,3.84,6,422
5279,"The Taming of the Queen (The Plantagenet and Tudor Novels, #11)",Philippa Gregory,3.96,5,422
5280,"Body of Evidence (Kay Scarpetta, #2)",Patricia Cornwell,4.04,6,421
5281,Shit my History Teacher DID NOT tell me!,Karl Wiggins,4.14,5,421
5282,"One Small Sacrifice (Shadows of New York, #1)",Hilary Davidson,3.95,5,421
5283,An Enemy of the People,Henrik Ibsen,3.86,5,421
5284,Spare,Prince Harry,3.84,5,421
5285,The Obsession,Nora Roberts,4.23,5,421
5286,"The Splendid and the Vile: A Saga of Churchill, Family, and Defiance During the Blitz",Erik Larson,4.30,5,421
5287,56 Days,Catherine Ryan Howard,3.74,5,421
5288,"Bitten (Otherworld, #1)",Kelley Armstrong,4.02,5,420
5289,"Aztec (Aztec, #1)",Gary Jennings,4.26,5,420
5290,"The Secret Adversary (Tommy and Tuppence Mysteries, #1)",Agatha Christie,3.85,5,420
5291,The Wanting Seed,Anthony Burgess,3.72,5,420
5292,"My Name Is Mary Sutter (Mary Sutter, #1)",Robin Oliveira,3.84,6,420
5293,Black-Eyed Susans,Julia Heaberlin,3.78,5,420
5294,When: The Scientific Secrets of Perfect Timing,Daniel H. Pink,3.79,5,420
5295,The Hunting Party,Lucy Foley,3.61,5,420
5296,The View from the Cheap Seats: Selected Nonfiction,Neil Gaiman,3.96,5,420
5297,Weapons of Math Destruction: How Big Data Increases Inequality and Threatens Democracy,Cathy O'Neil,3.88,5,420
5298,A Short History of Progress,Ronald Wright,4.10,5,419
5299,The Summer Book,Tove Jansson,4.02,7,419
5300,"To Sir, With Love",E.R. Braithwaite,4.19,6,419
5301,"SuperFreakonomics: Global Cooling, Patriotic Prostitutes And Why Suicide Bombers Should Buy Life Insurance",Steven D. Levitt,4.00,6,419
5302,"The Autobiography of Henry VIII: With Notes by His Fool, Will Somers",Margaret George,4.26,6,419
5303,Little Birds,Anaïs Nin,3.70,5,419
5304,The Witch Elm,Tana French,3.58,5,419
5305,Bridget Jones's Diary and Bridget Jones: The Edge of Reason,Helen Fielding,3.82,8,418
5306,Miracle in the Andes,Nando Parrado,4.36,5,418
5307,Fingerprints of the Gods: The Evidence of Earth's Lost Civilization,Graham Hancock,4.16,6,418
5308,"A Voice in the Wind (Mark of the Lion, #1)",Francine  Rivers,4.57,5,418
5309,Don't Let's Go to the Dogs Tonight: An African Childhood,Alexandra Fuller,3.97,5,418
5310,"Cilka's Journey (The Tattooist of Auschwitz, #2)",Heather   Morris,4.40,5,418
5311,"If You Tell: A True Story of Murder, Family Secrets, and the Unbreakable Bond of Sisterhood",Gregg Olsen,3.98,5,418
5312,"The Iron Daughter (The Iron Fey, #2)",Julie Kagawa,4.07,5,417
5313,The Caine Mutiny,Herman Wouk,4.29,6,417
5314,"Forgotten, Saved, Loved (Nightfall, #2)",Violet Samuels,4.08,5,417
5315,Hold Tight,Harlan Coben,3.95,5,417
5316,"Junie B. Jones and the  Stupid Smelly Bus (Junie B. Jones, #1)",Barbara Park,3.98,6,417
5317,A River in Darkness: One Man's Escape from North Korea,Masaji Ishikawa,4.28,5,417
5318,"Locked Rooms (Mary Russell and Sherlock Holmes, #8)",Laurie R. King,4.27,5,417
5319,Broken,Jenny  Lawson,4.02,5,417
5320,The Perfect Stranger,Megan Miranda,3.67,5,417
5321,The Complete Poems,Anne Sexton,4.29,5,416
5322,"Look Homeward, Angel",Thomas Wolfe,3.92,6,416
5323,Flow: The Psychology of Optimal Experience,Mihály Csíkszentmihályi,4.11,6,416
5324,"Past Tense (Jack Reacher, #23)",Lee Child,4.07,5,416
5325,"The Knife of Never Letting Go (Chaos Walking, #1)",Patrick Ness,3.98,5,416
5326,"Brilliance (Brilliance Saga, #1)",Marcus Sakey,3.98,5,416
5327,"The Stone Monkey (Lincoln Rhyme, #4)",Jeffery Deaver,3.99,5,416
5328,The Power of Moments: Why Certain Experiences Have Extraordinary Impact,Chip Heath,4.12,5,416
5329,"Death at La Fenice (Commissario Brunetti, #1)",Donna Leon,3.89,5,416
5330,Still Missing,Chevy Stevens,4.00,5,415
5331,Ghost Story,Peter Straub,3.92,7,415
5332,"La catedral del mar (La catedral del mar, #1)",Ildefonso Falcones,4.17,6,415
5333,"The Golem's Eye (Bartimaeus, #2)",Jonathan Stroud,4.12,6,415
5334,The Little Match Girl,Hans Christian Andersen,4.10,6,415
5335,"Unique, Different, Found (Nightfall, #1)",Violet Samuels,3.59,5,415
5336,"La Belle Sauvage (The Book of Dust, #1)",Philip Pullman,4.15,5,415
5337,"Inca Gold (Dirk Pitt, #12)",Clive Cussler,4.01,5,415
5338,"The Collectors (The Camel Club, #2)",David Baldacci,4.06,5,415
5339,"We Hunt the Flame (Sands of Arawiya, #1)",Hafsah Faizal,3.88,5,415
5340,Smoke and Mirrors: Short Fiction and Illusions,Neil Gaiman,4.01,6,414
5341,"Love Walked In (Love Walked In, #1)",Marisa de los Santos,3.72,5,414
5342,"Ilium (Ilium, #1)",Dan Simmons,4.04,5,414
5343,Madeline,Ludwig Bemelmans,4.26,7,414
5344,"Finale (Hush, Hush, #4)",Becca Fitzpatrick,4.12,6,414
5345,Wonder Boys,Michael Chabon,3.93,6,414
5346,"The Silkworm (Cormoran Strike, #2)",Robert Galbraith,4.05,5,414
5347,"Lord Edgware Dies (Hercule Poirot, #9)",Agatha Christie,3.95,5,414
5348,The Women of Brewster Place,Gloria Naylor,4.19,6,413
5349,"Tales of a Fourth Grade Nothing (Fudge, #1)",Judy Blume,4.11,7,413
5350,"How to Train Your Dragon (How to Train Your Dragon, #1)",Cressida Cowell,3.92,6,413
5351,"The Yard (Scotland Yard's Murder Squad, #1)",Alex Grecian,3.84,5,413
5352,Wrong Planet - Searching for your Tribe,Karl Wiggins,4.19,5,413
5353,The One Thing: The Surprisingly Simple Truth Behind Extraordinary Results,Gary Keller,4.13,5,413
5354,"The Nightmare (Joona Linna, #2)",Lars Kepler,3.83,5,413
5355,The Varieties of Scientific Experience: A Personal View of the Search for God,Carl Sagan,4.29,5,412
5356,"Me Before You (Me Before You, #1)",Jojo Moyes,4.26,6,412
5357,"Dear Mr. Henshaw (Leigh Botts, #1)",Beverly Cleary,3.79,5,411
5358,"Hunted (House of Night, #5)",P.C. Cast,3.93,7,411
5359,"End of Watch (Bill Hodges Trilogy, #3)",Stephen        King,4.11,5,411
5360,"The Empty Chair (Lincoln Rhyme, #3)",Jeffery Deaver,4.08,5,411
5361,The Mindful Way through Depression: Freeing Yourself from Chronic Unhappiness,J. Mark G. Williams,4.00,5,411
5362,The Analects,Confucius,3.81,5,410
5363,"The Snowy Day (Peter, #1)",Ezra Jack Keats,4.20,7,410
5364,"The Thousand-Dollar Tan Line (Veronica Mars, #1)",Rob Thomas,3.98,5,410
5365,How to Win Friends and Influence People in the Digital Age (Dale Carnegie Books),Dale Carnegie,3.93,5,410
5366,Caleb's Crossing,Geraldine Brooks,3.86,5,410
5367,The Prince and the Dressmaker,Jen Wang,4.34,5,410
5368,"One Foot in the Grave (Night Huntress, #2)",Jeaniene Frost,4.28,6,409
5369,Deliverance,James Dickey,3.89,7,409
5370,"Odd Hours (Odd Thomas, #4)",Dean Koontz,3.97,5,409
5371,"The Magic Faraway Tree (The Faraway Tree, #2)",Enid Blyton,4.29,5,409
5372,Maximum Achievement: Strategies and Skills That Will Unlock Your Hidden Powers to Succeed,Brian Tracy,4.13,5,409
5373,"Gideon's Sword (Gideon Crew, #1)",Douglas Preston,3.67,5,409
5374,"The Hard Way (Jack Reacher, #10)",Lee Child,4.20,5,409
5375,Rejection Proof: How I Beat Fear and Became Invincible Through 100 Days of Rejection,Jia Jiang,4.04,6,409
5376,"Fantasy in Death (In Death, #30)",J.D. Robb,4.28,5,409
5377,"Forgive Me, Leonard Peacock",Matthew Quick,3.87,5,409
5378,I Have The Right To Destroy Myself,Young-ha Kim,3.22,5,408
5379,He Chose the Nails: What God Did to Win Your Heart,Max Lucado,4.41,6,408
5380,"The Alexandria Link (Cotton Malone, #2)",Steve Berry,3.94,6,408
5381,"I, Claudius/Claudius the God",Robert  Graves,4.25,5,408
5382,The Girl With the Dragon Tattoo (Millennium #1),Stieg Larsson,4.17,5,408
5383,"The Hypnotist (Joona Linna, #1)",Lars Kepler,3.74,5,408
5384,"Slammed (Slammed, #1)",Colleen Hoover,4.15,5,408
5385,A Whole New Mind: Why Right-Brainers Will Rule the Future,Daniel H. Pink,3.92,6,408
5386,"UNSUB (UNSUB, #1)",Meg Gardiner,4.06,5,408
5387,"A Court of Wings and Ruin (A Court of Thorns and Roses, #3)",Sarah J. Maas,4.47,5,408
5388,"The Moor (Mary Russell and Sherlock Holmes, #4)",Laurie R. King,3.94,5,408
5389,City,Clifford D. Simak,4.08,5,407
5390,"The Forsyte Saga (The Forsyte Chronicles, #1-3)",John Galsworthy,4.18,8,407
5391,The Best of H.P. Lovecraft: Bloodcurdling Tales of Horror and the Macabre,H.P. Lovecraft,4.30,7,407
5392,"The History of Sexuality, Volume 1: An Introduction",Michel Foucault,4.02,5,407
5393,The Swarm,Frank Schätzing,4.10,5,407
5394,The Way Things Are,Lucretius,3.98,5,407
5395,"Stars Above (The Lunar Chronicles, #4.5)",Marissa Meyer,4.15,5,407
5396,The Signal and the Noise: Why So Many Predictions Fail—But Some Don't,Nate Silver,3.97,6,407
5397,The Practicing Mind: Bringing Discipline and Focus into Your Life,Thomas M. Sterner,3.96,5,407
5398,"We Are in a Book! (Elephant & Piggie, #13)",Mo Willems,4.53,5,407
5399,Hymns of The Church of Jesus Christ of Latter-day Saints,The Church of Jesus Christ of Latter-day Saints,4.65,6,406
5400,"Daemon (Daemon, #1)",Daniel Suarez,4.16,5,406
5401,The Icarus Agenda,Robert Ludlum,3.98,5,406
5402,Free Will,Sam Harris,3.86,5,406
5403,Intuitive Eating: A Revolutionary Program That Works,Evelyn Tribole,4.23,5,406
5404,"The Missing Piece (The Missing Piece, #1)",Shel Silverstein,4.28,10,405
5405,Cleopatra's Daughter,Michelle    Moran,4.12,5,405
5406,An Instance of the Fingerpost,Iain Pears,3.94,5,405
5407,"The Carnivorous Carnival (A Series of Unfortunate Events, #9)",Lemony Snicket,4.01,5,405
5408,"The High Auction (Wisdom Revolution, #1)",Misba,4.70,5,405
5409,"Stones Into Schools: Promoting Peace With Books, Not Bombs, in Afghanistan and Pakistan",Greg Mortenson,3.85,6,404
5410,The Blind Side,Michael   Lewis,4.17,5,404
5411,"The Big Bad Wolf  (Alex Cross, #9)",James  Patterson,4.03,6,404
5412,Scar Tissue,Anthony Kiedis,4.11,5,404
5413,"Nine Princes in Amber (The Chronicles of Amber, #1)",Roger Zelazny,4.05,7,404
5414,Washington Black,Esi Edugyan,3.95,5,404
5415,False Memory,Dean Koontz,3.90,5,404
5416,The Great Influenza: The Story of the Deadliest Pandemic in History,John M. Barry,3.98,5,404
5417,"The Box in the Woods (Truly Devious, #4)",Maureen Johnson,4.06,5,404
5418,Altar of Eden,James Rollins,4.05,5,403
5419,Bringing Up Bébé: One American Mother Discovers the Wisdom of French Parenting,Pamela Druckerman,4.02,5,403
5420,"Lover Enshrined (Black Dagger Brotherhood, #6)",J.R. Ward,4.11,5,403
5421,"Flame in the Mist (Flame in the Mist, #1)",Renée Ahdieh,3.86,5,403
5422,"The Cold Dish (Walt Longmire, #1)",Craig Johnson,4.12,5,403
5423,"By the Shores of Silver Lake  (Little House, #5)",Laura Ingalls Wilder,4.18,6,402
5424,The Fixer,Bernard Malamud,3.98,5,402
5425,"The Testing (The Testing, #1)",Joelle Charbonneau,4.05,5,402
5426,The Book of Lies,Aleister Crowley,3.82,5,402
5427,"Mini Habits: Smaller Habits, Bigger Results (Mini Habits, #1)",Stephen Guise,4.00,5,402
5428,Solving the Procrastination Puzzle: A Concise Guide to Strategies for Change,Timothy A. Pychyl,3.76,5,402
5429,"One Good Turn (Jackson Brodie, #2)",Kate Atkinson,3.82,6,402
5430,The Astronaut Wives Club,Lily Koppel,3.34,5,402
5431,"A Monstrous Regiment of Women (Mary Russell and Sherlock Holmes, #2)",Laurie R. King,4.04,5,402
5432,The Ragamuffin Gospel,Brennan Manning,4.19,5,401
5433,"One Second After (After, #1)",William R. Forstchen,3.98,5,401
5434,"The Concrete Blonde (Harry Bosch, #3; Harry Bosch Universe, #3)",Michael    Connelly,4.23,6,401
5435,"Lover Eternal (Black Dagger Brotherhood, #2)",J.R. Ward,4.32,6,401
5436,"Shiloh (Shiloh, #1)",Phyllis Reynolds Naylor,3.96,5,401
5437,Downright Delinquents,Lauren Jackson,4.07,5,401
5438,"Warcross (Warcross, #1)",Marie Lu,4.13,5,401
5439,"Geekerella (Once Upon a Con, #1)",Ashley Poston,3.88,5,401
5440,"Eleven on Top (Stephanie Plum, #11)",Janet Evanovich,4.17,5,401
5441,White Rage: The Unspoken Truth of Our Racial Divide,Carol  Anderson,4.47,6,401
5442,101 Essays That Will Change The Way You Think,Brianna Wiest,3.74,5,401
5443,True Competition: A Guide to Pursuing Excellence in Sport and Society,David Light Shields,3.90,4,400
5444,Five Weeks in a Balloon,Jules Verne,3.75,7,400
5445,Communions With Christ,Sharon Roni Ellis,4.38,4,400
5446,Anathema Rhodes: Dreams,Iimani David,3.24,4,400
5447,What to Expect When You're Expecting,Heidi Murkoff,3.81,6,400
5448,The Years Distilled: Verses,Dennis Sharpe,4.75,4,400
5449,Looking Through Blind Eyes (Valentine/Petrilo #1),Reyna Hawk,4.04,4,400
5450,Imbroglio,Alana Woods,4.09,4,400
5451,The Heretic Queen,Michelle    Moran,4.21,5,400
5452,"Smiley's People (George Smiley, #7; Karla Trilogy, #3)",John Le Carré,4.29,7,400
5453,"I Am Her... (I Am Her..., #1)",Sarah Ann Walker,3.95,4,400
5454,"Nathaniel's 1st Adventure (Cosmic Aviators, #1)",G.E.F. Neilson,4.22,4,400
5455,Origins,S.E. Meyer,3.72,4,400
5456,The Lacuna,Barbara Kingsolver,3.82,6,400
5457,"Hidden Mickey: Sometimes Dead Men DO Tell Tales! (Hidden Mickey, #1)",Nancy Temple Rodrigue,4.00,4,400
5458,Million Dollar Miracle,Jennifer Szewczuk,4.19,4,400
5459,"One Piece, Volume 1: Romance Dawn (One Piece, #1)",Eiichiro Oda,4.49,4,400
5460,"Fire Light (Trinity of Mind, #1)",J. Abram Barneck,3.88,4,400
5461,"Fantasy of Frost (The Tainted Accords, #1)",Kelly St. Clare,4.19,4,400
5462,"How the War Started (How the War Started, #1)",Alice Rhodes,4.00,4,400
5463,Johnny Fracture,Waheed Ibne Musa,4.34,4,400
5464,Flash of Silver: ...the leap that changed my world,Graham Kerr,3.59,4,400
5465,Music City Macabre (The Low Lying Lands #1),Bob  Williams,4.12,4,400
5466,Home Made Pirates - A Story from the Seas,Adnan Aslam,4.78,4,400
5467,LOG: The Legends of Genesis: Not Your Ordinary Heroes,Mark McCants,4.14,4,400
5468,The Tree with a Thousand Apples,Sanchit Gupta,4.41,4,400
5469,"The Enemy (Jack Reacher, #8)",Lee Child,4.17,5,400
5470,Rafferty Lincoln Loves...,Emily  Williams,4.26,4,400
5471,The White Forest (The Legend of Prince Ayron #1),Aviya Carmen,4.56,4,400
5472,The Enlightenment of Alexander,B.Q. Hanson,3.34,4,400
5473,The Ancient Breath,Ravi   Pathak,4.09,4,400
5474,The Line Between (The Line Between #1),Tosca Lee,4.05,4,400
5475,Tales of the Astonishing Black Spark,Charlie J. Eskew,4.00,4,400
5476,Set the Night on Fire: L.A. in the Sixties,Mike  Davis,4.38,4,400
5477,Mirage,Nilakshi Garg,4.45,4,400
5478,EXSTATICA Self-Help Essentials: Unleash the Transformative Sparkles of the Renaissance Mantegna Tarot,Frank,4.62,4,400
5479,"Hallowe'en Party (Hercule Poirot, #41)",Agatha Christie,3.57,6,400
5480,"Divine Justice (The Camel Club, #4)",David Baldacci,4.23,5,400
5481,You Won't Know Her Name,Shanti Hershenson,4.12,4,400
5482,A List of Cages,Robin Roe,4.25,4,400
5483,Syria Girl,Elijah   Hill,4.76,4,400
5484,Curious Matrix: Questions I always wanted to ask,Domagoj Pernar,4.52,4,400
5485,Refined,Tracie Breaux,4.35,4,400
5486,Dominion of Magic (The Black Rose/White Orchid Trilogy Book 1),Eleanor  Rose,4.57,4,400
5487,Pink Eye,Tom   Norton,4.19,4,400
5488,Damaged Goods: Things You Must Know About Healing From Abuse,Tammy Lang,3.20,4,399
5489,I am an Island,Jonathan Culver,3.81,4,399
5490,Secrets of Jewish Wealth Revealed!,Celso Cukierkorn,4.20,4,399
5491,"The Venetian Betrayal (Cotton Malone, #3)",Steve Berry,3.97,5,399
5492,Society for Supper,TyCobbsTeeth,4.48,4,399
5493,City of Skies (The Viking Assassin #1),Farah Cook,3.86,4,399
5494,"Renegades (Renegades, #1)",Marissa Meyer,4.12,5,399
5495,Managing Oneself,Peter F. Drucker,3.98,5,399
5496,5 Stars,Louise Blackwick,4.56,4,399
5497,Broken: The Failed Promise of Muslim Inclusion,Evelyn Alsultany,4.56,4,399
5498,"Well-Schooled in Murder (Inspector Lynley, #3)",Elizabeth  George,4.13,6,399
5499,The Witches Are Coming,Lindy West,4.11,5,399
5500,Reimagined: How amazing people design lives they love,Ian Breck,4.02,4,398
5501,Automaton,Alana Woods,3.88,4,398
5502,"Forgive Me, Alex",Lane Diamond,3.94,4,398
5503,"The Golden Wizard (Scrolls of Zndaria, #1)",J.S. Jaeger,4.25,4,398
5504,Instruction Manual for the 21st Century Samurai,Alexei Maxim Russell,3.95,4,398
5505,"Dom Wars: Rounds 1, 2, 3 (Dom Wars, #1-3)",Lucian Bane,3.98,4,398
5506,Free to Choose: A Personal Statement,Milton Friedman,4.22,6,398
5507,"Lioness Rampant (Song of the Lioness, #4)",Tamora Pierce,4.28,5,398
5508,"Siege and Storm (The Shadow and Bone Trilogy, #2)",Leigh Bardugo,3.81,6,398
5509,"Women, Food and God: An Unexpected Path to Almost Everything",Geneen Roth,3.68,5,398
5510,Rebel Queen,Michelle    Moran,4.05,5,398
5511,Savage Inequalities: Children in America's Schools,Jonathan Kozol,4.26,9,397
5512,"Torment (Bloodlines, #2)",Lindsay Anne Kendal,4.03,4,397
5513,At Road's End (Pre-Aztec #0.5),Zoe Saadia,3.85,4,397
5514,Huey Lambert's Walking Nuclear Circus,Jonathan Culver,3.69,4,397
5515,"Leviathan (Leviathan, #1)",Scott Westerfeld,3.92,5,397
5516,"Virals (Virals, #1)",Kathy Reichs,3.95,5,397
5517,Nightwatching,John Zunski,3.65,4,397
5518,Messages From Heaven,Collette Sinclaire,4.25,4,397
5519,City of Vikings (The Viking Assassin #2),Farah Cook,4.27,4,397
5520,"The Rose & the Dagger (The Wrath and the Dawn, #2)",Renée Ahdieh,4.03,5,397
5521,The Closing of the American Mind,Allan Bloom,3.76,7,396
5522,Little Guide to Unhip,K.J. Rigby,4.00,4,396
5523,Reflection of Secrets (Valentine/Petrilo #2),Reyna Hawk,4.44,4,396
5524,Discipline and Punish: The Birth of the Prison,Michel Foucault,4.24,6,396
5525,Blubber,Judy Blume,3.79,6,396
5526,"The Wide Game (Harmony, Indiana, #1)",Michael  West,3.93,4,396
5527,Trueman Bradley: Aspie Detective,Alexei Maxim Russell,4.47,4,396
5528,"Hidden Mickey 2: It All Started... (Hidden Mickey, #2)",Nancy Temple Rodrigue,4.30,4,396
5529,Binding Chaos: Mass Collaboration on a Global Scale,Heather  Marsh,4.43,4,396
5530,"Burned (House of Night, #7)",P.C. Cast,3.97,5,396
5531,First Things First,Stephen R. Covey,4.12,5,396
5532,Everything I Know About Love,Dolly Alderton,3.97,5,396
5533,The Other Side of Midnight (Midnight #1),Sidney Sheldon,3.96,9,395
5534,"Revelations (Bloodlines, #3)",Lindsay Anne Kendal,4.11,4,395
5535,"Firelight (Firelight, #1)",Sophie Jordan,3.84,5,395
5536,Shangri-La Trailer Park,John Zunski,3.80,4,395
5537,"Acclamation (Acclamation, #1)",Vee Hoffman,4.15,4,395
5538,"Selling Scarlett (Love Inc., #1)",Ella James,3.72,4,395
5539,Hellucination,Stephen Biro,3.59,4,395
5540,After Forever Ends,Melodie Ramone,4.06,4,395
5541,"The Vanishing Girl (The Vanishing Girl, #1)",Laura Thalassa,3.87,4,395
5542,The First Phone Call from Heaven,Mitch Albom,3.79,5,395
5543,"Choosing Light: When an Earthquake Buried Me and My Family for 5 Days, I Learned to Fully Live",Viral Dalal,3.72,4,395
5544,Memories Of My Future,Ammar Habib,4.39,4,395
5545,The Singularity is Coming: The Artificial Intelligence Explosion,Tony  Thorne,4.32,4,395
5546,What You Did,Claire McGowan,3.92,4,395
5547,"Immortal in Death (In Death, #3)",J.D. Robb,4.28,5,395
5548,"Dragons of Autumn Twilight  (Dragonlance: Chronicles, #1)",Margaret Weis,4.01,6,394
5549,"From Man to Man (Wroge Elements, #0.5)",D.E.M. Emrys,3.72,4,394
5550,The Novice (The Black Magician Trilogy #2),Trudi Canavan,4.08,5,394
5551,"Soul Music (Discworld, #16; Death, #3)",Terry Pratchett,4.06,6,394
5552,Dialogue With the Devil,Stephen Biro,3.63,4,394
5553,Unexpected Metamorphosis (Alissia Roswell:  Book One),Tianna Holley,4.02,4,394
5554,بيت القبطية,أشرف العشماوي,3.98,4,394
5555,The Ultimate Human Secrets - The Hidden Power in our Mysterious Unconscious Knowledge,Ramzi Najjar,4.63,4,394
5556,"King Henry VI, Part 3",William Shakespeare,3.71,5,394
5557,"The Ruby in the Smoke (Sally Lockhart, #1)",Philip Pullman,3.78,5,394
5558,The Wicked Deep,Shea Ernshaw,3.86,5,394
5559,Il cavaliere inesistente,Italo Calvino,3.83,5,393
5560,"Miecz przeznaczenia (Saga o Wiedźminie, #0.7)",Andrzej Sapkowski,4.27,6,393
5561,Suicide Notes,Michael Thomas Ford,3.80,5,393
5562,Survivor,Chuck Palahniuk,3.93,5,393
5563,Farewell to Manzanar: A True Story of Japanese American Experience During and After the World War II Internment,Jeanne Wakatsuki Houston,3.71,8,393
5564,The Sabi,Diane  Brown,3.67,4,393
5565,With Angel's Wings,Stephanie A. Collins,4.18,4,393
5566,Louder Than a Whisper: Clearer Than a Bell,Renée Paule,4.65,4,393
5567,Mindfulness Living in the Moment - Living in the Breath,Amit Ray,4.63,4,393
5568,The Perfect Child,Lucinda Berry,4.02,4,393
5569,"Alex (Camille Verhœven, #2)",Pierre Lemaitre,4.09,5,393
5570,"Murder on Astor Place (Gaslight Mystery, #1)",Victoria Thompson,3.91,6,393
5571,The Second Korean War (Russian Agents #1),Ted Halstead,4.15,4,393
5572,"Rise of the Evening Star (Fablehaven, #2)",Brandon Mull,4.18,6,392
5573,"The Naming (The Books of Pellinor, #1)",Alison Croggon,4.03,5,392
5574,Shattered Visions Haunted Memories (Valentine/Petrilo #3),Reyna Hawk,4.67,4,392
5575,Life,Keith Richards,3.89,5,392
5576,Hannah's Voice,Robb Grindstaff,3.92,4,392
5577,"HIDDEN MICKEY 3: Wolf! The Legend of Tom Sawyer's Island (Hidden Mickey, #3)",Nancy Temple Rodrigue,4.12,4,392
5578,The Unity Tree: A Whimsical Muse on Cosmic Consciousness,Jennifer Sodini,4.50,4,392
5579,"Strictly Professional (Strictly Professional, #1)",Sherri Hayes,3.77,4,392
5580,Testament of Youth,Vera Brittain,4.11,6,392
5581,"Rich Man, Poor Man",Irwin Shaw,4.18,5,392
5582,"Speaking from Among the Bones (Flavia de Luce, #5)",Alan Bradley,4.16,5,392
5583,Invitation to a Beheading,Vladimir Nabokov,3.92,5,392
5584,Decisive: How to Make Better Choices in Life and Work,Chip Heath,3.96,5,392
5585,The Millionaire Fastlane: Crack the Code to Wealth and Live Rich for a Lifetime!,M.J. DeMarco,4.31,5,392
5586,Thinking in Bets: Making Smarter Decisions When You Don't Have All the Facts,Annie Duke,3.83,4,392
5587,"Blood of Elves (The Witcher, #1)",Andrzej Sapkowski,4.10,6,391
5588,"It Began With Ashes (Wroge Elements, #1)",D.E.M. Emrys,3.77,4,391
5589,The Paying Guests,Sarah Waters,3.45,4,391
5590,Chasing the Scream: The First and Last Days of the War on Drugs,Johann Hari,4.50,4,391
5591,"One Day You Will (An Attorney J.B. Graybourne Novel, #2)",Kristofer Clarke,4.48,4,391
5592,"Without Fail (Jack Reacher, #6)",Lee Child,4.16,4,391
5593,"Burning in Water, Drowning in Flame",Charles Bukowski,4.05,5,391
5594,"Life Strategies: Doing What Works, Doing What Matters",Phillip C. McGraw,3.63,4,391
5595,"Point of Origin (Kay Scarpetta, #9)",Patricia Cornwell,4.05,4,391
5596,Magical Elements of the Periodic Table Presented Alphabetically by the Metal Horn Unicorns,Sybrina Durant,4.48,4,391
5597,Give Me Tomorrow: The Korean War's Greatest Untold Story,Patrick K. O'Donnell,3.95,4,391
5598,The Book,M. Clifford,3.65,4,390
5599,"The Secret Queen (The Empyrical Tales, #3)",Mark  Miller,4.43,4,390
5600,Saving CeeCee Honeycutt,Beth Hoffman,3.96,5,390
5601,The New American Bible,Anonymous,4.54,5,390
5602,Who Will Cry When You Die?,Robin Sharma,4.00,4,390
5603,Gray Hawk of Terrapin,Moss Whelan,4.33,4,390
5604,The Great Action: Comic Book for Yuppies,Alex Letner,4.83,4,390
5605,EVO,Diane  May,4.03,4,390
5606,Mindfulness: An Eight-Week Plan for Finding Peace in a Frantic World,J. Mark G. Williams,4.00,5,390
5607,"The Gruffalo (Gruffalo, #1)",Julia Donaldson,4.46,5,390
5608,"Two for the Dough (Stephanie Plum, #2)",Janet Evanovich,4.11,6,390
5609,"Hammered (Legacy of Magic, #1)",Lindsay Buroker,4.26,4,390
5610,Utopia for Realists: How We Can Build the Ideal World,Rutger Bregman,4.22,5,390
5611,"The Girl of Fire and Thorns (Fire and Thorns, #1)",Rae Carson,3.78,4,389
5612,The Song of the Dodo: Island Biogeography in an Age of Extinction,David Quammen,4.29,4,389
5613,PARADOX: Super Indy,Alex Letner,4.82,4,389
5614,"The Techno Witch (Super Indy, #1)",Alex Letner,4.75,4,389
5615,"Dexter in the Dark (Dexter, #3)",Jeff Lindsay,3.57,6,389
5616,Designing Your Life: Build a Life that Works for You,Bill Burnett,3.91,5,389
5617,Happiness Power: How to Unleash Your Power and Live a More Joyful Life,Robert Gill Jr.,4.31,4,389
5618,"All Together Dead (Sookie Stackhouse, #7)",Charlaine Harris,4.05,6,389
5619,ماهی سیاه کوچولو,Samad Behrangi,4.17,4,388
5620,Cranford,Elizabeth Gaskell,3.84,5,388
5621,Malgudi Days,R.K. Narayan,4.21,5,388
5622,Eat That Frog!: 21 Great Ways to Stop Procrastinating and Get More Done in Less Time,Brian Tracy,3.87,5,388
5623,"HIDDEN MICKEY 4: Wolf! Happily Ever After? (Hidden Mickey, #4)",Nancy Temple Rodrigue,4.24,4,388
5624,"Before Life Happened (Before, #1)",Isabel Curtis,3.76,4,388
5625,The Missionary,Rowena Kinread,4.28,4,388
5626,"The Dalai Lama's Cat (The Dalai Lama's Cat, #1)",David Michie,4.17,5,387
5627,"Tainted Bodies (Photographer Trilogy, #1)",Sarah  Robinson,3.81,4,387
5628,"War Horse (War Horse, #1)",Michael Morpurgo,4.15,6,387
5629,The Nix,Nathan  Hill,4.08,5,387
5630,In Search of Captain Zero: A Surfer's Road Trip Beyond the End of the Road,Allan C. Weisbecker,4.12,5,387
5631,"Nemesis (Harry Hole, #4)",Jo Nesbø,3.98,5,387
5632,"Full Catastrophe Living: Using the Wisdom of Your Body and Mind to Face Stress, Pain, and Illness",Jon Kabat-Zinn,4.15,5,387
5633,"Dinosaurs Before Dark (Magic Tree House, #1)",Mary Pope Osborne,3.98,5,387
5634,Pledged: The Prequel Collection,Eleanor  Rose,4.79,4,387
5635,"A Spell for Chameleon (Xanth, #1)",Piers Anthony,3.92,6,386
5636,George's Marvellous Medicine,Roald Dahl,4.02,5,386
5637,"Monsters of Men (Chaos Walking, #3)",Patrick Ness,4.22,5,386
5638,Seeing Karma (Valentine/Petrilo #5),Reyna Hawk,4.60,4,386
5639,The Great Action (Super Indy Book 4),Alex Letner,4.83,4,386
5640,"The Crow Trap (Vera Stanhope, #1)",Ann Cleeves,3.85,5,386
5641,Elevation,Stephen        King,3.64,4,386
5642,"Wintersong (Wintersong, #1)",S. Jae-Jones,3.54,5,386
5643,"Fourth Wing (The Empyrean, #1)",Rebecca Yarros,4.58,4,386
5644,London,Edward Rutherfurd,4.09,5,386
5645,"Metro 2033 (Metro, #1)",Dmitry Glukhovsky,4.03,7,385
5646,The Poetic Edda: Stories of the Norse Gods and Heroes,Anonymous,4.26,5,385
5647,Fatal Vision,Joe McGinniss,4.12,5,385
5648,Reginald Bones 1 (Reginald Bones #1),Lucian Bane,4.34,4,385
5649,"The Path to Power (The Years of Lyndon Johnson, #1)",Robert A. Caro,4.41,4,385
5650,Velocity,Dean Koontz,3.87,5,385
5651,Edward II,Christopher Marlowe,3.66,5,385
5652,"The Clocks (Hercule Poirot, #39)",Agatha Christie,3.73,5,385
5653,Tweet Cute,Emma Lord,3.88,5,385
5654,Barabbas,Pär Lagerkvist,3.86,4,384
5655,Silk,Alessandro Baricco,3.85,4,384
5656,"The Murders in the Rue Morgue (C. Auguste Dupin, #1)",Edgar Allan Poe,3.81,5,384
5657,"Consider Phlebas (Culture, #1)",Iain M. Banks,3.85,5,384
5658,"HIDDEN MICKEY ADVENTURES 1: Peter and the Wolf (Hidden Mickey Adventures, #1)",Nancy Temple Rodrigue,4.22,4,384
5659,This Perfect Day,Ira Levin,3.99,5,384
5660,"The Fairway (Super Indy, #2)",Alex Letner,4.77,4,384
5661,Liberators: Super Indy,Alex Letner,4.70,4,384
5662,Death After Life: Week One Day One,Char Cam,4.79,4,384
5663,"The Expats (Kate Moore, #1)",Chris  Pavone,3.51,5,384
5664,"The Third Option (Mitch Rapp, #4)",Vince Flynn,4.27,5,384
5665,The Little Book of Talent: 52 Tips for Improving Your Skills,Daniel Coyle,4.02,5,384
5666,"Faithless (Grant County, #5)",Karin Slaughter,4.11,5,384
5667,Passionate Declarations: Essays on War and Justice,Howard Zinn,4.36,6,383
5668,The Appeal,John Grisham,3.64,7,383
5669,Maniac Magee,Jerry Spinelli,3.90,7,383
5670,"Comet in Moominland (The Moomins, #2)",Tove Jansson,4.24,5,383
5671,"Knife of Dreams (The Wheel of Time, #11)",Robert Jordan,4.20,6,383
5672,The Racketeer,John Grisham,3.89,5,383
5673,Temper,Layne Fargo,3.50,4,383
5674,Whiteout,Ken Follett,3.67,4,383
5675,A Heart So White,Javier Marías,4.02,4,382
5676,"1Q84 Book 1 (1Q84, #1)",Haruki Murakami,3.95,4,382
5677,Too Loud a Solitude,Bohumil Hrabal,3.98,5,382
5678,"Dragons of Winter Night (Dragonlance: Chronicles, #2)",Margaret Weis,4.14,4,382
5679,"Point of Impact (Bob Lee Swagger, #1)",Stephen Hunter,4.29,5,382
5680,The Son,Jo Nesbø,4.08,5,382
5681,Ezekiel's Eyes,John   Pease,4.38,4,382
5682,"Smokin' Seventeen (Stephanie Plum, #17)",Janet Evanovich,3.99,5,382
5683,Long Way Down,Jason Reynolds,4.25,5,382
5684,Sonnets from the Portuguese,Elizabeth Barrett Browning,4.11,6,381
5685,The Krishna Key,Ashwin Sanghi,3.60,4,381
5686,"The White Queen (The Plantagenet and Tudor Novels, #2)",Philippa Gregory,3.96,4,381
5687,Private Peaceful,Michael Morpurgo,4.15,5,381
5688,Ryan's Crossing (Crossing #2),Carrie Daws,4.32,4,381
5689,Dreamland: The True Tale of America's Opiate Epidemic,Sam Quinones,4.23,5,381
5690,"The Matarese Circle (Matarese, #1)",Robert Ludlum,4.07,5,381
5691,"The Hate U Give (The Hate U Give, #1)",Angie Thomas,4.46,6,381
5692,Before We Were Strangers,Renee Carlino,4.06,5,381
5693,The Procrastination Equation: How to Stop Putting Things Off and Start Getting Stuff Done,Piers Steel,3.72,4,381
5694,The Power Of Less: The Fine Art of Limiting Yourself to the Essential,Leo Babauta,3.71,4,381
5695,Tippy the Knight,Julie Mannino,4.28,4,381
5696,"Fatal Identity (Remmich/Miller, #3)",Karl Braungart,4.36,4,381
5697,"The Serpent's Tale (Mistress of the Art of Death, #2)",Ariana Franklin,3.96,4,381
5698,"City of the Lost (Rockton, #1)",Kelley Armstrong,4.05,5,381
5699,The Denial of Death,Ernest Becker,4.06,4,380
5700,In the Grip of Grace: You Can't Fall Beyond His Love,Max Lucado,4.28,4,380
5701,"Dreamfever (Fever, #4)",Karen Marie Moning,4.38,5,380
5702,Titus Andronicus,William Shakespeare,3.68,4,380
5703,Journey of Souls: Case Studies of Life Between Lives,Michael   Newton,4.31,5,380
5704,"HIDDEN MICKEY ADVENTURES 2: Peter and the Missing Mansion (Hidden Mickey Adventures, #2)",Nancy Temple Rodrigue,4.38,4,380
5705,The Narrow Road to the Deep North,Richard Flanagan,4.03,5,380
5706,Across the Ocean,Hawa L. Crickmore,4.12,4,380
5707,Ocean Sea,Alessandro Baricco,4.09,4,380
5708,Soft,Rupert Thomson,3.53,4,380
5709,From Brexit to Brazil,John Richard Spencer,4.20,4,380
5710,"Origin in Death (In Death, #21)",J.D. Robb,4.38,5,380
5711,"The Long Call (Two Rivers, #1)",Ann Cleeves,3.95,5,380
5712,They Called Us Enemy,George Takei,4.41,4,380
5713,A History of the World in 100 Objects,Neil MacGregor,4.19,4,380
5714,The Elf Queen of Shannara,Terry Brooks,4.06,5,379
5715,Anathem,Neal Stephenson,4.17,6,379
5716,"Fear and Loathing in America: The Brutal Odyssey of an Outlaw Journalist - The Gonzo Letters, Volume II, 1968-1976",Hunter S. Thompson,4.09,5,379
5717,Assata: An Autobiography,Assata Shakur,4.59,4,379
5718,Angels and Arrows,Reyna Hawk,4.49,4,379
5719,"Slapstick, or Lonesome No More!",Kurt Vonnegut Jr.,3.86,5,379
5720,"Moving Pictures (Discworld, #10; Industrial Revolution, #1)",Terry Pratchett,3.97,5,379
5721,"Dom Wars: Round 4, 5, 6 (Dom Wars, #4-6)",Lucian Bane,4.28,4,379
5722,Lorna Doone,R.D. Blackmore,3.73,5,379
5723,"P.S. I Still Love You (To All the Boys I've Loved Before, #2)",Jenny Han,4.01,5,379
5724,The Myth of Sisyphus,Albert Camus,4.18,4,379
5725,Successful Freelancing And Outsourcing: A Guide To Make Money Online And Increase Business Profit,Maria Johnsen,4.75,4,379
5726,A Case of Need,Jeffery Hudson,3.75,4,379
5727,"Packfire (Simon Pack, #9)",John M. Vermillion,4.33,4,379
5728,"The Cold Moon (Lincoln Rhyme, #7)",Jeffery Deaver,4.08,5,379
5729,The Guardians,John Grisham,4.14,4,379
5730,"A Darkness Absolute (Rockton, #2)",Kelley Armstrong,4.16,4,379
5731,"The Oldest Dance (Wisdom Revolution, #2)",Misba,4.71,4,379
5732,The Raw Shark Texts,Steven  Hall,3.83,5,378
5733,"London Bridges (Alex Cross, #10)",James  Patterson,3.97,6,378
5734,Secret Deceptions (Amatore's Restaurant #1),James Sillwood,4.29,4,378
5735,Sensual Desires (Amatore's Restaurant #2),James Sillwood,4.62,4,378
5736,Clandestine Liaisons (Amatore's Restaurant #3),James Sillwood,4.62,4,378
5737,The Quirky Tale of April Hale,Cathy Octo,4.09,4,378
5738,"Star Wars: Heir to the Empire (The Thrawn Trilogy, #1)",Timothy Zahn,4.17,4,378
5739,The Transhumanism Handbook,Newton Lee,4.23,4,378
5740,"A Darkness More Than Night (Harry Bosch, #7; Harry Bosch Universe, #10)",Michael    Connelly,4.16,5,378
5741,The Darkest Evening of the Year,Dean Koontz,3.77,5,378
5742,Dark Roads,Chevy Stevens,3.96,5,378
5743,"Time Quartet (Time Quartet, #1-4)",Madeleine L'Engle,4.35,5,377
5744,Darkness Visible: A Memoir of Madness,William Styron,3.99,5,377
5745,Empire Falls,Richard Russo,3.94,4,377
5746,"The Edge of Never (The Edge of Never, #1)",J.A. Redmerski,4.22,4,377
5747,"To Your Scattered Bodies Go (Riverworld, #1)",Philip José Farmer,3.93,6,377
5748,Los renglones torcidos de Dios,Torcuato Luca de Tena,4.21,4,377
5749,Between the World and Me,Ta-Nehisi Coates,4.40,4,377
5750,In the Shadow of the Banyan,Vaddey Ratner,4.07,4,377
5751,THE YOGA WITH NO PANTS: Super Indy-The Last Half,Alex Letner,4.75,4,377
5752,"The Cruelest Month (Chief Inspector Armand Gamache, #3)",Louise Penny,4.16,5,377
5753,The Art of Learning: A Journey in the Pursuit of Excellence,Josh Waitzkin,4.04,5,377
5754,The Romanov Prophecy,Steve Berry,3.94,5,376
5755,"Dreams of Joy (Shanghai Girls, #2)",Lisa See,4.10,5,376
5756,War's Unwomanly Face,Svetlana Alexievich,4.51,4,376
5757,"Magician: Master (The Riftwar Saga, #2)",Raymond E. Feist,4.25,5,376
5758,"Conscious Creativity Mindfulness Meditations (AoL Mindfulness, #7)",Nataša Pantović,4.30,4,376
5759,"Gemina (The Illuminae Files, #2)",Amie Kaufman,4.43,4,376
5760,The Birthday Girl,Melissa de la Cruz,3.16,4,376
5761,Promises,Julie Mannino,4.37,4,376
5762,"Divided in Death (In Death, #18)",J.D. Robb,4.36,5,376
5763,"At Bertram's Hotel (Miss Marple, #10)",Agatha Christie,3.71,5,376
5764,"The Oldest Dance (Wisdom Revolution, #2)",Misba,4.71,4,376
5765,The Last One,Alexandra Oliva,3.62,5,376
5766,"Blood Red Road (Dust Lands, #1)",Moira Young,3.91,4,376
5767,Xyz,Frank  Lambert,4.39,4,376
5768,The Reason for God: Belief in an Age of Skepticism,Timothy J. Keller,4.23,5,375
5769,The Last Question,Isaac Asimov,4.54,4,375
5770,The Pilgrimage,Paulo Coelho,3.65,4,375
5771,Nervous Conditions,Tsitsi Dangarembga,4.04,5,375
5772,The Immortalists,Chloe  Benjamin,3.71,5,375
5773,The Universe Has Your Back: Transform Fear to Faith,Gabrielle Bernstein,3.99,5,375
5774,"Red Sparrow (Red Sparrow Trilogy, #1)",Jason  Matthews,3.95,4,375
5775,Amadeus,Peter Shaffer,4.15,5,375
5776,"Thrive: The Third Metric to Redefining Success and Creating a Life of Well-Being, Wisdom, and Wonder",Arianna Huffington,3.69,4,375
5777,"Creation in Death (In Death, #25)",J.D. Robb,4.40,4,375
5778,"A Treacherous Curse (Veronica Speedwell, #3)",Deanna Raybourn,4.15,6,375
5779,The Last,Hanna Jameson,3.53,4,375
5780,"The Secret Place (Dublin Murder Squad, #5)",Tana French,3.85,5,375
5781,The Return of the Native,Thomas Hardy,3.88,7,374
5782,On Photography,Susan Sontag,3.89,5,374
5783,"The Warrior's Way (Pre-Aztec series, #3)",Zoe Saadia,4.49,4,374
5784,The Sounding,Carrie Salo,4.10,4,374
5785,"The Alloy of Law (Mistborn, #4)",Brandon Sanderson,4.20,4,374
5786,First Half: Super Indy,Alex Letner,4.75,4,374
5787,FIRST HALF: Super Indy,Alex Letner,4.75,4,374
5788,Spiritual Symbols (AoL Mindfulness #8),Nataša Pantović,4.00,4,374
5789,Seveneves,Neal Stephenson,4.00,4,374
5790,"The Return of the King (The Lord of the Rings, #3)",J.R.R. Tolkien,4.57,6,374
5791,"War Storm (Red Queen, #4)",Victoria Aveyard,3.81,5,374
5792,Fraternal Figures: Gay for Gamma,Chase St. Clare,4.00,4,374
5793,No Great Mischief,Alistair MacLeod,4.02,4,373
5794,"The Young Jaguar (Pre-Aztec Series, #1)",Zoe Saadia,3.91,4,373
5795,The Most Dangerous Game,Richard Connell,3.95,5,373
5796,Ghosts,Henrik Ibsen,3.81,4,373
5797,"The Great Action (Super Indy, #4)",Alex Letner,4.83,4,373
5798,"Skyward (Skyward, #1)",Brandon Sanderson,4.47,4,373
5799,"The Compound Effect: Jumpstart Your Income, Your Life, Your Success",Darren Hardy,4.21,4,373
5800,Calypso,David Sedaris,4.11,4,373
5801,1984,George Orwell,4.20,4,373
5802,"Wolf-Speaker (Immortals, #2)",Tamora Pierce,4.21,4,373
5803,Eliza and Her Monsters,Francesca Zappia,4.14,5,373
5804,The Cyberiad,Stanisław Lem,4.14,4,372
5805,Cunt: A Declaration of Independence,Inga Muscio,3.89,4,372
5806,Captains and the Kings: The Story of an American Dynasty,Taylor Caldwell,4.14,5,372
5807,La dame aux camélias,Alexandre Dumas fils,4.04,7,372
5808,Arminius and Thusnelda Versus Rome,Michael G. Kramer,4.34,4,372
5809,"Dexter by Design (Dexter, #4)",Jeff Lindsay,3.76,4,372
5810,Chemistry Crushing: Gay for Gamma,Chase St. Clare,4.63,4,372
5811,"Charmed Life (Chrestomanci, #1)",Diana Wynne Jones,3.97,4,371
5812,"Practicing the Power of Now: Essential Teachings, Meditations, and Exercises from the Power of Now",Eckhart Tolle,4.25,5,371
5813,"Crossing Worlds (The Rise of the Aztecs, #2)",Zoe Saadia,4.45,4,371
5814,Address Unknown,Kathrine Kressmann Taylor,4.25,4,371
5815,The Impossible Knife of Memory,Laurie Halse Anderson,3.91,5,371
5816,Jasper Jones,Craig Silvey,4.09,4,371
5817,A Victim of the Times,Adam Steven Page,3.97,4,371
5818,The Mothers,Brit Bennett,3.89,4,371
5819,"Betrayal High (Zachary Blake Legal Thriller, #5)",Mark M. Bello,4.29,4,371
5820,TED Talks: The Official TED Guide to Public Speaking,Chris J. Anderson,4.05,4,371
5821,Der Insasse,Sebastian Fitzek,4.22,4,371
5822,"The High Auction (Wisdom Revolution, #1)",Misba,4.70,4,371
5823,The Summer Before the War,Helen Simonson,3.79,6,371
5824,The Walking Drum,Louis L'Amour,4.24,5,370
5825,"Eragon, Eldest & Brisingr (Inheritance, #1-3)",Christopher Paolini,4.26,5,370
5826,"Taran Wanderer (The Chronicles of Prydain, #4)",Lloyd Alexander,4.14,5,370
5827,Sam Walton: Made In America,Sam Walton,4.15,4,370
5828,The Ox-Bow Incident,Walter Van Tilburg Clark,3.87,4,370
5829,Long Walk: The True Story of a Trek to Freedom,Slavomir Rawicz,4.24,5,370
5830,Curious George,H.A. Rey,4.17,6,370
5831,"Magic Bites (Kate Daniels, #1)",Ilona Andrews,4.06,4,370
5832,"Hold Me Closer, Necromancer (Necromancer, #1)",Lish McBride,3.90,4,370
5833,"Evernight (Evernight, #1)",Claudia Gray,3.65,5,370
5834,The Road to Character,David  Brooks,3.65,6,370
5835,Blaze,Richard  Bachman,3.77,4,370
5836,If I Was Your Girl,Meredith Russo,3.98,4,370
5837,"A Kingdom of Dreams (Westmoreland, #1)",Judith McNaught,4.20,5,369
5838,The Wild Duck,Henrik Ibsen,3.80,5,369
5839,"Cat Among the Pigeons (Hercule Poirot, #36)",Agatha Christie,3.86,5,369
5840,"Inescapable (The Premonition, #1)",Amy A. Bartol,4.03,5,369
5841,"Louboutins, Lattes & Live TV",Miriam Sawan,4.08,4,369
5842,زندگی در پیش رو,Romain Gary,4.22,5,369
5843,The Nanny Song,Misty Mount,4.24,4,369
5844,"Us Against You (Beartown, #2)",Fredrik Backman,4.37,4,369
5845,An Anthropologist on Mars: Seven Paradoxical Tales,Oliver Sacks,4.15,4,369
5846,"The Coincidence of Callie & Kayden (The Coincidence, #1)",Jessica Sorensen,4.16,4,369
5847,Horse,Geraldine Brooks,4.26,5,369
5848,The Night Manager,John Le Carré,3.84,4,369
5849,The Heart of the Matter,Graham Greene,3.97,7,368
5850,"Dreamer (Chronicles of Marithe, #1)",Patrick O'Scheen,4.44,4,368
5851,"On Dublin Street (On Dublin Street, #1)",Samantha Young,4.15,5,368
5852,Faking Delinquency,Ashley Winters,4.34,4,368
5853,Good Night Stories for Rebel Girls: 100 Tales of Extraordinary Women,Elena Favilli,4.32,4,368
5854,"A Thousand Boy Kisses (A Thousand Boy Kisses, #1)",Tillie Cole,4.05,4,368
5855,"A Decent Ride (Terry Lawson, #3)",Irvine Welsh,3.90,4,368
5856,Station Eleven,Emily St. John Mandel,4.07,4,368
5857,"Hunting Prince Dracula (Stalking Jack the Ripper, #2)",Kerri Maniscalco,4.20,5,368
5858,The Angel and the Apothecary,Kate  Rose,4.27,4,368
5859,The Body: A Guide for Occupants,Bill Bryson,4.32,4,368
5860,"Punished by Rewards: The Trouble with Gold Stars, Incentive Plans, A's, Praise and Other Bribes",Alfie Kohn,4.17,5,367
5861,Motherless Brooklyn,Jonathan Lethem,3.86,4,367
5862,"Shadowfever (Fever, #5)",Karen Marie Moning,4.39,5,367
5863,"The Charlemagne Pursuit (Cotton Malone, #4)",Steve Berry,3.93,5,367
5864,"Currents of War (The Rise of the Aztecs, #4)",Zoe Saadia,4.54,4,367
5865,Lord of Light,Roger Zelazny,4.06,6,367
5866,The 7-Day Flat-Belly Tea Cleanse: by Kelly Choi (The Revolutionary New Plan to Melt Up to 10 Pounds of Fat in Just One Week!) | A 10-Minute Summary,Bern Bolo,3.42,4,367
5867,The Anti-Christ,Friedrich Nietzsche,3.89,6,367
5868,"Dereliction of Duty: Lyndon Johnson, Robert McNamara, the Joint Chiefs of Staff, and the Lies That Led to Vietnam",H.R. McMaster,3.99,4,367
5869,"Foundation and Earth (Foundation, #5)",Isaac Asimov,4.07,5,367
5870,The Overcoat,Nikolai Gogol,4.15,6,366
5871,The Creature from Jekyll Island: A Second Look at the Federal Reserve,G. Edward Griffin,4.29,5,366
5872,"The Healer's Apprentice (Hagenheim, #1)",Melanie Dickerson,3.84,4,366
5873,"The Cay (The Cay, #1)",Theodore Taylor,3.79,5,366
5874,"The Dragonbone Chair (Memory, Sorrow, and Thorn, #1)",Tad Williams,3.97,5,366
5875,Laskar Pelangi,Andrea Hirata,4.25,4,366
5876,The Moon and Sixpence,W. Somerset Maugham,4.13,4,366
5877,Asylum: A Hidden Tale - Sinister Tales,Anna Gallegos,4.03,4,366
5878,"Ship Breaker (Ship Breaker, #1)",Paolo Bacigalupi,3.75,4,366
5879,"Fairest (The Lunar Chronicles, #3.5)",Marissa Meyer,3.95,4,366
5880,Born to Run,Bruce Springsteen,4.19,4,366
5881,Care of the Soul: A Guide for Cultivating Depth and Sacredness in Everyday Life,Thomas  Moore,3.98,4,366
5882,"Paranormalcy (Paranormalcy, #1)",Kiersten White,3.88,4,366
5883,The Color of Law: A Forgotten History of How Our Government Segregated America,Richard Rothstein,4.44,4,366
5884,"The Narrows (Harry Bosch, #10; Harry Bosch Universe, #14)",Michael    Connelly,4.19,5,366
5885,"W is for Wasted (Kinsey Millhone, #23)",Sue Grafton,3.96,5,366
5886,"I'm Traveling Alone (Holger Munch & Mia Krüger, #1)",Samuel Bjørk,4.07,4,366
5887,"Dread Nation (Dread Nation, #1)",Justina Ireland,4.14,5,366
5888,Why Evolution Is True,Jerry A. Coyne,4.19,4,365
5889,My Name is Joe,Stefan Bourque,3.67,4,365
5890,"The Fairy-Tale Detectives (The Sisters Grimm, #1)",Michael Buckley,4.05,5,365
5891,Crazy Love: Overwhelmed by a Relentless God,Francis Chan,4.17,4,365
5892,Churchill: A Life,Martin  Gilbert,4.11,4,365
5893,In the Country of Last Things,Paul Auster,3.91,4,365
5894,"A Light in the Window (Mitford Years, #2)",Jan Karon,4.26,5,365
5895,This Is How It Always Is,Laurie Frankel,4.28,4,365
5896,Lies,T.M. Logan,3.92,4,365
5897,Cash,Johnny Cash,4.02,4,365
5898,I Must Betray You,Ruta Sepetys,4.40,5,365
5899,"A Duty to the Dead (Bess Crawford, #1)",Charles Todd,3.92,4,365
5900,حوار مع صديقي الملحد,مصطفى محمود,3.88,4,364
5901,Island Beneath the Sea,Isabel Allende,4.11,5,364
5902,"The Gray Wolf Throne (Seven Realms, #3)",Cinda Williams Chima,4.37,4,364
5903,A Pocket for Corduroy,Don Freeman,4.31,6,364
5904,"The Power of the Dog (Power of the Dog, #1)",Don Winslow,4.37,4,364
5905,Home: A Hidden Tale - Sinister Tales,Anna Gallegos,4.45,4,364
5906,Willpower: Rediscovering the Greatest Human Strength,Roy F. Baumeister,3.95,5,364
5907,The Litigators,John Grisham,3.89,4,364
5908,"The Oldest Dance (Wisdom Revolution, #2)",Misba,4.71,4,364
5909,"End Game (Will Robie, #5)",David Baldacci,4.21,4,364
5910,"The Spy Who Loved Me (James Bond, #10)",Ian Fleming,3.40,4,364
5911,"The 6th Extinction (Sigma Force, #10)",James Rollins,4.09,5,364
5912,The War of the End of the World,Mario Vargas Llosa,4.24,5,363
5913,"The Emperor's Second Wife (The Rise of the Aztecs, #3)",Zoe Saadia,4.44,4,363
5914,The Ball and the Cross,G.K. Chesterton,4.06,6,363
5915,"Fortune's Pawn (Paradox, #1)",Rachel Bach,3.94,4,363
5916,La casa de Bernarda Alba,Federico García Lorca,3.87,4,363
5917,"The Girl in 6E (Deanna Madden, #1)",A.R. Torre,3.76,4,363
5918,Lies a River Deep,Vera Jane Cook,4.20,4,363
5919,"The Boy from the Woods (Wilde, #1)",Harlan Coben,3.95,4,363
5920,How to Make People Like You in 90 Seconds or Less,Nicholas Boothman,3.67,4,363
5921,Six Thinking Hats,Edward de Bono,3.71,4,363
5922,"The Oldest Dance (Wisdom Revolution, #2)",Misba,4.71,4,363
5923,The Good Sister,Sally Hepworth,4.15,4,363
5924,"Here Be Dragons (Welsh Princes, #1)",Sharon Kay Penman,4.29,5,362
5925,The Improbable Wonders of Moojie Littleman,Robin  Gregory,4.22,4,362
5926,"The Girl in the Tower (The Winternight Trilogy, #2)",Katherine Arden,4.35,5,362
5927,All Dreamers Go to America,Ana Ingham,4.23,4,362
5928,Shortcuts Get You Lost: A Leadership Fable on the Dangers of the Blind Leading the Blind,Mark Villareal,4.39,4,362
5929,Show Your Work!: 10 Ways to Share Your Creativity and Get Discovered,Austin Kleon,4.11,5,362
5930,Women Who Love Too Much: When You Keep Wishing and Hoping He'll Change,Robin Norwood,4.04,4,362
5931,"The High Auction (Wisdom Revolution, #1)",Misba,4.70,4,362
5932,"Desperation in Death (In Death, #55)",J.D. Robb,4.57,4,362
5933,Every Last Fear,Alex Finlay,3.93,4,362
5934,"Whiskey in a Teacup: What Growing Up in the South Taught Me About Life, Love, and Baking Biscuits",Reese Witherspoon,3.61,5,362
5935,I Am Watching You,Teresa Driscoll,3.96,4,362
5936,"The Promise (Reuven Malther, #2)",Chaim Potok,4.19,6,361
5937,"Blood Bound (Mercy Thompson, #2)",Patricia Briggs,4.30,5,361
5938,Bulfinch's Mythology,Thomas Bulfinch,4.14,7,361
5939,"Harry Potter and the Order of the Phoenix (Harry Potter, #5, Part 1)",J.K. Rowling,4.61,4,361
5940,"Pride and Prejudice and Zombies (Pride and Prejudice and Zombies, #1)",Seth Grahame-Smith,3.32,5,361
5941,"Saga, Volume 1",Brian K. Vaughan,4.16,5,361
5942,"The Evolution of Mara Dyer (Mara Dyer, #2)",Michelle Hodkin,4.24,4,361
5943,The Child Thief,Brom,4.08,5,361
5944,Your Erroneous Zones,Wayne W. Dyer,4.02,5,361
5945,"A Cold Day for Murder (Kate Shugak, #1)",Dana Stabenow,3.76,5,361
5946,"Arsenic and Adobo (Tita Rosie's Kitchen Mystery, #1)",Mia P. Manansala,3.54,5,361
5947,"Unnatural Death (Lord Peter Wimsey, #3)",Dorothy L. Sayers,4.07,5,361
5948,"Things Not Seen (Things, #1)",Andrew Clements,3.89,4,360
5949,A Man Named Dave (Dave Pelzer #3),Dave Pelzer,3.93,4,360
5950,"Edenbrooke (Edenbrooke, #1)",Julianne Donaldson,4.33,4,360
5951,"Close to Home (DI Adam Fawley, #1)",Cara Hunter,4.00,4,360
5952,Mourning Grey: Part One: The Guardians Of The Temple Saga,Marie Montine,4.39,4,360
5953,Heart Berries,Terese Marie Mailhot,3.83,4,360
5954,"The High Auction (Wisdom Revolution, #1)",Misba,4.70,4,360
5955,A Grief Observed,C.S. Lewis,4.22,4,360
5956,The Sands of Time,Sidney Sheldon,3.78,5,359
5957,"Red Mars (Mars Trilogy, #1)",Kim Stanley Robinson,3.86,6,359
5958,The Earth Girl and Queen Eliza,C.C. Alma,3.76,4,359
5959,The Nazi Officer's Wife: How One Jewish Woman Survived the Holocaust,Edith Hahn Beer,4.16,5,359
5960,My Grandmother Asked Me to Tell You She's Sorry,Fredrik Backman,4.07,5,359
5961,"The Leopard (Harry Hole, #8)",Jo Nesbø,4.10,5,359
5962,"King Henry VI, Part 2",William Shakespeare,3.61,4,359
5963,"First Test (Protector of the Small, #1)",Tamora Pierce,4.25,4,359
5964,Coolidge,Amity Shlaes,3.76,4,359
5965,"Elephants Can Remember (Hercule Poirot, #42)",Agatha Christie,3.65,5,359
5966,"Loyalty in Death (In Death, #9)",J.D. Robb,4.33,5,359
5967,"Find Her (Detective D.D. Warren, #9)",Lisa Gardner,4.16,4,359
5968,There are No Children Here: The Story of Two Boys Growing Up in the Other America,Alex Kotlowitz,4.30,4,358
5969,The Keeper of the Bees,Gene Stratton-Porter,4.29,4,358
5970,"A Girl of the Limberlost (Limberlost, #2)",Gene Stratton-Porter,4.17,5,358
5971,Farm Sanctuary: Changing Hearts and Minds About Animals and Food,Gene Baur,4.31,4,358
5972,"Call for the Dead (George Smiley, #1)",John Le Carré,3.85,5,358
5973,Fed Up! A Relatable Memoir,C.P. Henderson,4.10,4,358
5974,My Grandmother's Hands: Racialized Trauma and the Mending of Our Bodies and Hearts,Resmaa Menakem,4.39,4,358
5975,Business adventures,John Brooks,3.81,4,358
5976,"The Naturalist (The Naturalist, #1)",Andrew Mayne,4.08,4,358
5977,"Seven Deadly Wonders (Jack West Jr, #1)",Matthew Reilly,4.09,4,358
5978,"Book of the Dead (Kay Scarpetta, #15)",Patricia Cornwell,3.71,4,358
5979,Neverworld Wake,Marisha Pessl,3.74,4,358
5980,"Plum Lovin' (Stephanie Plum, #12.5)",Janet Evanovich,3.76,4,358
5981,"Better Than the Movies (Better Than the Movies, #1)",Lynn Painter,4.27,5,358
5982,Tiny Beautiful Things: Advice from Dear Sugar,Cheryl Strayed,4.16,5,358
5983,"The Life We Bury (Joe Talbert, #1; Detective Max Rupert, #1)",Allen Eskens,4.08,4,358
5984,"The Crucifix Killer (Robert Hunter, #1)",Chris         Carter,4.28,4,358
5985,The Calvin and Hobbes Tenth Anniversary Book,Bill Watterson,4.62,6,357
5986,The Magic of Reality: How We Know What's Really True,Richard Dawkins,4.05,4,357
5987,How to Kill an Incubus (Incubus #1),Kimber  Lee,4.32,4,357
5988,"Nine Elms (Kate Marshall, #1)",Robert Bryndza,4.12,4,357
5989,"House of Earth and Blood (Crescent City, #1)",Sarah J. Maas,4.46,5,357
5990,"F is for Fugitive (Kinsey Millhone, #6)",Sue Grafton,3.95,5,357
5991,"The Five Red Herrings (Lord Peter Wimsey, #7)",Dorothy L. Sayers,3.78,5,357
5992,Lanark,Alasdair Gray,4.10,4,356
5993,Black Swan Green,David Mitchell,3.98,4,356
5994,Faerie Tale,Raymond E. Feist,3.88,4,356
5995,"The 101 Dalmatians (The Hundred and One Dalmatians, #1)",Dodie Smith,4.12,5,356
5996,"Excession (Culture, #5)",Iain M. Banks,4.20,5,356
5997,"Ancillary Justice (Imperial Radch, #1)",Ann Leckie,3.99,4,356
5998,Caste: The Origins of Our Discontents,Isabel Wilkerson,4.53,4,356
5999,"Deliver Us from Evil (A. Shaw, #2)",David Baldacci,4.07,5,356
6000,"Grave Secrets (Temperance Brennan, #5)",Kathy Reichs,3.98,4,356
6001,Gilded Prince (Midas #3),Julie Mannino,4.21,4,356
6002,"Galileo's Daughter: A Historical Memoir of Science, Faith and Love",Dava Sobel,3.75,6,355
6003,I Too Had a Love Story,Ravinder Singh,3.63,4,355
6004,Wise Blood,Flannery O'Connor,3.82,5,355
6005,Last Child in the Woods: Saving Our Children from Nature-Deficit Disorder,Richard Louv,3.93,5,355
6006,Archer's Voice,Mia Sheridan,4.18,6,355
6007,"Art of 4 Elements (AoL Mindfulness, #2)",Nataša Pantović,4.60,4,355
6008,Empire of the Sun,J.G. Ballard,3.98,5,355
6009,"The Violinist's Thumb: And Other Lost Tales of Love, War, and Genius, as Written by Our Genetic Code",Sam Kean,4.01,4,355
6010,Fantastic Mr. Fox,Roald Dahl,4.08,6,355
6011,The High Lord (The Black Magician Trilogy #3),Trudi Canavan,4.14,4,355
6012,Kurintor Nyusi,Aaron-Michael Hall,4.38,4,355
6013,"The Fourth Monkey (4MK Thriller, #1)",J.D. Barker,4.26,4,355
6014,"One Step Behind  (Kurt Wallander, #7)",Henning Mankell,4.11,4,355
6015,Lesson II (Lessons #2),Julie Mannino,4.00,4,355
6016,I'm Still Here: Black Dignity in a World Made for Whiteness,Austin Channing Brown,4.38,4,355
6017,"The Oldest Dance (Wisdom Revolution, #2)",Misba,4.71,4,355
6018,Education of a Wandering Man: A Memoir,Louis L'Amour,4.06,5,354
6019,Five Point Someone: What Not to Do at IIT,Chetan Bhagat,3.43,4,354
6020,Enigma,Robert   Harris,3.90,5,354
6021,A Bend in the Road,Nicholas Sparks,4.05,5,354
6022,Cider with Rosie,Laurie Lee,3.91,7,354
6023,The Human Comedy,William Saroyan,4.03,4,354
6024,The Bad Girl and the Good Boy,Karla Luna,4.11,4,354
6025,Devil's Bait,Debbie Boek,4.16,4,354
6026,I'm OK - You're OK,Thomas A. Harris,3.76,4,354
6027,"Virgil the Hound: Against All Odds, One Hound Breaks Away From the Pack",Tere Albanese,4.08,4,354
6028,Book of Leo: Prequel to Mystical Trash,Mary Ramsey,4.31,4,354
6029,"The High Auction (Wisdom Revolution, #1)",Misba,4.70,4,354
6030,Jeremy and the Witches’ Medallion: The Witch Hunt,Randy  Gauthier,4.24,4,354
6031,All's Well That Ends Well,William Shakespeare,3.60,4,354
6032,Everything Is F*cked: A Book About Hope,Mark Manson,3.68,4,354
6033,Last Seen in Lapaz (Emma Djan Investigation #3),Kwei Quartey,4.08,4,354
6034,"Girls of Paper and Fire (Girls of Paper and Fire, #1)",Natasha Ngan,3.81,4,354
6035,Are Prisons Obsolete?,Angela Y. Davis,4.52,4,354
6036,Testimony,Anita Shreve,3.60,5,353
6037,Tales of Ordinary Madness,Charles Bukowski,3.85,5,353
6038,Hegemony or Survival: America's Quest for Global Dominance,Noam Chomsky,3.97,5,353
6039,Out of the Dust,Karen Hesse,3.77,6,353
6040,Chelsea Chelsea Bang Bang,Chelsea Handler,3.83,4,353
6041,The Urantia Book,Urantia Foundation,4.03,4,353
6042,The Wedding: One Night with the Prince: A Bonus Chapter,T.M. Mendes,4.12,4,353
6043,Landline,Rainbow Rowell,3.54,5,353
6044,"The Gentleman's Guide to Vice and Virtue (Montague Siblings, #1)",Mackenzi Lee,4.03,4,353
6045,"Before the Coffee Gets Cold (Before the Coffee Gets Cold, #1)",Toshikazu Kawaguchi,3.67,4,353
6046,The Last House on Needless Street,Catriona Ward,3.83,4,353
6047,"Track of the Cat (Anna Pigeon, #1)",Nevada Barr,3.84,5,353
6048,Prairie Fires: The American Dreams of Laura Ingalls Wilder,Caroline Fraser,3.94,4,353
6049,"Lord John and the Private Matter (Lord John Grey, #1)",Diana Gabaldon,3.76,4,353
6050,"Old Bones (Nora Kelly, #1)",Douglas Preston,4.07,4,353
6051,Nightfall,Isaac Asimov,4.06,5,352
6052,"Simple Genius (Sean King & Michelle Maxwell, #3)",David Baldacci,4.01,4,352
6053,"Tell Me You Want Me (College Romance, #1)",Amelia James,3.76,4,352
6054,The Coldest Girl in Coldtown,Holly Black,3.83,4,352
6055,"Losing Hope (Hopeless, #2)",Colleen Hoover,4.11,4,352
6056,Nicholas and Alexandra: The Classic Account of the Fall of the Romanov Dynasty,Robert K. Massie,4.23,4,352
6057,"Lawrence in Arabia: War, Deceit, Imperial Folly, and the Making of the Modern Middle East",Scott Anderson,4.08,4,352
6058,White Smoke,Tiffany D. Jackson,3.81,4,352
6059,A Bad Case of Stripes (Scholastic Bookshelf),David Shannon,4.26,6,351
6060,The Ballad of the Sad Café and Other Stories,Carson McCullers,3.79,5,351
6061,The Assault,Harry Mulisch,3.73,4,351
6062,"The Hammer of Thor (Magnus Chase and the Gods of Asgard, #2)",Rick Riordan,4.30,4,351
6063,The Poet X,Elizabeth Acevedo,4.37,4,351
6064,Do What You Are : Discover the Perfect Career for You Through the Secrets of Personality Type,Paul D. Tieger,3.78,4,351
6065,"The Hunted (The Hunted, #1)",Julie Mannino,4.12,4,351
6066,"The Complaints (Malcolm Fox, #1)",Ian Rankin,3.88,4,351
6067,Shadow of the Almighty: The Life and Testament of Jim Elliot,Elisabeth Elliot,4.22,4,351
6068,"A Pocket Full of Rye  (Miss Marple, #6)",Agatha Christie,3.93,5,351
6069,When The Birds Stopped Singing,Karla A. Trippe,4.40,4,351
6070,The Beautiful and Damned,F. Scott Fitzgerald,3.73,5,350
6071,Since You've Been Gone,Morgan Matson,4.07,5,350
6072,Look Back in Anger,John Osborne,3.54,4,350
6073,"The Sympathizer (The Sympathizer, #1)",Viet Thanh Nguyen,4.01,4,350
6074,Mygale,Thierry Jonquet,3.93,4,350
6075,The Kiss Thief,L.J. Shen,3.84,5,350
6076,The Push,Ashley Audrain,4.05,4,350
6077,The It Girl,Ruth Ware,3.85,4,350
6078,Radiant Child: The Story of Young Artist Jean-Michel Basquiat,Javaka Steptoe,3.95,4,350
6079,This Lullaby,Sarah Dessen,4.01,4,349
6080,"Tehanu (Earthsea Cycle, #4)",Ursula K. Le Guin,4.05,4,349
6081,"Perfect (Paradise, #2)",Judith McNaught,4.30,5,349
6082,The Language Instinct: How the Mind Creates Language,Steven Pinker,4.01,4,349
6083,The Gods Themselves,Isaac Asimov,4.09,5,349
6084,The Door,Magda Szabó,4.10,4,349
6085,Self-Publishing In the Eye of the Storm,Karl Wiggins,4.62,4,349
6086,"A Gathering of Shadows (Shades of Magic, #2)",Victoria E. Schwab,4.20,4,349
6087,"The Traveler (Fourth Realm, #1)",John Twelve Hawks,3.84,4,349
6088,The Importance of Being Wild,J.J. Sorel,4.24,4,349
6089,Happier: Learn the Secrets to Daily Joy and Lasting Fulfillment,Tal Ben-Shahar,3.82,4,349
6090,The Jew of Malta,Christopher Marlowe,3.58,4,349
6091,"Let It Bleed (Inspector Rebus, #7)",Ian Rankin,4.03,4,349
6092,"Hercule Poirot's Christmas (Hercule Poirot, #20)",Agatha Christie,3.98,5,349
6093,"The Curse of the Pharaohs (Amelia Peabody, #2)",Elizabeth Peters,4.00,5,349
6094,"Mr. Kiss and Tell (Veronica Mars, #2)",Rob Thomas,3.99,4,349
6095,"Devil in Winter (Wallflowers, #3)",Lisa Kleypas,4.21,4,349
6096,Way to Be!: 9 Ways To Be Happy And Make Something Of Your Life,Gordon B. Hinckley,4.59,5,348
6097,Looking for Mr. Goodbar,Judith Rossner,3.67,4,348
6098,"Whitney, My Love (Westmoreland, #2)",Judith McNaught,4.11,4,348
6099,A Unique Kind of Love: A Different Perspective [Excerpt],Jasmine  Rose,4.47,4,348
6100,"Split Second (Split Second, #1)",Douglas E. Richards,3.96,4,348
6101,"The $100 Startup: Reinvent the Way You Make a Living, Do What You Love, and Create a New Future",Chris Guillebeau,3.89,4,348
6102,"The Forgotten (John Puller, #2)",David Baldacci,4.15,4,348
6103,Near the Bone,Christina Henry,3.71,4,348
6104,The Cloister Walk,Kathleen Norris,4.05,5,347
6105,"I Hope They Serve Beer in Hell (Tucker Max, #1)",Tucker Max,3.49,6,347
6106,"Lilith's Brood (Xenogenesis, #1-3)",Octavia E. Butler,4.37,4,347
6107,Bloodline,Sidney Sheldon,3.86,5,347
6108,Snow,Orhan Pamuk,3.62,4,347
6109,"Adversity Builds Character; An Inspirational True Life Story of Disability, Addiction and Acceptance",Tom Ufert,4.73,4,347
6110,Beautiful Ruins,Jess Walter,3.68,6,347
6111,"Death Note, Vol. 1: Boredom (Death Note, #1)",Tsugumi Ohba,4.47,4,347
6112,"Beautiful Redemption (Caster Chronicles, #4)",Kami Garcia,3.91,4,347
6113,U-10,Sam B. Miller II,4.31,4,347
6114,This is Going to Hurt: Secret Diaries of a Junior Doctor,Adam Kay,4.40,4,347
6115,Blood and Chocolate,Annette Curtis Klause,3.80,4,347
6116,Broken for You,Stephanie Kallos,3.83,5,346
6117,100 Selected Poems,E.E. Cummings,4.29,7,346
6118,The Melancholy Death of Oyster Boy and Other Stories,Tim Burton,4.12,4,346
6119,"The Age of Reason (Roads to Freedom, #1)",Jean-Paul Sartre,3.99,4,346
6120,"Boy: Tales of Childhood (Roald Dahl's Autobiography, #1)",Roald Dahl,4.07,5,346
6121,Bounty from the Box: The CSA Farm Cookbook,Mi Ae Lipe,4.37,4,346
6122,Get Your Sh*t Together: How to Stop Worrying About What You Should Do So You Can Finish What You Need to Do and Start Doing What You Want to Do (A No F*cks Given Guide),Sarah Knight,3.57,5,346
6123,"Supreme Betrayal (Zachary Blake Legal Thriller, #6)",Mark M. Bello,4.33,5,346
6124,"Search Inside Yourself: The Unexpected Path to Achieving Success, Happiness",Chade-Meng Tan,4.04,4,346
6125,"Kingdom of the Wicked (Kingdom of the Wicked, #1)",Kerri Maniscalco,3.87,4,346
6126,A Touch of Innocence (Touch #1),Julie Mannino,3.98,4,346
6127,The Comfort Book,Matt Haig,4.06,4,346
6128,The Pursuit of Happyness,Chris Gardner,4.19,5,345
6129,The Gate to Women's Country,Sheri S. Tepper,4.06,5,345
6130,"The Sea, the Sea",Iris Murdoch,3.96,5,345
6131,"Promise Me (Myron Bolitar, #8)",Harlan Coben,4.04,4,345
6132,Men We Reaped: A Memoir,Jesmyn Ward,4.30,4,345
6133,"Less (Arthur Less, #1)",Andrew Sean Greer,3.63,4,345
6134,"Hounded (The Iron Druid Chronicles, #1)",Kevin Hearne,4.10,4,345
6135,"Orphan X (Orphan X, #1)",Gregg Hurwitz,4.14,4,345
6136,"Deep Storm (Jeremy Logan, #1)",Lincoln Child,3.90,4,345
6137,"Always Outnumbered, Always Outgunned",Walter Mosley,4.18,4,344
6138,"Cross Bones (Temperance Brennan, #8)",Kathy Reichs,3.87,4,344
6139,Waiting for the Barbarians,J.M. Coetzee,3.93,5,344
6140,"Handcuffs, Kisses and Awkward Situations",Olivia Harvard,4.11,4,344
6141,"Nobody Asked Me, But ....",Karl Wiggins,4.13,4,344
6142,The Ipswich Bus,Robbie Franklin,4.73,4,344
6143,The Drowned and the Saved,Primo Levi,4.43,6,344
6144,"Naked Empire (Sword of Truth, #8)",Terry Goodkind,3.83,4,344
6145,"The Wire in the Blood (Tony Hill & Carol Jordan, #2)",Val McDermid,4.16,4,344
6146,"Overwhelmed: Work, Love, and Play When No One Has the Time",Brigid Schulte,3.83,4,344
6147,"The Overlook (Harry Bosch, #13; Harry Bosch Universe, #18)",Michael    Connelly,4.01,5,344
6148,"Flying Too High (Phryne Fisher, #2)",Kerry Greenwood,3.88,5,344
6149,Little Secrets,Jennifer Hillier,4.22,4,344
6150,"The Hunter (Parker, #1)",Richard Stark,3.99,4,344
6151,"The Case of the Missing Marquess (Enola Holmes, #1)",Nancy Springer,3.78,4,344
6152,A Good Marriage,Kimberly McCreight,3.90,4,344
6153,"A Pattern Language: Towns, Buildings, Construction (Center for Environmental Structure Series)",Christopher W. Alexander,4.42,4,343
6154,The Slave,Isaac Bashevis Singer,4.23,4,343
6155,Pay It Forward,Catherine Ryan Hyde,4.20,6,343
6156,Life and Death in Shanghai,Nien Cheng,4.32,4,343
6157,"All-American Girl (All-American Girl, #1)",Meg Cabot,3.75,5,343
6158,Monster,Walter Dean Myers,3.73,4,343
6159,"You Are a Badass Every Day: How to Keep Your Motivation Strong, Your Vibe High, and Your Quest for Transformation Unstoppable",Jen Sincero,3.82,4,343
6160,"The 5 Second Rule: Transform Your Life, Work, and Confidence with Everyday Courage",Mel Robbins,3.86,4,343
6161,Wiseguy,Nicholas Pileggi,4.24,4,343
6162,"The Queen of Nothing (The Folk of the Air, #3)",Holly Black,4.34,4,343
6163,Don't Look for Me,Wendy   Walker,3.97,4,343
6164,"பொன்னியின் செல்வன், முழுத்தொகுப்பு",Kalki,4.70,4,342
6165,"Touching Spirit Bear (Spirit Bear, #1)",Ben Mikaelsen,3.86,4,342
6166,A History of Western Philosophy,Bertrand Russell,4.13,5,342
6167,"The Wee Free Men (Discworld, #30; Tiffany Aching, #1)",Terry Pratchett,4.29,5,342
6168,Wraith (Nick Baron #0),James R. Hannibal,4.08,4,342
6169,The Magician's Elephant,Kate DiCamillo,3.87,4,342
6170,For Colored Girls Who Have Considered Suicide / When the Rainbow Is Enuf,Ntozake Shange,4.29,4,342
6171,"Blue Labyrinth (Pendergast, #14)",Douglas Preston,4.13,4,342
6172,The Shack: Where Tragedy Confronts Eternity,William Paul Young,3.83,4,342
6173,"Bullet Train (Assassins, #2)",Kōtarō Isaka,3.84,4,342
6174,"The Law of Innocence (The Lincoln Lawyer, #6; Harry Bosch Universe #35)",Michael    Connelly,4.35,4,342
6175,Atlas of the Heart: Mapping Meaningful Connection and the Language of Human Experience,Brené Brown,4.33,4,342
6176,"Tales of Nevèrÿon (Return to Nevèrÿon, #1)",Samuel R. Delany,3.94,4,341
6177,"Fire from Heaven (Alexander the Great, #1)",Mary Renault,3.96,4,341
6178,Valley of the Dolls,Jacqueline Susann,3.85,4,341
6179,Seriously... I'm Kidding,Ellen DeGeneres,3.67,4,341
6180,"Shadow Catcher (Nick Baron, #1)",James R. Hannibal,3.90,4,341
6181,The Lean Startup,Eric Ries,4.11,4,341
6182,The Ipswich Bus,Robbie Franklin,4.73,4,341
6183,Gone for Good,Harlan Coben,4.11,4,341
6184,Her Every Fear,Peter  Swanson,3.76,4,341
6185,"Cemetery Dance (Pendergast, #9)",Douglas Preston,4.04,4,341
6186,Linchpin: Are You Indispensable?,Seth Godin,3.83,5,341
6187,My Sister Rosa,Justine Larbalestier,3.78,4,341
6188,"8th Confession (Women's Murder Club, #8)",James  Patterson,4.08,4,341
6189,The Violets of March,Sarah Jio,3.84,4,340
6190,"To Selena, With Love",Chris Pérez,4.64,4,340
6191,Reamde,Neal Stephenson,3.99,4,340
6192,"Her Royal Spyness (Her Royal Spyness Mysteries, #1)",Rhys Bowen,3.82,6,340
6193,"An Offer From a Gentleman (Bridgertons, #3)",Julia Quinn,3.94,4,340
6194,The Black Cat,Edgar Allan Poe,4.03,4,340
6195,Hedda Gabler,Henrik Ibsen,3.83,5,340
6196,"March: Book Three (March, #3)",John             Lewis,4.65,4,340
6197,"Unlimited Memory: How to Use Advanced Learning Strategies to Learn Faster, Remember More and be More Productive (Mental Mastery, #1)",Kevin Horsley,4.01,5,340
6198,The Bone Clocks,David Mitchell,3.84,4,340
6199,Tell Me Three Things,Julie Buxbaum,4.01,4,340
6200,The Desire Map,Danielle LaPorte,3.91,4,340
6201,The View from Saturday,E.L. Konigsburg,3.76,4,340
6202,"The Boy, the Mole, the Fox and the Horse",Charlie Mackesy,4.56,4,340
6203,Once There Were Wolves,Charlotte McConaghy,4.09,4,340
6204,The Terminal Man,Michael Crichton,3.41,4,340
6205,Rules of Civility,Amor Towles,4.09,4,339
6206,Strength to Love,Martin Luther King Jr.,4.61,4,339
6207,"Mara, Daughter of the Nile",Eloise Jarvis McGraw,4.25,4,339
6208,"Switched (Trylle, #1)",Amanda Hocking,3.87,4,339
6209,In the Time of the Butterflies,Julia Alvarez,4.15,5,339
6210,The First Fifteen Lives of Harry August,Claire North,4.03,4,339
6211,"The Priory of the Orange Tree (The Roots of Chaos, #1)",Samantha    Shannon,4.18,4,339
6212,Autoboyography,Christina Lauren,4.11,4,339
6213,"The Trauma Cleaner: One Woman's Extraordinary Life in the Business of Death, Decay, and Disaster",Sarah Krasnostein,3.90,4,339
6214,Hidden Valley Road: Inside the Mind of an American Family,Robert Kolker,4.16,4,339
6215,"Zen Flesh, Zen Bones: A Collection of Zen and Pre-Zen Writings",Paul Reps,4.17,6,338
6216,The Twits,Roald Dahl,3.97,5,338
6217,"Starcrossed (Starcrossed, #1)",Josephine Angelini,4.05,4,338
6218,"Snuff (Discworld, #39; City Watch, #8)",Terry Pratchett,4.19,4,338
6219,Memoirs of an Imaginary Friend,Matthew Dicks,4.14,4,338
6220,"Awakening (The Shard Chronicles, #1)",Ono Northey,4.24,4,338
6221,"Zero Day (John Puller, #1)",David Baldacci,4.06,5,338
6222,"Gmorning, Gnight!: Little Pep Talks for Me & You",Lin-Manuel Miranda,4.27,4,338
6223,Feeling Lucky,M.S.M. Barkawitz,4.29,4,338
6224,Drama,Raina Telgemeier,4.18,4,338
6225,What Awaits?,Ernie Gammage,4.17,4,338
6226,How to Live Safely in a Science Fictional Universe,Charles Yu,3.45,4,338
6227,The Anthropocene Reviewed: Essays on a Human-Centered Planet,John Green,4.36,4,338
6228,Earth (The Book): A Visitor's Guide to the Human Race,Jon   Stewart,3.90,4,337
6229,Red Scarf Girl,Ji-li Jiang,3.79,4,337
6230,The Ugly Duckling,Hans Christian Andersen,4.12,4,337
6231,"White Fire (Pendergast, #13)",Douglas Preston,4.12,4,337
6232,The Sicilian (The Godfather #2),Mario Puzo,4.03,6,337
6233,Snow Country,Yasunari Kawabata,3.57,5,337
6234,"The Weed That Strings the Hangman's Bag (Flavia de Luce, #2)",Alan Bradley,3.99,5,337
6235,"Option B: Facing Adversity, Building Resilience, and Finding Joy",Sheryl Sandberg,3.85,5,337
6236,"Sourcery (Discworld, #5; Rincewind, #3)",Terry Pratchett,3.91,4,337
6237,"White Cat (Curse Workers, #1)",Holly Black,3.79,4,337
6238,Focus: The Hidden Driver of Excellence,Daniel Goleman,3.56,4,337
6239,"Cold Granite (Logan McRae, #1)",Stuart MacBride,4.07,4,337
6240,"The Hidden Staircase (Nancy Drew Mystery Stories, #2)",Carolyn Keene,3.96,4,337
6241,"Three Bags Full (Sheep Detective Story, #1)",Leonie Swann,3.65,4,337
6242,"The Hollow (Hercule Poirot, #26)",Agatha Christie,3.80,4,337
6243,We Are All the Same in the Dark,Julia Heaberlin,3.79,4,337
6244,The Woman in Black,Susan         Hill,3.75,6,336
6245,"Frog and Toad All Year (Frog and Toad, #3)",Arnold Lobel,4.36,5,336
6246,"Three Dark Crowns (Three Dark Crowns, #1)",Kendare Blake,3.79,4,336
6247,The Good Guy,Dean Koontz,3.87,4,336
6248,The Two Gentlemen of Verona,William Shakespeare,3.39,5,336
6249,My Cousin Rachel,Daphne du Maurier,4.00,4,336
6250,A Conservation Notebook,Paul Spencer Sochaczewski,4.27,4,336
6251,The Man from St. Petersburg,Ken Follett,3.94,4,336
6252,"Poirot Investigates (Hercule Poirot, #3)",Agatha Christie,3.90,5,336
6253,Inés of My Soul,Isabel Allende,3.99,4,335
6254,The Lucifer Effect: Understanding How Good People Turn Evil,Philip G. Zimbardo,3.91,5,335
6255,Being There,Jerzy Kosiński,3.86,4,335
6256,Stillness Speaks,Eckhart Tolle,4.27,4,335
6257,"My Name Is Lucy Barton (Amgash, #1)",Elizabeth Strout,3.59,4,335
6258,"The Ask and the Answer (Chaos Walking, #2)",Patrick Ness,4.18,4,335
6259,Breaking the Habit of Being Yourself: How to Lose Your Mind and Create a New One,Joe Dispenza,4.14,4,335
6260,Mockingbird,Walter Tevis,4.16,5,335
6261,Unorthodox: The Scandalous Rejection of My Hasidic Roots,Deborah Feldman,4.00,4,335
6262,"I Am, I Am, I Am: Seventeen Brushes with Death",Maggie O'Farrell,3.99,4,335
6263,"The Gilded Wolves (The Gilded Wolves, #1)",Roshani Chokshi,3.71,4,335
6264,Excuse Me While I Disappear: Tales of Midlife Mayhem,Laurie Notaro,3.97,4,335
6265,"Castle in the Air (Howl's Moving Castle, #2)",Diana Wynne Jones,3.86,4,334
6266,You Can't Go Home Again,Thomas Wolfe,4.05,4,334
6267,The Invisible Bridge,Julie Orringer,4.18,5,334
6268,Mila 18,Leon Uris,4.32,5,334
6269,"Speak, Memory",Vladimir Nabokov,4.08,4,334
6270,"Splintered (Splintered, #1)",A.G. Howard,3.90,4,334
6271,Dogshit Saved My Life,Karl Wiggins,4.20,4,334
6272,The Anxiety and Phobia Workbook,Edmund J. Bourne,4.07,4,334
6273,"American Assassin (Mitch Rapp, #1)",Vince Flynn,4.25,4,334
6274,Daily Rituals: How Artists Work,Mason Currey,3.65,4,334
6275,"The Kept Woman (Will Trent, #8)",Karin Slaughter,4.14,4,334
6276,Opposite of Always,Justin A. Reynolds,3.64,4,334
6277,Babe: The Gallant Pig,Dick King-Smith,4.10,6,333
6278,Saving Grace,Julie Garwood,4.26,5,333
6279,"A Knight in Shining Armor (Montgomery/Taggert Family, #13)",Jude Deveraux,4.20,5,333
6280,Please Ignore Vera Dietz,A.S. King,3.87,5,333
6281,Are You My Mother?,P.D. Eastman,4.22,6,333
6282,"Halfway to the Grave (Night Huntress, #1)",Jeaniene Frost,4.13,5,333
6283,The Penelopiad,Margaret Atwood,3.71,4,333
6284,"The Poppy War (The Poppy War, #1)",R.F. Kuang,4.17,5,333
6285,"Written in Bone (David Hunter, #2)",Simon Beckett,4.20,4,333
6286,"Among the Mad (Maisie Dobbs, #6)",Jacqueline Winspear,4.13,4,333
6287,Kiss an Angel,Susan Elizabeth Phillips,4.17,4,333
6288,"E is for Evidence (Kinsey Millhone, #5)",Sue Grafton,3.94,4,333
6289,I Have No Mouth & I Must Scream,Harlan Ellison,3.90,4,332
6290,"The Last Straw (Diary of a Wimpy Kid, #3)",Jeff Kinney,4.15,6,332
6291,The Boy Who Harnessed the Wind: Creating Currents of Electricity and Hope,William Kamkwamba,4.08,4,332
6292,"The Queen of Attolia (The Queen's Thief, #2)",Megan Whalen Turner,4.17,4,332
6293,"The Sixth Man (Sean King & Michelle Maxwell, #5)",David Baldacci,4.20,5,332
6294,"White Night (The Dresden Files, #9)",Jim  Butcher,4.38,4,332
6295,A Time to Love and a Time to Die,Erich Maria Remarque,4.44,4,332
6296,"Torn (Trylle, #2)",Amanda Hocking,4.03,5,332
6297,"The Wedding (Being the Bad Boy's Victim, #1.5)",Claire Monette,4.52,4,332
6298,Driven to Distraction: Recognizing and Coping with Attention Deficit Disorder from Childhood Through Adulthood,Edward M. Hallowell,4.12,4,332
6299,The Pragmatist's Guide to Sexuality,Malcolm  Collins,4.26,4,332
6300,The Simple Truth,David Baldacci,4.11,4,332
6301,"A Deepness in the Sky (Zones of Thought, #2)",Vernor Vinge,4.32,5,331
6302,The Poetry of Pablo Neruda,Pablo Neruda,4.44,5,331
6303,"Ramona the Pest (Ramona, #2)",Beverly Cleary,4.08,5,331
6304,The Unknown Soldier,Väinö Linna,4.09,4,331
6305,"Crescendo (Hush, Hush, #2)",Becca Fitzpatrick,3.98,6,331
6306,Village Evenings Near Dikanka and Mirgorod,Nikolai Gogol,4.21,4,331
6307,Heretics of Dune (Dune #5),Frank Herbert,3.86,4,331
6308,The Best Thing for Me,L.  Jackson,3.71,4,331
6309,"Mrs. McGinty's Dead (Hercule Poirot, #32)",Agatha Christie,3.86,4,331
6310,"Oathbringer (The Stormlight Archive, #3)",Brandon Sanderson,4.61,4,331
6311,"Die Trying (Jack Reacher, #2)",Lee Child,4.07,4,331
6312,"The Last Mile (Amos Decker, #2)",David Baldacci,4.24,4,331
6313,Mind Over Mood: Change How You Feel By Changing the Way You Think,Dennis Greenberger,3.96,4,331
6314,The Hiding Place,C.J. Tudor,3.60,4,331
6315,Living Dead Girl,Elizabeth Scott,3.78,4,330
6316,The Twelve Caesars,Suetonius,4.02,4,330
6317,Life and Times of Frederick Douglass,Frederick Douglass,4.35,4,330
6318,"The Dream Thieves (The Raven Cycle, #2)",Maggie Stiefvater,4.22,4,330
6319,Lincoln's Melancholy: How Depression Challenged a President and Fueled His Greatness,Joshua Wolf Shenk,3.92,4,330
6320,"Rebel of the Sands (Rebel of the Sands, #1)",Alwyn Hamilton,3.95,4,330
6321,"The Power of Vulnerability: Teachings of Authenticity, Connections and Courage",Brené Brown,4.61,4,330
6322,The Gown,Jennifer Robson,4.14,5,330
6323,"Touch & Go (Tessa Leoni, #2; Detective D.D. Warren, #7)",Lisa Gardner,4.08,4,330
6324,"Best Day Ever (Family Secrets, #1)",Kaira Rouda,3.72,4,330
6325,"The Millennium Trilogy (Millennium Trilogy, #1-3)",Stieg Larsson,4.47,5,329
6326,Washington: A Life,Ron Chernow,4.16,4,329
6327,Between The Lines: Volumes of Words Unspoken,Céline Zabad,4.14,4,329
6328,The Librarian of Auschwitz,Antonio Iturbe,4.15,4,329
6329,"The Bear and the Nightingale (The Winternight Trilogy, #1)",Katherine Arden,4.09,4,329
6330,Healing the Shame that Binds You,John Bradshaw,4.09,4,329
6331,"The Kingmaker's Daughter (The Plantagenet and Tudor Novels, #4)",Philippa Gregory,4.00,4,329
6332,"Red Glove (Curse Workers, #2)",Holly Black,3.94,4,329
6333,Operating Instructions: A Journal of My Son's First Year,Anne Lamott,4.18,4,328
6334,Dom Casmurro,Machado de Assis,4.32,4,328
6335,"Tempted (House of Night, #6)",P.C. Cast,3.95,6,328
6336,4.48 Psychosis,Sarah Kane,4.22,4,328
6337,The Snow Child,Eowyn Ivey,4.01,6,328
6338,Attachments,Rainbow Rowell,3.87,6,328
6339,Shame,Salman Rushdie,3.87,5,328
6340,Timon of Athens,William Shakespeare,3.44,4,328
6341,"The Janus Stone (Ruth Galloway, #2)",Elly Griffiths,3.93,4,328
6342,Gravity,Tess Gerritsen,4.10,4,328
6343,Anil's Ghost,Michael Ondaatje,3.58,4,327
6344,"The Duke and I (Bridgertons, #1)",Julia Quinn,3.79,4,327
6345,The Complete Conversations with God,Neale Donald Walsch,4.31,4,327
6346,The Art Book,Phaidon Press,3.86,4,327
6347,The Origin of Consciousness in the Breakdown of the Bicameral Mind,Julian Jaynes,4.26,4,327
6348,The Ice Twins,S.K. Tremayne,3.65,4,327
6349,"House Atreides (Prelude to Dune, #1)",Brian Herbert,3.83,4,327
6350,"Holy Island (DCI Ryan Mysteries, #1)",L.J. Ross,4.01,4,327
6351,My Husband's Wife,Jane Corry,3.53,4,327
6352,The Dollmaker,Harriette Simpson Arnow,4.17,5,326
6353,Flannery O'Connor: Collected Works,Flannery O'Connor,4.49,5,326
6354,"City of Bones (Harry Bosch, #8; Harry Bosch Universe, #11)",Michael    Connelly,4.13,4,326
6355,The Winner,David Baldacci,4.14,4,326
6356,The Last Picture Show,Larry McMurtry,4.00,4,326
6357,Kitchen,Banana Yoshimoto,3.90,5,326
6358,An Ideal Husband,Oscar Wilde,4.01,4,326
6359,Against the Day,Thomas Pynchon,4.04,4,326
6360,"X (Kinsey Millhone, #24)",Sue Grafton,3.92,5,326
6361,The Camp of the Saints,Jean Raspail,3.81,4,325
6362,"Gut gegen Nordwind (Gut gegen Nordwind, #1)",Daniel Glattauer,3.85,4,325
6363,Cancer Ward,Aleksandr Solzhenitsyn,4.26,4,325
6364,Dhalgren,Samuel R. Delany,3.78,4,325
6365,"Dark Sacred Night (Renée Ballard, #2; Harry Bosch, #21; Harry Bosch Universe, #32)",Michael    Connelly,4.18,4,325
6366,"Don't Just Fly, SOAR: The Inspiration and tools you need to rise above adversity and create a life by design",Kelly Markey,4.33,4,325
6367,Rage,Bob Woodward,4.17,4,325
6368,"Reina roja (Antonia Scott, #1)",Juan Gómez-Jurado,4.09,4,325
6369,The Mercies,Kiran Millwood Hargrave,4.01,4,325
6370,"The Power of Six (Lorien Legacies, #2)",Pittacus Lore,4.14,4,324
6371,The Dovekeepers,Alice Hoffman,4.06,4,324
6372,The Three Sisters,Anton Chekhov,3.72,4,324
6373,Mastery: The Keys to Success and Long-Term Fulfillment,George Leonard,4.10,4,324
6374,How to Be an Antiracist,Ibram X. Kendi,4.37,4,324
6375,'Tis,Frank McCourt,3.73,4,324
6376,Gut: The Inside Story of Our Body's Most Underrated Organ,Giulia Enders,4.07,4,324
6377,Pumpkinheads,Rainbow Rowell,4.02,4,324
6378,"Queen of Shadows (Throne of Glass, #4)",Sarah J. Maas,4.62,4,324
6379,Regarding the Pain of Others,Susan Sontag,4.09,4,324
6380,The Case for a Creator: A Journalist Investigates Scientific Evidence That Points Toward God,Lee Strobel,4.12,4,323
6381,The Third Chimpanzee: The Evolution and Future of the Human Animal,Jared Diamond,4.08,4,323
6382,"The Whole Truth (A. Shaw, #1)",David Baldacci,4.08,4,323
6383,"Princess in the Spotlight (The Princess Diaries, #2)",Meg Cabot,3.72,4,323
6384,"Innocent in Death (In Death, #24)",J.D. Robb,4.40,4,323
6385,"What Angels Fear (Sebastian St. Cyr, #1)",C.S. Harris,3.91,4,323
6386,"Pop Goes the Weasel (Helen Grace, #2)",M.J. Arlidge,4.13,5,323
6387,Confessions of an Economic Hit Man,John Perkins,3.87,4,322
6388,The Happiness Advantage: The Seven Principles of Positive Psychology That Fuel Success and Performance at Work,Shawn Achor,4.14,4,322
6389,"A Royal Pain (Her Royal Spyness Mysteries, #2)",Rhys Bowen,3.92,4,322
6390,Stiff: The Curious Lives of Human Cadavers,Mary Roach,4.06,5,322
6391,"A Criminal Defense (Philadelphia Legal, #1)",William L. Myers Jr.,4.04,4,322
6392,"Malice (The Faithful and the Fallen, #1)",John Gwynne,4.17,4,322
6393,"Forever Peace (The Forever War, #3)",Joe Haldeman,3.75,4,322
6394,Finish: Give Yourself the Gift of Done,Jon Acuff,4.14,4,322
6395,Six Wakes,Mur Lafferty,3.83,4,322
6396,Woman on the Edge of Time,Marge Piercy,3.92,6,321
6397,Europe Central,William T. Vollmann,3.97,4,321
6398,Collected Poems,Dylan Thomas,4.20,4,321
6399,"The Crimson Crown (Seven Realms, #4)",Cinda Williams Chima,4.46,4,321
6400,"The Hostile Hospital (A Series of Unfortunate Events, #8)",Lemony Snicket,3.99,4,321
6401,The Mezzanine,Nicholson Baker,3.84,4,321
6402,"The Ruin (Cormac Reilly, #1)",Dervla McTiernan,3.94,5,321
6403,"Trace (Kay Scarpetta, #13)",Patricia Cornwell,3.83,4,321
6404,The Storyteller: Tales of Life and Music,Dave Grohl,4.45,4,321
6405,"Visions in Death (In Death, #19)",J.D. Robb,4.38,4,321
6406,Warlight,Michael Ondaatje,3.60,4,321
6407,The Only Plane in the Sky: An Oral History of 9/11,Garrett M. Graff,4.72,4,321
6408,Mine (Mine #1),Julie Mannino,3.41,4,321
6409,"Empire of Storms (Throne of Glass, #5)",Sarah J. Maas,4.63,4,321
6410,"Zero History (Blue Ant, #3)",William Gibson,3.96,4,320
6411,"Rapture (Fallen, #4)",Lauren Kate,3.99,7,320
6412,Medea and Other Plays,Euripides,4.02,4,320
6413,"Real Murders (Aurora Teagarden, #1)",Charlaine Harris,3.69,4,320
6414,Mysterious Skin,Scott Heim,4.15,4,320
6415,Salomé,Oscar Wilde,3.70,4,320
6416,"Hattie Big Sky (Hattie, #1)",Kirby Larson,4.02,4,319
6417,The Partly Cloudy Patriot,Sarah Vowell,3.87,4,319
6418,If Beale Street Could Talk,James Baldwin,4.27,4,319
6419,"Shades of Earth (Across the Universe, #3)",Beth Revis,4.07,4,319
6420,"Fever Dream (Pendergast, #10)",Douglas Preston,4.13,4,319
6421,"Justice Hall (Mary Russell and Sherlock Holmes, #6)",Laurie R. King,4.22,4,319
6422,"The Secret of Shadow Ranch (Nancy Drew Mystery Stories, #5)",Carolyn Keene,3.95,4,319
6423,The Case for Faith: A Journalist Investigates the Toughest Objections to Christianity,Lee Strobel,4.26,5,318
6424,The Long Hard Road Out of Hell,Marilyn Manson,3.81,5,318
6425,Desperation,Stephen        King,3.86,4,318
6426,Story of a Soul: The Autobiography of St. Thérèse of Lisieux,Thérèse of Lisieux,4.43,4,318
6427,Tales of Mystery and Imagination,Edgar Allan Poe,4.09,4,318
6428,Black Elk Speaks: Being the Life Story of a Holy Man of the Oglala Sioux,John G. Neihardt,4.12,5,318
6429,The Shallows: What the Internet Is Doing to Our Brains,Nicholas Carr,3.89,4,318
6430,"After You (Me Before You, #2)",Jojo Moyes,3.74,5,318
6431,The Fill-In Boyfriend,Kasie West,3.89,4,318
6432,"Rules of Attraction (Perfect Chemistry, #2)",Simone Elkeles,4.18,4,317
6433,Hoot,Carl Hiaasen,3.84,4,317
6434,"The End (A Series of Unfortunate Events, #13)",Lemony Snicket,4.04,4,317
6435,"Beezus and Ramona (Ramona, #1)",Beverly Cleary,4.03,5,317
6436,JPod,Douglas Coupland,3.71,4,317
6437,"The Late Show (Renée Ballard, #1; Harry Bosch Universe, #30)",Michael    Connelly,4.11,5,317
6438,Burnout: The Secret to Unlocking the Stress Cycle,Emily Nagoski,3.94,4,317
6439,The 10X Rule: The Only Difference Between Success and Failure,Grant Cardone,3.93,4,317
6440,"Shopaholic Takes Manhattan (Shopaholic, #2)",Sophie Kinsella,3.78,8,316
6441,"Blood Song (Raven's Shadow, #1)",Anthony Ryan,4.41,4,316
6442,Wolf Hollow (Wolf Hollow #1),Lauren Wolk,4.18,4,316
6443,Volpone,Ben Jonson,3.49,5,316
6444,"Nothing to Lose (Jack Reacher, #12)",Lee Child,3.93,4,316
6445,Peace Is Every Step: The Path of Mindfulness in Everyday Life,Thich Nhat Hanh,4.31,4,316
6446,"10th Anniversary (Women's Murder Club, #10)",James  Patterson,4.13,4,316
6447,When I Was You,Minka Kent,3.95,4,316
6448,Will My Cat Eat My Eyeballs? And Other Questions About Dead Bodies,Caitlin Doughty,4.13,4,316
6449,Fascism: A Warning,Madeleine K. Albright,4.25,4,316
6450,Tutunamayanlar,Oğuz Atay,4.55,4,315
6451,"Perestroika (Angels in America, #2)",Tony Kushner,4.24,4,315
6452,True West,Sam Shepard,3.68,5,315
6453,Kruistocht in spijkerbroek,Thea Beckman,4.06,4,315
6454,"Terrier (Beka Cooper, #1)",Tamora Pierce,4.16,4,315
6455,"Altered Carbon (Takeshi Kovacs, #1)",Richard K. Morgan,4.04,4,315
6456,The Caucasian Chalk Circle,Bertolt Brecht,3.74,4,315
6457,Yearbook,Seth Rogen,4.16,4,315
6458,"State of the Union (Scot Harvath, #3)",Brad Thor,4.22,4,315
6459,"Masquerade (Blue Bloods, #2)",Melissa de la Cruz,3.91,4,314
6460,"Myths from Mesopotamia: Creation, the Flood, Gilgamesh, and Others",Stephanie Dalley,4.00,4,314
6461,Endgame,Samuel Beckett,3.79,4,314
6462,The Tartar Steppe,Dino Buzzati,4.21,4,314
6463,TWAS The Year 2020,Karl Wiggins,3.94,4,314
6464,The Ten Thousand Doors of January,Alix E. Harrow,4.02,4,314
6465,"The Man Who Died Twice (Thursday Murder Club, #2)",Richard Osman,4.37,4,314
6466,"Tears of a Tiger (Hazelwood High, #1)",Sharon M. Draper,4.17,4,313
6467,The Last Sin Eater,Francine  Rivers,4.11,4,313
6468,"The Proud Tower: A Portrait of the World Before the War, 1890-1914",Barbara W. Tuchman,4.13,4,313
6469,Our Mutual Friend,Charles Dickens,4.09,5,313
6470,Special Topics in Calamity Physics,Marisha Pessl,3.70,4,313
6471,Tempus Unbound,Janet E. Morris,4.15,4,313
6472,"Long Road to Mercy (Atlee Pine, #1)",David Baldacci,3.93,4,313
6473,In the Dark,Loreth Anne White,4.05,4,313
6474,"Black Coffee (Hercule Poirot, #7.5)",Charles Osborne,3.61,5,313
6475,The Hating Game,Sally  Thorne,3.87,4,313
6476,How to Do Nothing: Resisting the Attention Economy,Jenny Odell,3.67,4,313
6477,"The Game (Mary Russell and Sherlock Holmes, #7)",Laurie R. King,4.17,4,313
6478,Gnomes,Wil Huygen,4.07,5,312
6479,Leonardo's Notebooks,Leonardo da Vinci,4.00,4,312
6480,"A Test of Wills (Inspector Ian Rutledge, #1)",Charles Todd,3.88,4,312
6481,"Wild Fire (John Corey, #4)",Nelson DeMille,4.07,4,312
6482,"Forward the Foundation (Foundation, #7)",Isaac Asimov,4.16,4,312
6483,The Chaperone,Laura Moriarty,3.88,4,312
6484,Eat to Live: The Revolutionary Formula for Fast and Sustained Weight Loss,Joel Fuhrman,4.13,4,311
6485,"Ink Exchange (Wicked Lovely, #2)",Melissa Marr,3.70,4,311
6486,Brida,Paulo Coelho,3.50,4,311
6487,The Club Dumas,Arturo Pérez-Reverte,3.81,4,311
6488,Married to the Bad Boy,Letty Scott,3.63,4,311
6489,The Sun Does Shine: How I Found Life and Freedom on Death Row,Anthony Ray Hinton,4.65,4,311
6490,"Dark Flame (The Immortals, #4)",Alyson Noel,3.73,4,310
6491,"Misty of Chincoteague (Misty, #1)",Marguerite Henry,4.07,6,310
6492,Conversation in the Cathedral,Mario Vargas Llosa,4.37,4,310
6493,Sostiene Pereira,Antonio Tabucchi,4.19,4,310
6494,"The Dark Divine (The Dark Divine, #1)",Bree Despain,3.80,4,310
6495,"Yellow Crocus (Freedman/Johnson, #1)",Laila Ibrahim,4.34,4,310
6496,"Library of Souls (Miss Peregrine's Peculiar Children, #3)",Ransom Riggs,4.14,4,310
6497,Darshan,Amrit Chima,4.31,4,309
6498,Bad Boy: A Memoir,Walter Dean Myers,3.73,4,309
6499,"It Ends with Us (It Ends with Us, #1)",Colleen Hoover,4.11,4,309
6500,"The Lady's Guide to Petticoats and Piracy (Montague Siblings, #2)",Mackenzi Lee,4.05,4,309
6501,The 7 Habits of Highly Effective Families: Creating a Nurturing Family in a Turbulent World,Stephen R. Covey,4.13,5,309
6502,"The Willpower Instinct: How Self-Control Works, Why It Matters, and What You Can Do to Get More of It",Kelly McGonigal,4.13,4,309
6503,"The House at Sea's End (Ruth Galloway, #3)",Elly Griffiths,3.98,4,309
6504,The Other Woman,Sandie Jones,3.75,4,309
6505,"Twilight (The Mediator, #6)",Meg Cabot,4.24,4,309
6506,Boy Meets Girl: Say Hello to Courtship,Joshua Harris,3.72,4,308
6507,The Dragons of Eden: Speculations on the Evolution of Human Intelligence,Carl Sagan,4.19,4,308
6508,Seth Speaks: The Eternal Validity of the Soul,Jane Roberts,4.20,5,308
6509,The Dirt: Confessions of the World's Most Notorious Rock Band,Tommy Lee,4.14,4,308
6510,Copenhagen,Michael Frayn,3.91,4,308
6511,"Rainbow Valley (Anne of Green Gables, #7)",L.M. Montgomery,4.01,4,308
6512,"The Queen of the Tearling (The Queen of the Tearling, #1)",Erika Johansen,3.98,4,308
6513,"Personal (Jack Reacher, #19)",Lee Child,3.98,4,308
6514,"The Escape (John Puller, #3)",David Baldacci,4.21,4,308
6515,"The Templar Legacy (Cotton Malone, #1)",Steve Berry,3.84,4,308
6516,The Cheerleaders,Kara Thomas,3.75,4,308
6517,"U is for Undertow (Kinsey Millhone, #21)",Sue Grafton,4.01,4,308
6518,"Secrets of the Dragon Sanctuary (Fablehaven, #4)",Brandon Mull,4.39,4,307
6519,A Death in the Family,James Agee,3.89,6,307
6520,Euthyphro,Plato,3.95,4,307
6521,Orthodoxy,G.K. Chesterton,4.19,5,307
6522,Stupeur et tremblements,Amélie Nothomb,3.74,4,307
6523,The Fan Man,William Kotzwinkle,4.02,4,307
6524,Stellaluna,Janell Cannon,4.27,8,307
6525,"The Boxcar Children (The Boxcar Children, #1)",Gertrude Chandler Warner,4.13,5,307
6526,The Devil All the Time,Donald Ray Pollock,4.14,4,307
6527,An American Marriage,Tayari Jones,3.94,4,307
6528,Doll Bones,Holly Black,3.68,4,307
6529,Portrait of a Thief,Grace D. Li,3.45,4,307
6530,"Aurora Rising (The Aurora Cycle, #1)",Amie Kaufman,4.10,4,307
6531,Winter Counts,David Heska Wanbli Weiden,3.84,4,307
6532,The Old Patagonian Express: By Train Through the Americas,Paul Theroux,3.95,5,306
6533,The Monk,Matthew Gregory Lewis,3.84,4,306
6534,Discourse on Method and Meditations on First Philosophy,René Descartes,3.77,4,306
6535,"The Miserable Mill (A Series of Unfortunate Events, #4)",Lemony Snicket,3.86,4,306
6536,"The Penultimate Peril (A Series of Unfortunate Events, #12)",Lemony Snicket,4.08,4,306
6537,The Children's Hour,Lillian Hellman,3.97,4,306
6538,My Dearest Miss Fairfax,Jeanette Watts,4.21,4,306
6539,"The Mystery of the Blue Train (Hercule Poirot, #6)",Agatha Christie,3.87,4,306
6540,The Man Without a Face: The Unlikely Rise of Vladimir Putin,Masha Gessen,3.81,4,306
6541,American Tabloid (Underworld USA #1),James Ellroy,4.20,4,305
6542,The Uncommon Reader,Alan Bennett,3.73,4,305
6543,Half Broke Horses,Jeannette Walls,4.09,4,305
6544,Firekeeper’s Daughter,Angeline Boulley,4.32,4,305
6545,"Saints of the Shadow Bible (Inspector Rebus, #19)",Ian Rankin,4.14,4,305
6546,"The Language of Bees (Mary Russell and Sherlock Holmes, #9)",Laurie R. King,4.16,4,305
6547,The Woman in the Library,Sulari Gentill,3.51,4,305
6548,Babel-17,Samuel R. Delany,3.73,4,304
6549,"Charlie and the Great Glass Elevator (Charlie Bucket, #2)",Roald Dahl,3.68,4,304
6550,The Setting Sun,Osamu Dazai,3.98,4,304
6551,The Monster of Florence,Douglas Preston,3.76,4,304
6552,The Paris Wife,Paula McLain,3.82,4,304
6553,"The High Auction (Wisdom Revolution, #1)",Misba,4.70,4,304
6554,"The Fifth Witness (The Lincoln Lawyer, #4; Harry Bosch Universe, #23)",Michael    Connelly,4.23,4,304
6555,The Einstein Enigma,José Rodrigues dos Santos,3.96,4,303
6556,"Dumb Witness (Hercule Poirot, #17)",Agatha Christie,3.91,5,303
6557,"Arrows of the Queen (Heralds of Valdemar, #1)",Mercedes Lackey,4.14,4,303
6558,A Spark of Light,Jodi Picoult,3.75,4,303
6559,Flashforward,Robert J. Sawyer,3.65,4,303
6560,"Death of a Gossip (Hamish Macbeth, #1)",M.C. Beaton,3.66,4,303
6561,"Furies of Calderon (Codex Alera, #1)",Jim  Butcher,4.13,4,302
6562,One Thousand Gifts: A Dare to Live Fully Right Where You Are,Ann Voskamp,4.02,4,302
6563,"The Secret Speech (Leo Demidov, #2)",Tom Rob Smith,3.81,4,302
6564,"The Dark Is Rising (The Dark is Rising, #2)",Susan Cooper,4.04,4,302
6565,"A Storm of Swords 2: Blood and Gold (A Song of Ice and Fire, #3, Part 2 of 2)",George R.R. Martin,4.55,5,302
6566,The Particular Sadness of Lemon Cake,Aimee Bender,3.24,4,302
6567,"Fire Study (Study, #3)",Maria V. Snyder,3.92,4,302
6568,"O is for Outlaw (Kinsey Millhone, #15)",Sue Grafton,3.97,4,302
6569,Heavier Than Heaven: A Biography of Kurt Cobain,Charles R. Cross,4.12,4,302
6570,Lady Windermere's Fan,Oscar Wilde,3.92,4,301
6571,Her One Mistake,Heidi Perks,3.90,4,301
6572,"Muse of Nightmares (Strange the Dreamer, #2)",Laini Taylor,4.42,4,301
6573,Fe Fi FOE Comes,William C. Samples,4.32,3,300
6574,Le Bourgeois Gentilhomme,Molière,3.71,4,300
6575,"Creatura (Creatura, #1)",Nely Cab,3.84,3,300
6576,Meditation on Space-Time,Leonard Seet,4.11,3,300
6577,His Black Wings,Astrid Yrigollen,3.67,3,300
6578,"Nocturne, Opus 1: Sea Foam",Norene Moskalski,3.75,3,300
6579,How to Find A Job: When There Are No Jobs A Necessary Job Search and Career Planning Guide for Today's Job Market (Find A Job Series),Paul Rega,3.70,3,300
6580,Silence of the Wolves (Call of the Wilderness #1),Hannah Pole,3.38,3,300
6581,"Leadership: Past, Present & Future",Carlos    Rivera,4.02,3,300
6582,"My Death Experiences - A Preacher’s 18 Apocalyptic Encounter with Death, Heaven & Hell.",Zion Odum,4.59,3,300
6583,"The Founder's Curse (New Zigon, #1)",Danelle O'Donnell,4.23,3,300
6584,Bound Anthology,J.M. Walker,4.30,3,300
6585,Hunters in the Snow,D.M. Thomas,3.76,3,300
6586,"The Alpha and the Omega: An absurd philosophical tale about God, the end of the world, and what's on the other planets",H.M. Charley Ada,3.69,3,300
6587,Seven Wakings,S.K. McCauley,3.81,3,300
6588,Politixworks,Chuck U. Farlie,4.62,3,300
6589,Kazungul,Marcus L. Lukusa,4.29,3,300
6590,The Journal,Jacqueline  Francis,4.10,3,300
6591,Handle with Care,Jodi Picoult,4.00,4,300
6592,THE COALFIELD EXPRESS,Susmit Sarkar,4.71,3,300
6593,The Kafir Project,Lee Burvine,3.98,3,300
6594,We Shall Not All Sleep,Estep Nagy,3.16,3,300
6595,"Grave Beginnings (The Grave Report, #1)",R.R. Virdi,4.23,3,300
6596,23:27,H.L. Roberts,3.95,3,300
6597,Equations of a Being: A being who gathered moss,Ashutosh Gupta,4.00,3,300
6598,Something Eternal,Joel T. McGrath,4.44,3,300
6599,Mars Base 1: A new discovery!,Bruce   Walker,4.50,3,300
6600,"Letters From The Universe: The Framework of Everything and a Cosmic Guidance to Love, Life and Beyond",Geo Douglas,4.34,3,300
6601,Her Beauty,M.R. Desmond,4.00,3,300
6602,Lights on the Sea,Miquel Reina,3.95,3,300
6603,Di undici foglie,Dino Olivieri,4.11,3,300
6604,"Spintecătorul Sorții (Cartea Oamenilor, #1)",Miruna Drăghici,4.50,3,300
6605,"Cursor's Fury (Codex Alera, #3)",Jim  Butcher,4.37,4,300
6606,"Summer Knight (The Dresden Files, #4)",Jim  Butcher,4.26,4,300
6607,"The Sapphire Eruption (The Sword's Choice, #1)",I.M. Redwright,4.18,3,300
6608,Christ Recrucified,Nikos Kazantzakis,4.33,4,300
6609,"Manage My Emotions: What I Wish I'd Learned in School about Anger, Fear and Love",Kenneth J. Martz,4.06,3,300
6610,If Shadows Could Tell: an Aurora Steller mystery novel,Granthana Sinha,4.01,3,300
6611,First Light (Globiuz #1),R.L.  Douglas,4.14,3,300
6612,Fateful Destiny: An Epic Struggle to Change the Course of American History,Marshall Anders,3.68,3,300
6613,Carbon Under Pressure,Meg  Heart,4.59,3,300
6614,My Dirty California,Jason Mosberg,3.93,3,300
6615,Leota's Garden,Francine  Rivers,4.13,3,299
6616,Eva Luna,Isabel Allende,4.00,4,299
6617,Inside Out,Strider Marcus Jones,4.42,3,299
6618,Bloodlands: Europe Between Hitler and Stalin,Timothy Snyder,4.39,4,299
6619,"Love, Aubrey",Suzanne LaFleur,4.22,4,299
6620,AfterTastes and Tales from Russia,Jake Danishevsky,4.24,3,299
6621,"My Ishmael (Ishmael, #3)",Daniel Quinn,4.11,3,299
6622,Songs from the Phenomenal Nothing,Steven Luna,4.26,3,299
6623,"The Dragon's Heart (Dragon Lore, #1)",Eden Ashe,4.01,3,299
6624,"Breaking Kate (Acceptance, #1)",D. Kelly,3.90,3,299
6625,Child of the Erinyes Collection: The Bronze Age (The Child of the Erinyes #1-3),Rebecca Lochlann,4.60,3,299
6626,"Crucial Lessons (Brothers LaFon, #1)",Joseph Lance Tonlet,3.80,3,299
6627,Once,Morris Gleitzman,4.23,3,299
6628,Second Chances,Lincoln Cole,4.37,3,299
6629,"The Dark Heart (Les Fées: The French Fae Legend, #2)",Emma V. Leech,4.40,3,299
6630,The Beech Tree,Don  Phelan,4.13,3,299
6631,"Exile for Dreamers (Stranje House, #2)",Kathleen Baldwin,4.14,3,299
6632,"Leather Pants (Happy Pants, #2)",Mimi Jean Pamfiloff,4.13,3,299
6633,Any Human Heart,William  Boyd,4.28,3,299
6634,"Amelia, the Merballs and the Emerald Cannon (Amelia's Amazing Space Adventures, #3)",Evonne Blanchard,4.44,3,299
6635,"All My Love, Jesus: Personal Reminders From the Heart of God",Ron Lambros,4.57,3,299
6636,"No Pressure, No Diamonds: Mining for Gifts in Illness and Loss",Teri A. Dillion,4.70,3,299
6637,جاسوس من أجل لا أحد   . ستة عشر عاماً في المخابرات السورية,صنيب، باسل محمد روحي. ‏باسل محمد روحي صنيب.,3.98,3,299
6638,Dragons Don't Dance Ballet,Jennifer Carson,4.39,3,299
6639,"Horn-Horn (Horn-Horn, #1)",A.D.T. McLellan,4.62,3,299
6640,We Are Bridges: A Memoir,Cassandra Lane,4.02,3,299
6641,Mindful Self-Discipline: Living with Purpose and Achieving Your Goals in a World of Distractions,Giovanni Dienstmann,4.32,3,299
6642,Think Fast or Die,Simon W. Clark,4.16,3,299
6643,"Raven Black (Shetland Island, #1)",Ann Cleeves,3.96,4,299
6644,The Astonishing Color of After,Emily X.R. Pan,4.05,4,299
6645,The Orchid Thief,Susan Orlean,3.67,4,299
6646,"Interstellar Pig (Interstellar Pig, #1)",William Sleator,3.90,5,298
6647,Andersonville,MacKinlay Kantor,4.10,4,298
6648,Joshua: A Parable for Today,Joseph F. Girzone,4.01,4,298
6649,"Theft of Swords (The Riyria Revelations, #1-2)",Michael J. Sullivan,4.23,3,298
6650,The Conquest of Happiness,Bertrand Russell,4.02,3,298
6651,The Book of Ebenezer Le Page,G.B. Edwards,4.26,3,298
6652,Dermaphoria,Craig Clevenger,3.78,4,298
6653,"Crushed (Rushed, #2)",Gina Robinson,4.01,3,298
6654,The Shock of the New,Robert Hughes,3.75,3,298
6655,Moment,Lisa Terry,3.89,3,298
6656,Weird Girl and What's His Name,Meagan Brothers,3.47,3,298
6657,"A School for Unusual Girls (Stranje House, #1)",Kathleen Baldwin,3.89,3,298
6658,"Amelia, the Moochins and the Sapphire Palace (Amelia's Amazing Space Adventures, #1)",Evonne Blanchard,4.52,3,298
6659,Enough: Silencing the Lies That Steal Your Confidence,Sharon Jaynes,4.31,3,298
6660,"The Stone Sky (The Broken Earth, #3)",N.K. Jemisin,4.34,4,298
6661,Callasandra Fractured,Stephanie Douglas,4.16,3,298
6662,Una Historia de Ayer,Sergio Cobo,4.54,3,298
6663,Headhunters,Jo Nesbø,3.80,4,298
6664,The Bench,Joel Elston,4.44,3,298
6665,The Sealed Nectar | Biography of Prophet Muhammad,Safiur Rahman Mubarakpuri,4.61,3,298
6666,Spy... for Nobody!: Sixteen Years in the Syrian Intelligence,Basel Saneeb,3.98,3,298
6667,Karma: A Yogi's Guide to Crafting Your Destiny,Sadhguru,4.30,3,298
6668,The Museum of Extraordinary Things,Alice Hoffman,3.77,4,298
6669,The Bookstore Sisters,Alice Hoffman,4.00,3,298
6670,"Unnatural Exposure (Kay Scarpetta, #8)",Patricia Cornwell,4.07,4,298
6671,Star Wars: The Truce at Bakura,Kathy Tyers,3.46,3,298
6672,"Jade City (The Green Bone Saga, #1)",Fonda Lee,4.08,3,298
6673,The Moonflower Vine,Jetta Carleton,3.95,4,297
6674,The Demolished Man,Alfred Bester,3.97,5,297
6675,I Have Lived A Thousand Years: Growing Up In The Holocaust,Livia Bitton-Jackson,4.19,3,297
6676,"A Job From Hell (Ancient Legends, #1)",Jayde Scott,3.57,3,297
6677,"Hallowed (Unearthly, #2)",Cynthia Hand,4.09,4,297
6678,"Poseidon’s Children (The Legacy of the Gods, #1)",Michael  West,3.53,3,297
6679,The Devil's Bane,Lane Diamond,3.67,3,297
6680,Lucky Man,Michael J. Fox,4.07,4,297
6681,The Signature of All Things,Elizabeth Gilbert,3.88,5,297
6682,Animals in Translation: Using the Mysteries of Autism to Decode Animal Behavior (A Harvest Book),Temple Grandin,4.15,3,297
6683,"Mirage Beyond Flames (Coriola, #1)",Melinda De Ross,4.33,3,297
6684,"The Trouble with Playing Cupid (Cupid, #1)",Tamara Philip,4.03,3,297
6685,Napoleon: A Life,Andrew Roberts,4.24,3,297
6686,"Grave Measures (The Grave Report, #2)",R.R. Virdi,4.51,3,297
6687,"The Exact Opposite of Okay (Izzy O'Neill, #1)",Laura Steven,4.00,3,297
6688,Rejuvenaging: The Art and Science of Growing Older with Enthusiasm,Ron Kaiser,4.65,3,297
6689,Deep and Dirty: A Novel,Douglas Dell,4.58,3,297
6690,Addressed To Her: A Short Story,Granthana Sinha,4.83,3,297
6691,Euripides V: Electra / The Phoenician Women / The Bacchae,Euripides,4.18,4,297
6692,"Warping Minds & Other Misdemeanors (The Guild Codex: Warped, #1)",Annette Marie,4.23,3,297
6693,"Dead Simple (Roy Grace, #1)",Peter James,4.06,4,297
6694,"Dead Man's Folly (Hercule Poirot, #35)",Agatha Christie,3.82,4,297
6695,Pledge (The Sefaeran Bond Trilogy Book 1),Eleanor  Rose,3.84,3,297
6696,"The Scions of Shannara (Heritage of Shannara, #1)",Terry Brooks,4.01,4,296
6697,Musashi,Eiji Yoshikawa,4.47,4,296
6698,If You Give a Mouse a Cookie,Laura Joffe Numeroff,4.29,6,296
6699,"The Mission, the Men, and Me: Lessons from a Former Delta Force Commander",Pete Blaber,4.33,3,296
6700,"The Eighty-Dollar Champion: Snowman, the Horse That Inspired a Nation",Elizabeth Letts,4.22,3,296
6701,The Mind Shaman,Luca Bosurgi,3.47,3,296
6702,"This Land Of Streams: Spiritual, Friendship, Romantic and World Event Poems",Maria Johnsen,5.00,3,296
6703,Optimal Living 360: Smart Decision Making for a Balanced Life,Sanjay Jain,3.22,3,296
6704,"The Broken Window (Lincoln Rhyme, #8)",Jeffery Deaver,4.10,4,296
6705,'Salem's Lot,Stephen        King,4.10,4,296
6706,Peter: The Untold True Story,Christopher Daniel Mechling,3.77,3,296
6707,"Aegis Rising (The Aegis League, #1)",S.S. Segran,3.60,3,296
6708,Day 362,Mark D.  Campbell,4.10,3,296
6709,"Amelia, the Venutons and the Golden Cage (Amelia's Amazing Space Adventures, #2)",Evonne Blanchard,4.44,3,296
6710,JUDGES: When The Light Lay Still,Charles J. Eskew,3.40,3,296
6711,Leo Gray and the Lunar Eclipse,K.J. Kruk,4.29,3,296
6712,The President Is Missing,Bill Clinton,3.85,4,296
6713,Normal People,Sally Rooney,3.81,3,296
6714,This Kind of War: A Study in Unpreparedness,T.R. Fehrenbach,4.17,3,296
6715,Empress Dowager Cixi: The Concubine Who Launched Modern China,Jung Chang,3.90,3,296
6716,Men Who Hate Women,Laura Bates,4.34,3,296
6717,Unaccustomed Earth,Jhumpa Lahiri,4.13,6,295
6718,Daniel Deronda,George Eliot,3.86,4,295
6719,Cemetery Street,John Zunski,4.14,3,295
6720,The Rebel,Albert Camus,4.14,4,295
6721,"Logan's Story (Sand & Clay, #0.5)",Sarah  Robinson,3.93,3,295
6722,World Peace: The Voice of a Mountain Bird,Amit Ray,4.59,3,295
6723,"The Weaver of Odds (Vivian Amberville, #1)",Louise Blackwick,4.28,3,295
6724,A Theory of Justice,John Rawls,3.95,4,295
6725,From Riches to Rags,Jaclyn Howell,4.78,3,295
6726,Gift of the Fox,Tamuna Tsertsvadze,4.62,3,295
6727,A Newborn Business: Esports,Zoltan Andrejkovics,4.28,3,295
6728,Betrayal,Tim Tigner,4.04,3,295
6729,A Script for Aspiring Women Leaders: 5 Keys to Success,Mark Villareal,4.24,3,295
6730,Finding Your Element: How to Discover Your Talents and Passions and Transform Your Life,Ken Robinson,3.81,4,295
6731,"Prodigal Son (Dean Koontz's Frankenstein, #1)",Dean Koontz,4.03,4,295
6732,"Our Vietnam Wars: As Told by 100 Veterans Who Served (Our Vietnam Wars, #1)",William F.    Brown,4.04,3,295
6733,"Change Your Brain, Change Your Life: The Breakthrough Program for Conquering Anxiety, Depression, Obsessiveness, Anger, and Impulsiveness",Daniel G. Amen,3.97,3,295
6734,"Forever in Blue: The Fourth Summer of the Sisterhood (Sisterhood, #4)",Ann Brashares,3.82,5,295
6735,Five Chimneys: A Woman Survivor's True Story of Auschwitz,Olga Lengyel,4.41,4,294
6736,The World Peace Diet: Eating for Spiritual Health and Social Harmony,Will Tuttle,4.22,3,294
6737,Les Miserables,Claude-Michael Schonberg,4.44,9,294
6738,The Passion,Jeanette Winterson,4.11,3,294
6739,Heaven Has No Favorites,Erich Maria Remarque,4.26,3,294
6740,"Cinema of Shadows (Harmony, Indiana, #2)",Michael  West,3.75,3,294
6741,Five Smooth Stones,Ann Fairbairn,4.43,3,294
6742,"Interview with a Master (Interview with a Master, #1)",Jason Luke,3.95,3,294
6743,"Sanctuary (The Keeper, #4)",O.L. Ramos,4.42,3,294
6744,A Memory Worth Dying For,Joanie Bruce,4.33,3,294
6745,The Threepenny Opera,Bertolt Brecht,3.88,4,294
6746,"Tainted Pictures (Photographer Trilogy, #2)",Sarah  Robinson,4.26,3,294
6747,Love & Misadventure,Lang Leav,3.93,3,294
6748,Kira-Kira,Cynthia Kadohata,3.97,3,294
6749,"Dangerous Ways (The Books of Winter, #1)",R.R. Virdi,4.69,3,294
6750,Project Terror,Jamal Lewis,4.22,3,294
6751,Revel,Michael Indemaio,4.57,3,294
6752,SAV RAKARA,Juddy Anderson C. Punzalan,4.64,3,294
6753,The Seven Husbands of Evelyn Hugo,Taylor Jenkins Reid,4.40,3,294
6754,"Original Sin (Adam Dalgliesh, #9)",P.D. James,3.91,4,294
6755,Korean War: A History From Beginning to End,Hourly History,3.82,3,294
6756,Cadillac Desert: The American West and Its Disappearing Water,Marc Reisner,4.28,4,293
6757,Ryan White: My Own Story,Ryan White,4.29,4,293
6758,Texas,James A. Michener,4.11,4,293
6759,The Spirit Level: Why More Equal Societies Almost Always Do Better,Richard G. Wilkinson,4.13,3,293
6760,The Good Soldier: A Tale of Passion,Ford Madox Ford,3.68,4,293
6761,No Easy Day: The Firsthand Account of the Mission That Killed Osama Bin Laden,Mark Owen,4.03,4,293
6762,"Tarzan, Volume One (Tarzan, #1-2)",Edgar Rice Burroughs,4.11,4,293
6763,Strangers,Dean Koontz,4.02,3,293
6764,الرحيق المختوم,Safiur Rahman Mubarakpuri,4.61,3,293
6765,"Alana Candler, Marked for Murder",Joanie Bruce,4.41,3,293
6766,Crossing's Redemption (Crossing #4),Carrie Daws,4.59,3,293
6767,This Star Won't Go Out: The Life and Words of Esther Grace Earl,Esther Earl,4.14,3,293
6768,Roses And Chocolates: A True Love Story in World War II,Maria Johnsen,4.35,3,293
6769,Strike of Lightning,M.F.C. Assoum,4.59,3,293
6770,The Strange and Beautiful Sorrows of Ava Lavender,Leslye Walton,4.03,4,293
6771,The Summer Letters,Elyse Douglas,4.37,3,293
6772,Discovery of a Hidden Castle (A Gypsy Curse #1),Julie-Anne Gamble,4.40,3,293
6773,چراغ‌ها را من خاموش می‌کنم,Zoya Pirzad,3.60,3,293
6774,"Wild Magic (Immortals, #1)",Tamora Pierce,4.31,4,293
6775,Crossing Tinker's Knob,Inglath Cooper,4.15,3,293
6776,Your Money or Your Life,Joe Dominguez,3.99,4,293
6777,"Boy Erased: A Memoir of Identity, Faith, and Family",Garrard Conley,3.62,3,293
6778,"To Sleep in a Sea of Stars (Fractalverse, #1)",Christopher Paolini,3.80,3,293
6779,"Bullet (Anita Blake, Vampire Hunter, #19)",Laurell K. Hamilton,3.87,3,293
6780,John: A Biography,Cynthia Lennon,4.12,4,292
6781,The Heretic's Daughter,Kathleen Kent,3.79,5,292
6782,Shadow Divers,Robert Kurson,4.36,3,292
6783,Moon Over Manifest,Clare Vanderpool,4.04,3,292
6784,Deadline,Chris Crutcher,3.93,3,292
6785,"Eagle Strike (Alex Rider, #4)",Anthony Horowitz,4.12,3,292
6786,"Sharp Change (Black Meadow Pack, #1)",Milly Taiden,3.92,3,292
6787,The Rescue,Nicholas Sparks,4.13,4,292
6788,Corduroy,Don Freeman,4.33,4,292
6789,"Rock Notes (Heartbeat, #1)",Renee Lee Fisher,3.66,3,292
6790,Romancing Melody (Crossing #3),Carrie Daws,4.52,3,292
6791,The Afternoon When She Died,Maria Johnsen,4.46,3,292
6792,The Lowland,Jhumpa Lahiri,3.87,3,292
6793,The Road to Wigan Pier,George Orwell,3.91,4,292
6794,Reasons to Stay Alive,Matt Haig,4.07,3,292
6795,La bibliotecaria de Auschwitz,Antonio Iturbe,4.15,3,292
6796,The World of Yesterday,Stefan Zweig,4.51,3,292
6797,Kill Irish,Mayi Ngwala,4.61,3,292
6798,The Red Hand,Michael Stephen Daigle,4.46,3,292
6799,Get Rich in Real Estate: Your Step-by-Step Guide to Acquiring Properties in NYC,Elliot Bogod,4.44,3,292
6800,Blacktop Wasteland,S.A. Cosby,4.07,3,292
6801,Here To Stay,Mark  Edwards,4.00,3,292
6802,Tom and G.E.R.I.,C.A. Knutsen,4.29,3,292
6803,"Fatal Voyage (Temperance Brennan, #4)",Kathy Reichs,4.05,4,292
6804,We Help Mommy,Jean Cushman,4.41,3,292
6805,"The Eternity Code (Artemis Fowl, #3)",Eoin Colfer,4.05,4,291
6806,Gone,Julie Elizabeth Powell,4.26,3,291
6807,The Cahokian,Zoe Saadia,3.94,3,291
6808,The Snowman,Raymond Briggs,4.26,4,291
6809,Wise and Otherwise,Sudha Murty,4.02,3,291
6810,Danny and the Dinosaur,Syd Hoff,4.03,3,291
6811,"Spook House (Harmony, Indiana, #3)",Michael  West,3.83,3,291
6812,Le Malade imaginaire,Molière,3.62,4,291
6813,Shahnameh: The Persian Book of Kings,Abolqasem Ferdowsi,4.51,3,291
6814,The Holy Bible,Anonymous,4.44,3,291
6815,The Man Who Laughs,Victor Hugo,4.24,3,291
6816,Superforecasting: The Art and Science of Prediction,Philip E. Tetlock,4.08,3,291
6817,A Three Course Meal for the Mind,Renée Paule,4.63,3,291
6818,"O Jerusalem (Mary Russell and Sherlock Holmes, #5)",Laurie R. King,4.13,4,291
6819,Dark Guardian,Ammar Habib,4.21,3,291
6820,Zodiac Circle,Tamuna Tsertsvadze,4.94,3,291
6821,"Layman's Handbook, A journey to SELF",Aidan  Mc Nally,4.40,3,291
6822,"Henry and June: The Unexpurgated Diary of Anaïs Nin, 1931-1932",Anaïs Nin,3.93,4,291
6823,"The Oldest Dance (Wisdom Revolution, #2)",Misba,4.71,3,291
6824,"Sorry I'm Late, I Didn't Want to Come: An Introvert's Year of Living Dangerously",Jessica Pan,3.88,3,291
6825,When God Whispers Your Name,Max Lucado,4.27,4,290
6826,Like the Flowing River,Paulo Coelho,3.91,3,290
6827,The Consolations of Philosophy,Alain de Botton,4.01,5,290
6828,Novecento. Un monologo,Alessandro Baricco,4.18,4,290
6829,The Modern Man: A philosophical divagation about the evil banality of daily acts,Cristiane Serruya,3.96,3,290
6830,"Love Notes (Heartbeat, #2)",Renee Lee Fisher,4.26,3,290
6831,Die Macht Des Marketing: Tipps Um Mit Ihrem Online Business Höhere Profite Einzufahren,Maria Johnsen,4.86,3,290
6832,September Ends,Hunter S. Jones,4.01,3,290
6833,The Knowledge of the Holy,A.W. Tozer,4.40,3,290
6834,"Need (Finding Anna, #2)",Sherri Hayes,4.10,3,290
6835,Veterans of the Psychic Wars,Wayne Gerard Trotman,3.77,3,290
6836,"God's Promises For You: Divine Promises and Affirmations For Your Success, All-round Prosperity and Total Well-being",Theo John Paul,3.50,3,290
6837,The Street of Crocodiles,Bruno Schulz,3.99,3,290
6838,Heresy: A guide to Challenge Your Beliefs!™ and create happiness in your life,AnaMaria Rivera,4.81,3,290
6839,Passionate Intention,Belinda Vale,4.43,3,290
6840,Reading People: How Seeing the World through the Lens of Personality Changes Everything,Anne Bogel,3.70,4,290
6841,The State and Revolution,Vladimir Lenin,4.25,4,289
6842,Kabul Beauty School: An American Woman Goes Behind the Veil,Deborah Rodriguez,3.67,4,289
6843,How to Be Good,Nick Hornby,3.22,3,289
6844,"Some Girls Bite (Chicagoland Vampires, #1)",Chloe Neill,3.98,4,289
6845,"The Boy in the Suitcase (Nina Borg, #1)",Lene Kaaberbøl,3.62,3,289
6846,"So B. It (So B. It, #1)",Sarah Weeks,4.12,3,289
6847,Circles,Ruby Standing Deer,4.03,3,289
6848,iBoy,Kevin Brooks,3.57,3,289
6849,Dreamz (Wunder #0.5),A.R. Von,4.40,3,289
6850,"Belonging (Temptation, #2)",Karen Ann Hopkins,3.99,3,289
6851,"The Legend of the Blue Eyes (Blue Eyes Trilogy, #1)",B. Kristin McMichael,3.85,3,289
6852,"Truth (Finding Anna, #3)",Sherri Hayes,4.14,3,289
6853,Daytripper,Fábio Moon,4.33,3,289
6854,मृत्युंजय,Shivaji Sawant,4.52,3,289
6855,As You Like It,William Shakespeare,3.81,4,289
6856,Meditation: Insights and Inspirations,Amit Ray,4.72,3,289
6857,Trailer Trash: an '80s Memoir,Angie Cavallari,4.09,3,289
6858,"Mostly Harmless (Hitchhiker's Guide to the Galaxy, #5)",Douglas Adams,3.96,3,289
6859,"From Blood and Ash (Blood and Ash, #1)",Jennifer L. Armentrout,4.22,4,289
6860,What Color Is Your Parachute? A Practical Manual for Job-Hunters and Career-Changers,Richard Nelson Bolles,3.71,3,289
6861,Turning Pro,Steven Pressfield,4.15,4,289
6862,The Light We Lost,Jill Santopolo,3.84,3,289
6863,"The Sleeping Doll (Kathryn Dance, #1)",Jeffery Deaver,3.95,3,289
6864,"Stalker (Joona Linna, #5)",Lars Kepler,4.14,4,289
6865,The Art of Gathering: How We Meet and Why It Matters,Priya Parker,3.97,4,289
6866,"Succubus Blues (Georgina Kincaid, #1)",Richelle Mead,3.94,4,288
6867,"The Jaguar Warrior (Pre-Aztec Series, #2)",Zoe Saadia,4.33,3,288
6868,The Good Women of China: Hidden Voices,Xinran,4.31,3,288
6869,"Conversations with God: An Uncommon Dialogue, Book 1",Neale Donald Walsch,4.21,4,288
6870,Time and Again: Time Was / Times Change,Nora Roberts,3.79,4,288
6871,Radical: Taking Back Your Faith from the American Dream,David     Platt,4.18,3,288
6872,"Desert Rice (Desert, #1)",Angela  Scott,4.31,3,288
6873,Shadows of Forgotten Ancestors,Carl Sagan,4.26,3,288
6874,Creating Monsters,Christopher Rankin,3.57,3,288
6875,The Sunset Limited,Cormac McCarthy,3.99,3,288
6876,"Forever (Temptation, #3)",Karen Ann Hopkins,4.00,3,288
6877,Freelancing And Outsourcing-How to Outsource Excessive Workload,Maria Johnsen,4.93,3,288
6878,"The Oath of the Vayuputras (Shiva Trilogy, #3)",Amish Tripathi,3.84,3,288
6879,"Her Forbidden Rockstar (Sand & Clay, #1)",Sarah  Robinson,3.57,3,288
6880,"Trust (Finding Anna, #4)",Sherri Hayes,4.15,3,288
6881,The Hen Who Dreamed She Could Fly,Sun-mi Hwang,3.98,3,288
6882,The Future of Artificial Intelligence in Digital Marketing,Maria Johnsen,4.84,3,288
6883,Caught,Harlan Coben,4.01,3,288
6884,"The Falls (Inspector Rebus, #12)",Ian Rankin,4.04,3,288
6885,"Bunny (Bunny, #1)",Mona Awad,3.48,3,288
6886,The Portable Atheist: Essential Readings for the Nonbeliever,Christopher Hitchens,4.03,3,287
6887,"Starters (Starters, #1)",Lissa Price,3.88,3,287
6888,"Lover Revealed (Black Dagger Brotherhood, #4)",J.R. Ward,4.28,4,287
6889,Skull Full of Kisses,Michael  West,4.16,3,287
6890,"Cross My Heart and Hope to Spy (Gallagher Girls, #2)",Ally Carter,4.14,3,287
6891,गोदान [Godaan],Munshi Premchand,4.41,3,287
6892,"Dissever (Unbinding Fate, #1)",Colee Firman,3.85,3,287
6893,La Mécanique du cœur,Mathias Malzieu,3.59,4,287
6894,Ending the Curse (A Gypsy Curse #2),Julie-Anne Gamble,4.25,3,287
6895,"Christian Warrior Women: A Guide to Taking Back Your Faith, Family & Future (Christian Warrior Women Series Book 1)",Lisa Hawkins,4.51,3,287
6896,Fish in a Tree,Lynda Mullaly Hunt,4.26,3,287
6897,"New Spring (The Wheel of Time, #0)",Robert Jordan,4.07,3,287
6898,God’s So Great!!! It’s a Storm Without God… It’s the Perfect Journey When You Know the Name of Jesus Is Guaranteed!!!: My Life Testimony: There’s No Excuse to Not Be Who You Want to Be…,Larry Taylor,4.26,3,287
6899,"A Wanted Man (Jack Reacher, #17)",Lee Child,4.06,3,287
6900,"Lair of Dreams (The Diviners, #2)",Libba Bray,4.11,3,287
6901,"The Snake, the Crocodile and the Dog (Amelia Peabody, #7)",Elizabeth Peters,4.22,3,287
6902,"Perfect (Pretty Little Liars, #3)",Sara Shepard,3.94,4,287
6903,"The ​Crown of Gilded Bones (Blood and Ash, #3)",Jennifer L. Armentrout,4.16,3,287
6904,Bad Pharma: How Drug Companies Mislead Doctors and Harm Patients,Ben Goldacre,4.10,3,287
6905,The Consolation of Philosophy,Boethius,4.04,5,286
6906,The Winner Stands Alone,Paulo Coelho,3.39,3,286
6907,The Cave,José Saramago,3.89,3,286
6908,"Red Zone (Daniels Brothers, #2)",Sherri Hayes,3.98,3,286
6909,"The End of The Computer (Thunder Valley Trilogy, #1)",Andre Mikhailovich Solonitsyn,3.97,3,286
6910,I Must Say: My Life as a Humble Comedy Legend,Martin  Short,4.12,3,286
6911,"Clockwork Angel; Clockwork Prince; Clockwork Princess (The Infernal Devices, #1-3)",Cassandra Clare,4.66,4,286
6912,Night That Jimi Died,Darragh J Brady,4.81,3,286
6913,The Grim Reaper,William Hanna,4.34,3,286
6914,Mudflap: The Gloves Come Off (Mudflap #2),Jay Alden Bailey,3.94,3,286
6915,"Dragonsinger (Harper Hall, #2)",Anne McCaffrey,4.30,3,286
6916,Snowed in with the Boss (Love with the Boss #1),Chase St. Clare,3.72,3,286
6917,Esio Trot,Roald Dahl,3.74,3,285
6918,"Once and Always (Sequels, #1)",Judith McNaught,4.17,4,285
6919,Fate's Wish,Milly Taiden,3.79,3,285
6920,Kensuke's Kingdom,Michael Morpurgo,4.13,3,285
6921,The Telling,Ursula K. Le Guin,3.98,4,285
6922,"Abandon (Abandon, #1)",Meg Cabot,3.69,4,285
6923,"Five Little Pigs (Hercule Poirot, #25)",Agatha Christie,4.03,4,285
6924,Eulogy,D.T. Conklin,3.92,3,285
6925,Baltasar and Blimunda,José Saramago,3.93,4,285
6926,Crossing the Line (Daniels Brothers #3),Sherri Hayes,4.04,3,285
6927,El árbol de la ciencia,Pío Baroja,3.66,3,285
6928,"The Hunger Games (The Hunger Games, #1)",Suzanne Collins,4.34,4,285
6929,Dyed Souls,Gary Santorella,4.30,3,285
6930,"66 Metres (Nadia Laksheva Spy Thriller, #1)",J.F. Kirwan,4.21,3,285
6931,F*ck Feelings: One Shrink's Practical Advice for Managing All Life's Impossible Problems,Michael I. Bennett,3.46,4,285
6932,The Gone World,Tom Sweterlitsch,3.93,4,285
6933,Not a Happy Family,Shari Lapena,3.79,3,285
6934,We Were Never Here,Andrea Bartz,3.50,3,285
6935,Pledge: The Darker Bond Edition,Eleanor Rose,5.00,3,285
6936,"Hearing the Voice of the Lord: Principles and Patterns of Personal Revelation (Divine Guidance, #1)",Gerald N. Lund,4.39,3,284
6937,Awareness: The Perils and Opportunities of Reality,Anthony de Mello,4.29,3,284
6938,How the Mind Works,Steven Pinker,3.99,3,284
6939,American on Purpose: The Improbable Adventures of an Unlikely Patriot,Craig Ferguson,3.93,3,284
6940,Hot Sinatra,Axel Howerton,4.49,3,284
6941,Birds Without Wings,Louis de Bernières,4.16,3,284
6942,Crossing Values (Crossing #1),Carrie Daws,4.37,3,284
6943,"Behind Closed Doors (Daniels Brothers, #1)",Sherri Hayes,3.95,3,284
6944,The Bridges of Constantine,Ahlam Mosteghanemi,3.81,3,284
6945,Death on the Installment Plan,Louis-Ferdinand Céline,4.21,3,284
6946,"Ama Dios (4 AoL Consciousness Books Combined, #111)",Nataša Pantović,5.00,3,284
6947,"Kingdom of Embers (Kingdom Journals, #1)",Tricia Copeland,3.89,3,284
6948,Way Station,Clifford D. Simak,4.03,3,284
6949,"Killman Creek (Stillhouse Lake, #2)",Rachel Caine,4.24,3,284
6950,Galaxy Pirates,Tamuna Tsertsvadze,4.38,3,284
6951,"Naked Heat (Nikki Heat, #2)",Richard Castle,3.79,4,284
6952,The Iridescence of Birds: A Book About Henri Matisse,Patricia MacLachlan,4.05,3,284
6953,"The Body Finder (The Body Finder, #1)",Kimberly Derting,3.94,4,284
6954,"Throne of Glass (Throne of Glass, #1)",Sarah J. Maas,4.18,3,284
6955,"The Faithful Spy (John Wells, #1)",Alex Berenson,4.02,3,284
6956,"Broken Harbor (Dublin Murder Squad, #4)",Tana French,3.95,4,284
6957,"From Potter's Field (Kay Scarpetta, #6)",Patricia Cornwell,4.06,4,284
6958,Pledge: Daylight Edition,Eleanor  Rose,5.00,3,284
6959,Double Indemnity,James M. Cain,4.06,4,283
6960,Better: A Surgeon's Notes on Performance,Atul Gawande,4.25,4,283
6961,"The Assassin's Blade (Throne of Glass, #0.1-0.5)",Sarah J. Maas,4.21,4,283
6962,"The Hunger Games (The Hunger Games, #1)",Suzanne Collins,4.34,4,283
6963,The Jane Austen Book Club,Karen Joy Fowler,3.10,3,283
6964,"They Do It With Mirrors (Miss Marple, #5)",Agatha Christie,3.78,4,283
6965,"The Fifth Woman (Kurt Wallander, #6)",Henning Mankell,4.04,3,283
6966,"Broken Prince (The Royals, #2)",Erin Watt,3.97,3,283
6967,By Your Side,Kasie West,3.86,3,283
6968,"An Unfinished Life: John F. Kennedy, 1917-1963",Robert Dallek,3.98,3,283
6969,The Marriage Lie,Kimberly Belle,3.94,4,283
6970,"The Other Queen (The Plantagenet and Tudor Novels, #15)",Philippa Gregory,3.70,3,283
6971,"Badass Habits: Cultivate the Awareness, Boundaries, and Daily Upgrades You Need to Make Them Stick",Jen Sincero,3.77,3,283
6972,Pledge: Darker Bond Edition,Eleanor  Rose,5.00,3,283
6973,"Destined (House of Night, #9)",P.C. Cast,4.03,3,283
6974,"Dark Age (Red Rising Saga, #5)",Pierce Brown,4.49,3,283
6975,Under the Net,Iris Murdoch,3.77,5,282
6976,The Society of the Spectacle,Guy Debord,4.03,4,282
6977,He Still Moves Stones: Everyone Needs a Miracle,Max Lucado,4.31,3,282
6978,"Magician: Apprentice (The Riftwar Saga, #1)",Raymond E. Feist,4.17,5,282
6979,In the Sea There are Crocodiles: Based on the True Story of Enaiatollah Akbari,Fabio Geda,4.00,3,282
6980,To Build a Fire,Jack  London,3.98,4,282
6981,A Chance to Die: The Life and Legacy of Amy Carmichael,Elisabeth Elliot,4.08,3,282
6982,The Daughter of Ares Chronicles:  The Complete Trilogy,Shannon McRoberts,4.64,3,282
6983,Politics,Aristotle,3.98,4,282
6984,Memoirs of a Dutiful Daughter,Simone de Beauvoir,4.13,4,282
6985,The Old Man Who Read Love Stories,Luis Sepúlveda,3.93,5,282
6986,Agency Rules - Never an Easy Day at the Office,Khalid Muhammad,4.16,3,282
6987,Declutter Now!: Uncovering the Hidden Joy and Freedom in Your Life,Sherry Gareis,4.08,3,282
6988,From Hell,Alan             Moore,4.19,4,282
6989,"Tokyo Ghoul, Tome 1 (Tokyo Ghoul, #1)",Sui Ishida,4.40,3,282
6990,Harnessing Heaven: How One Reluctant Wall-Streeter Tapped the Power of the Hereafter,Clifford Michaels,4.20,3,282
6991,A Night Divided,Jennifer A. Nielsen,4.34,3,282
6992,"The Gathering Storm (The Wheel of Time, #12)",Robert Jordan,4.43,3,282
6993,Emilia Galotti,Gotthold Ephraim Lessing,2.92,3,282
6994,Primed For Revenge,Carolyn M. Bowen,4.14,3,282
6995,E-Squared: Nine Do-It-Yourself Energy Experiments That Prove Your Thoughts Create Your Reality,Pam Grout,3.91,3,282
6996,Lilly's Purple Plastic Purse,Kevin Henkes,4.20,3,282
6997,Living to Tell the Tale,Gabriel García Márquez,4.03,4,282
6998,"Me and White Supremacy: Combat Racism, Change the World, and Become a Good Ancestor",Layla F. Saad,4.34,3,282
6999,"Children of God (The Sparrow, #2)",Mary Doria Russell,4.09,4,281
7000,"The Penderwicks: A Summer Tale of Four Sisters, Two Rabbits, and a Very Interesting Boy (The Penderwicks, #1)",Jeanne Birdsall,4.19,4,281
7001,The Oath,Frank E. Peretti,4.07,3,281
7002,1421: The Year China Discovered America,Gavin Menzies,3.61,4,281
7003,"Caps for Sale: A Tale of a Peddler, Some Monkeys and Their Monkey Business",Esphyr Slobodkina,4.17,3,281
7004,"Peeps (Peeps, #1)",Scott Westerfeld,3.78,3,281
7005,The Discovery of Heaven,Harry Mulisch,4.17,3,281
7006,"Thirteen (Women of the Otherworld, #13)",Kelley Armstrong,4.31,3,281
7007,Thou Art That: Transforming Religious Metaphor,Joseph Campbell,4.31,3,281
7008,Kisses from Katie,Katie Davis Majors,4.39,3,281
7009,The Buddha in the Attic,Julie Otsuka,3.70,5,281
7010,Status of Women in Islam,Yusuf Al-Hajj Ahmad,4.48,3,281
7011,The Makings of a Fatherless Child,Chandler Alexander,3.97,3,281
7012,"Everything We Keep (Everything, #1)",Kerry Lonsdale,3.88,3,281
7013,Don't Let Go,Harlan Coben,4.05,3,281
7014,"What Have You Done (Adler and Dwyer, #0.5)",Matthew Farrell,3.91,3,281
7015,Man of the Year,Caroline Louise Walker,3.50,3,281
7016,Normal People,Sally Rooney,3.81,3,281
7017,Earth-chan and Friends,Tamuna Tsertsvadze,4.67,3,281
7018,Metaphysics of Sound,Nataša Pantović,4.93,3,281
7019,The Passenger,Lisa Lutz,3.72,3,281
7020,Katherine Swynford: The Story of John of Gaunt and His Scandalous Duchess,Alison Weir,3.86,3,281
7021,"Third Girl (Hercule Poirot, #40)",Agatha Christie,3.69,4,281
7022,Poems from Still Waters Running Deep,Emma McClain,4.29,3,281
7023,Kyne: Millionaire Monster Daddies Book Three,August St. Clare,4.63,3,281
7024,More Happy Than Not,Adam Silvera,3.96,4,281
7025,"The Gashlycrumb Tinies (The Vinegar Works, #1)",Edward Gorey,4.08,3,280
7026,The Lover's Dictionary,David Levithan,3.86,3,280
7027,A Kestrel for a Knave,Barry Hines,4.06,3,280
7028,"Night World, No. 1 (Night World, #1-3)",L.J. Smith,4.06,4,280
7029,Sylvester and the Magic Pebble,William Steig,4.16,4,280
7030,Chaos: Making a New Science,James Gleick,4.04,7,280
7031,The Deal: A Prequel of Marriage by Law,N.K. Pockett,4.41,3,280
7032,"Words of Radiance (The Stormlight Archive, #2)",Brandon Sanderson,4.76,3,280
7033,When the Reaper Comes,John L. DeBoer,4.13,3,280
7034,The Grey Woods,J. Carson Rose,4.20,3,280
7035,The Kitchens of Canton,Isham Cook,4.31,3,280
7036,The Best Lies,Sarah Lyu,3.61,3,280
7037,"The Bird and the Sword (The Bird and the Sword Chronicles, #1)",Amy Harmon,4.18,3,280
7038,Love and Other Words,Christina Lauren,4.23,3,280
7039,"Beautiful Bastard (Beautiful Bastard, #1)",Christina Lauren,3.90,3,280
7040,"Survivor In Death (In Death, #20)",J.D. Robb,4.42,4,280
7041,"Honeymoon (Honeymoon, #1)",James  Patterson,3.87,3,280
7042,"The High Auction (Wisdom Revolution, #1)",Misba,4.70,3,280
7043,The Oldest Dance,Misba,4.71,3,280
7044,Parallel Journeys,Eleanor H. Ayer,4.03,4,279
7045,The Zimmermann Telegram,Barbara W. Tuchman,4.06,4,279
7046,Equador,Miguel Sousa Tavares,4.18,4,279
7047,Deep Fathom,James Rollins,4.09,3,279
7048,الأرواح المتمردة,Kahlil Gibran,3.94,3,279
7049,"Enna Burning (The Books of Bayern, #2)",Shannon Hale,4.00,4,279
7050,Educated,Tara Westover,4.47,3,279
7051,The Sculptress,Minette Walters,3.92,4,279
7052,The King Who Disappeared,Hank Quense,4.32,3,279
7053,Mirrorland,Carole Johnstone,3.61,3,279
7054,"The Art of Living: The Classical Manual on Virtue, Happiness and Effectiveness",Epictetus,4.24,3,279
7055,Because Internet: Understanding the New Rules of Language,Gretchen McCulloch,4.05,3,279
7056,Delilah (Millionaire Monster Daddies #2),August St. Clare,5.00,3,279
7057,The Demigod Files,Rick Riordan,4.02,4,278
7058,"The Physick Book of Deliverance Dane (The Physick Book, #1)",Katherine Howe,3.72,3,278
7059,Rift Healer,Diane M. Haynes,4.41,3,278
7060,"Black: The Birth of Evil (The Circle, #1)",Ted Dekker,4.18,3,278
7061,The Fourth Protocol,Frederick Forsyth,4.05,3,278
7062,Fugitive Pieces,Anne  Michaels,3.92,4,278
7063,Chanakya's Chant,Ashwin Sanghi,3.75,3,278
7064,"Dom Wars: Round Six (Dom Wars, #6)",Lucian Bane,4.22,3,278
7065,Captain Blood,Rafael Sabatini,4.18,5,278
7066,Fisher's Autism Trilogy,Paul C. Nelson,4.15,3,278
7067,Jack: Straight from the Gut,Jack Welch,3.82,3,278
7068,Multipliers: How the Best Leaders Make Everyone Smarter,Liz Wiseman,3.99,3,278
7069,Vanderbilt: The Rise and Fall of an American Dynasty,Anderson Cooper,3.81,3,278
7070,Incidents Around the House,Josh Malerman,3.62,3,278
7071,"The Amendment (The Arrangement, #2)",Kiersten Modglin,4.01,3,278
7072,The Almost Nearly Perfect People: Behind the Myth of the Scandinavian Utopia,Michael Booth,3.86,3,278
7073,"Glass (Crank, #2)",Ellen Hopkins,4.29,3,277
7074,The Book: On the Taboo Against Knowing Who You Are,Alan W. Watts,4.21,3,277
7075,Old Possum's Book of Practical Cats,T.S. Eliot,4.07,4,277
7076,"Fullmetal Alchemist, Vol. 1",Hiromu Arakawa,4.53,3,277
7077,The Beginning of Everything,Robyn Schneider,3.72,3,277
7078,Learned Optimism: How to Change Your Mind and Your Life,Martin E.P. Seligman,3.96,4,277
7079,"Dom Wars: Round Five (Dom Wars, #5)",Lucian Bane,4.28,3,277
7080,"Winter's Heart (The Wheel of Time, #9)",Robert Jordan,3.97,4,277
7081,الإسلام بين الشرق والغرب,Alija Izetbegović,4.47,3,277
7082,Creating the Vietnam Veterans Memorial: The Inside Story,Robert W. Doubek,4.19,3,277
7083,American Rococo: Essays on the Edge,Isham Cook,4.28,3,277
7084,"Brothers in Arms (Vorkosigan Saga, #5)",Lois McMaster Bujold,4.20,3,277
7085,168 Hours: You Have More Time Than You Think,Laura Vanderkam,3.60,3,277
7086,"Ghost Park (Devil Barnett Detective Series, #9)",Teddy Hayes,4.38,3,277
7087,Reboot: Leadership and the Art of Growing Up,Jerry  Colonna,3.91,3,277
7088,"Endurance: A Year in Space, A Lifetime of Discovery",Scott    Kelly,4.21,3,277
7089,"The Oldest Dance (Wisdom Revolution, #2)",Misba,4.71,3,277
7090,"The Caves of Steel (Robot, #1)",Isaac Asimov,4.19,3,276
7091,The Palace of Illusions,Chitra Banerjee Divakaruni,4.20,3,276
7092,The Stars My Destination,Alfred Bester,4.06,6,276
7093,Cry to Heaven,Anne Rice,3.88,3,276
7094,"Small Steps (Holes, #2)",Louis Sachar,3.76,3,276
7095,Le Monogramme,Odysseas Elytis,4.74,4,276
7096,A Single Man,Christopher Isherwood,4.06,3,276
7097,The Escape Room,Megan Goldin,3.82,3,276
7098,"The Gender Game (The Gender Game, #1)",Bella Forrest,3.87,3,276
7099,The Dinner,Herman Koch,3.21,3,276
7100,To The Bright Edge of the World,Eowyn Ivey,4.12,3,276
7101,"The High Auction (Wisdom Revolution, #1)",Misba,4.70,3,276
7102,The Moonlight Child,Karen McQuestion,4.14,3,276
7103,"The Last Magician (The Last Magician, #1)",Lisa   Maxwell,4.03,3,276
7104,"The Fields of Home (Little Britches, #5)",Ralph Moody,4.39,3,275
7105,Seven Pillars of Wisdom: A Triumph,T.E. Lawrence,3.90,6,275
7106,"D-Day, June 6, 1944: The Battle for the Normandy Beaches",Stephen E. Ambrose,4.31,4,275
7107,In Dubious Battle,John Steinbeck,3.93,4,275
7108,E.E. Cummings: Complete Poems 1904-1962,E.E. Cummings,4.35,5,275
7109,Velvet Elvis: Repainting the Christian Faith,Rob Bell,3.78,3,275
7110,"The Weirdstone of Brisingamen (Tales of Alderley, #1)",Alan Garner,3.94,3,275
7111,"The Alexandria Quartet  (The Alexandria Quartet, #1-4)",Lawrence Durrell,4.18,4,275
7112,The House Girl,Tara Conklin,3.77,4,275
7113,New England Witch Chronicles Boxed Set (New England Witch Chronicles #1-4),Chelsea Luna,4.41,3,275
7114,The White Hotel,D.M. Thomas,3.84,3,275
7115,"The Informationist (Vanessa Michael Munroe, #1)",Taylor Stevens,3.80,3,275
7116,Presentation Zen: Simple Ideas on Presentation Design and Delivery,Garr Reynolds,4.05,3,275
7117,O Silêncio,Shūsaku Endō,4.09,4,275
7118,Percy Jackson's Greek Heroes,Rick Riordan,4.42,3,275
7119,In My Hands: Compelling Stories from a Surgeon and His Patients Fighting Cancer,Steven A. Curley,4.35,3,275
7120,"Bone Music (Burning Girl, #1)",Christopher  Rice,3.88,3,275
7121,"A Fatal Grace (Chief Inspector Armand Gamache, #2)",Louise Penny,4.10,4,275
7122,"An Absolutely Remarkable Thing (The Carls, #1)",Hank Green,4.04,3,275
7123,Cows,Matthew Stokoe,2.73,3,275
7124,One Day in December,Josie Silver,3.83,4,275
7125,The Well House II: The Revenge,M.S. Matassa,4.41,3,275
7126,"Promise Cove (Pelican Pointe, #1)",Vickie McKeehan,4.14,3,275
7127,Bring Me Back,B.A. Paris,3.50,4,275
7128,"The Mad Ship (Liveship Traders, #2)",Robin Hobb,4.32,3,275
7129,"The Pagan Lord (The Saxon Stories, #7)",Bernard Cornwell,4.36,3,275
7130,Walt Disney: An American Original,Bob Thomas,4.33,3,275
7131,This One Summer,Mariko Tamaki,3.69,3,275
7132,Saturday,Ian McEwan,3.64,3,274
7133,"Burning Chrome (Sprawl, #0)",William Gibson,4.06,4,274
7134,The Inheritance of Loss,Kiran Desai,3.45,3,274
7135,The Story of an Hour,Kate Chopin,4.07,5,274
7136,Honor's Splendour,Julie Garwood,4.23,4,274
7137,The Seven Principles for Making Marriage Work: A Practical Guide from the Country's Foremost Relationship Expert,John M. Gottman,4.25,3,274
7138,"The China Study: The Most Comprehensive Study of Nutrition Ever Conducted and the Startling Implications for Diet, Weight Loss, and Long-term Health",T. Colin Campbell,4.23,4,274
7139,The Last Hours of Ancient Sunlight: The Fate of the World and What We Can Do Before It's Too Late,Thom Hartmann,4.22,3,274
7140,Talent is Overrated: What Really Separates World-Class Performers from Everybody Else,Geoff Colvin,3.93,3,274
7141,"The Magician King (The Magicians, #2)",Lev Grossman,3.92,3,274
7142,Het lot van de familie Meijer,Charles Lewinsky,4.06,3,274
7143,Jane Austen: A Life,Claire Tomalin,3.90,3,274
7144,"Starfish (Rifters, #1)",Peter Watts,3.95,3,274
7145,Dare: Accepting the Challenge of Trusting Leadership,Scott Weiss,4.18,3,274
7146,Skin in the Game: The Hidden Asymmetries in Daily Life,Nassim Nicholas Taleb,3.90,3,274
7147,The Breakdown,B.A. Paris,3.89,3,274
7148,Joan of Arc,Mark Twain,4.12,4,274
7149,Humankind: A Hopeful History,Rutger Bregman,4.32,3,274
7150,"The Hundred Thousand Kingdoms (Inheritance, #1)",N.K. Jemisin,3.89,3,274
7151,"Rather Be the Devil (Inspector Rebus, #21)",Ian Rankin,4.09,3,274
7152,"Perfect Storm (Alaska Wild, #6)",Paige Shelton,4.01,3,274
7153,"Booked for Murder (An Old Juniper Bookstore Mystery, #1)",P.J. Nelson,3.51,3,274
7154,In Europe: Travels Through the Twentieth Century,Geert Mak,4.35,3,273
7155,"The Merchant of Death (Pendragon, #1)",D.J. MacHale,3.97,3,273
7156,A Briefer History of Time,Stephen Hawking,4.26,3,273
7157,"The Fall of the Empire (The Rise of the Aztecs, #5)",Zoe Saadia,4.39,3,273
7158,The Rozabal Line,Ashwin Sanghi,3.36,3,273
7159,The Lions of Little Rock,Kristin Levine,4.26,3,273
7160,"Portrait of a Spy (Gabriel Allon, #11)",Daniel Silva,4.26,3,273
7161,La vida es sueño,Pedro Calderón de la Barca,3.93,3,273
7162,Ash,Malinda Lo,3.63,3,273
7163,Phantoms in the Brain: Probing the Mysteries of the Human Mind,V.S. Ramachandran,4.26,3,273
7164,The Night in Lisbon,Erich Maria Remarque,4.32,3,273
7165,"The Princess Saves Herself in This One (Women Are Some Kind of Magic, #1)",Amanda Lovelace,3.82,3,273
7166,Paralysis: Beating the Odds,Addison D'marko,4.15,3,273
7167,Everything and a Happy Ending,Tia Shurina,4.29,3,273
7168,The Napping House,Audrey Wood,4.27,4,273
7169,"Sweetheart (Archie Sheridan & Gretchen Lowell, #2)",Chelsea Cain,4.05,4,273
7170,Six Pillars of Self-Esteem,Nathaniel Branden,4.12,4,273
7171,Necessary People,Anna Pitoniak,3.71,3,273
7172,The Wonder,Emma Donoghue,3.64,3,273
7173,"King of Scars (King of Scars, #1)",Leigh Bardugo,4.15,4,273
7174,"Flawed (Flawed, #1)",Cecelia Ahern,4.11,3,273
7175,The Trojan Women,Euripides,3.88,3,273
7176,Mindfulness in Plain English,Henepola Gunaratana,4.15,3,273
7177,"The Risk (Mindf*ck, #1)",S.T. Abby,4.26,3,273
7178,"Scale: The Universal Laws of Growth, Innovation, Sustainability, and the Pace of Life in Organisms, Cities, Economies, and Companies",Geoffrey B. West,4.11,3,273
7179,"The Quiche of Death (Agatha Raisin, #1)",M.C. Beaton,3.73,3,273
7180,"The Inner Circle (Culper Ring, #1)",Brad Meltzer,3.82,3,273
7181,The Lie Tree,Frances Hardinge,3.84,3,273
7182,The One Minute Manager,Kenneth H. Blanchard,3.94,4,272
7183,The Iceman Cometh,Eugene O'Neill,3.90,5,272
7184,The River Why,David James Duncan,4.22,4,272
7185,A Quiet Belief in Angels,R.J. Ellory,3.85,3,272
7186,From Fame to Shame,Veronica Blade,3.59,3,272
7187,"Flashman (The Flashman Papers, #1)",George MacDonald Fraser,4.06,4,272
7188,"Tangled (Tangled, #1)",Emma Chase,4.03,3,272
7189,Spark of Life,Erich Maria Remarque,4.53,3,272
7190,"Lover Unleashed (Black Dagger Brotherhood, #9)",J.R. Ward,4.28,3,272
7191,The Pursuit of God: The Human Thirst for the Divine,A.W. Tozer,4.39,3,272
7192,Bloodchild and Other Stories,Octavia E. Butler,4.35,3,272
7193,Redemption Road,John Hart,4.09,3,272
7194,"Seize the Night (Moonlight Bay, #2)",Dean Koontz,4.09,3,272
7195,"Ready Player One (Ready Player One, #1)",Ernest Cline,4.23,3,272
7196,"Year One (Chronicles of The One, #1)",Nora Roberts,4.06,4,272
7197,Living Dead Girl,Elizabeth Scott,3.78,4,272
7198,Annabel Horton And The Black Witch of Pau (Book Two),Olivia Hardy Ray,4.34,3,272
7199,"Shadows in the Salon (Sugar Mountain, #3)",Kirsten Fullmer,4.32,3,272
7200,"Two Graves (Pendergast, #12)",Douglas Preston,4.07,3,272
7201,Peak: Secrets from the New Science of Expertise,K. Anders Ericsson,4.21,3,272
7202,"Skinny Bitch: A No-Nonsense, Tough-Love Guide for Savvy Girls Who Want to Stop Eating Crap and Start Looking Fabulous!",Rory Freedman,3.35,4,272
7203,Midnight in Chernobyl: The Untold Story of the World's Greatest Nuclear Disaster,Adam Higginbotham,4.37,3,272
7204,Ruth Bader Ginsburg: A Life,Jane Sherron De Hart,4.21,3,272
7205,American Ulysses: A Life of Ulysses S. Grant,Ronald C. White Jr.,4.21,3,272
7206,"Things We Never Got Over (Knockemout, #1)",Lucy Score,4.14,3,272
7207,Brain on Fire: My Month of Madness,Susannah Cahalan,4.09,3,272
7208,Villa Incognito,Tom Robbins,3.69,4,271
7209,لا تحزن,عائض القرني,4.13,3,271
7210,Retribution (C.J. Townsend #1),Jilliane Hoffman,4.09,3,271
7211,"The White Dragon (The Dragonriders of Pern, #3)",Anne McCaffrey,4.19,4,271
7212,Frenchman's Creek,Daphne du Maurier,3.99,5,271
7213,Opulence Among Us,Gary D. Henry,4.60,3,271
7214,Jamaica Inn,Daphne du Maurier,3.90,5,271
7215,Miss Julie,August Strindberg,3.42,3,271
7216,We Should All Be Feminists,Chimamanda Ngozi Adichie,4.40,4,271
7217,"Towers of Midnight (The Wheel of Time, #13)",Robert Jordan,4.48,3,271
7218,Caught in a Web,Joseph       Lewis,4.25,3,271
7219,The Fireman,Joe Hill,3.91,3,271
7220,Tikki Tikki Tembo,Arlene Mosel,4.20,4,271
7221,The Snowball: Warren Buffett and the Business of Life,Alice Schroeder,4.15,3,271
7222,"Heir of Fire (Throne of Glass, #3)",Sarah J. Maas,4.45,3,271
7223,Voices (Inspector Erlendur #5),Arnaldur Indriðason,3.87,3,271
7224,American Lion: Andrew Jackson in the White House,Jon Meacham,3.86,4,270
7225,Evolution: Vol.1 A Short Story Collection,Lane Diamond,4.59,3,270
7226,"From Doon With Death (Inspector Wexford, #1)",Ruth Rendell,3.68,4,270
7227,Through Gates of Splendor,Elisabeth Elliot,4.37,3,270
7228,"The Naughtiest Girl in the School (The Naughtiest Girl, #1)",Enid Blyton,4.08,3,270
7229,Are You My Mother? A Comic Drama,Alison Bechdel,3.71,4,270
7230,"La resistencia (Memorias de Idhún, #1)",Laura Gallego García,4.14,3,270
7231,Many Sparrows,Lori Benton,4.44,3,270
7232,Dying to Give,Gary B.  Shelly,4.29,3,270
7233,Yoga Time,Alex Letner,4.74,3,270
7234,Dept. of Speculation,Jenny Offill,3.76,3,270
7235,Chasm City,Alastair Reynolds,4.13,3,270
7236,"The Mists of Avalon (Avalon, #1)",Marion Zimmer Bradley,4.13,3,270
7237,"Ojo por ojo (Talion, #1)",J.K. Franko,4.26,3,270
7238,Michael Jordan: The Life,Roland Lazenby,4.31,3,270
7239,The Great Gatsby,F. Scott Fitzgerald,3.93,3,270
7240,"Spin the Dawn (The Blood of Stars, #1)",Elizabeth Lim,3.98,3,270
7241,"Running with the Demon (Word & Void, #1)",Terry Brooks,3.98,3,269
7242,"We, the Drowned",Carsten Jensen,4.24,3,269
7243,The Wings of the Dove,Henry James,3.79,4,269
7244,"Awakened (House of Night, #8)",P.C. Cast,4.01,5,269
7245,Tenth of December,George Saunders,3.98,3,269
7246,Evolution: Vol. 2,Lane Diamond,4.57,3,269
7247,Wanted: Dead or Undead (Zombie West #1),Angela  Scott,3.85,3,269
7248,The Book of Awakening: Having the Life You Want by Being Present to the Life You Have,Mark Nepo,4.22,3,269
7249,"Tris's Book (Circle of Magic, #2)",Tamora Pierce,4.12,3,269
7250,Decision Points,George W. Bush,3.81,3,269
7251,Complete Works of Oscar Wilde,Oscar Wilde,4.47,3,269
7252,The Unicorn Tree,Cynthia  Collins,4.44,3,269
7253,How to Live: A Life of Montaigne in One Question and Twenty Attempts at an Answer,Sarah Bakewell,4.02,3,269
7254,Don't You Cry,Mary Kubica,3.50,3,269
7255,"The Tourist (Milo Weaver, #1)",Olen Steinhauer,3.78,3,269
7256,Eat Move Sleep: How Small Choices Lead to Big Changes,Tom Rath,3.58,3,269
7257,The Life-Changing Manga of Tidying Up,Marie Kondō,4.11,4,269
7258,"Game (I Hunt Killers, #2)",Barry Lyga,4.22,3,269
7259,Reagan: The Life,H.W. Brands,4.14,3,269
7260,Augustine of Hippo: A Biography,Peter         Brown,4.27,3,269
7261,1984,George Orwell,4.20,4,269
7262,"The Oldest Dance (Wisdom Revolution, #2)",Misba,4.71,3,269
7263,The House Across the Lake,Riley Sager,3.59,3,269
7264,With the Fire on High,Elizabeth Acevedo,4.17,3,269
7265,The Songlines,Bruce Chatwin,3.97,3,268
7266,"The Opportunist (Love Me with Lies, #1)",Tarryn Fisher,4.18,3,268
7267,Merchants of Doubt: How a Handful of Scientists Obscured the Truth on Issues from Tobacco Smoke to Global Warming,Naomi Oreskes,4.17,3,268
7268,Courtney Saves Christmas,Emlyn Chand,4.33,3,268
7269,Galápagos,Kurt Vonnegut Jr.,3.87,3,268
7270,"The Scar (New Crobuzon, #2)",China Miéville,4.18,3,268
7271,Copper Sun,Sharon M. Draper,4.35,3,268
7272,Butcher's Crossing,John  Williams,4.18,4,268
7273,Bread and Jam for Frances (I Can Read Level 2),Russell Hoban,4.21,3,268
7274,"The Lost Years of Billy Battles (Finding Billy Battles, #3)",Ronald E. Yates,4.37,3,268
7275,Sam: The Cat Without a Tail,Gloria Lintermans,4.39,3,268
7276,Give Me Your Hand,Megan Abbott,3.31,3,268
7277,Reheated Cabbage,Irvine Welsh,3.68,3,268
7278,"Extreme Measures (Mitch Rapp, #11)",Vince Flynn,4.33,3,268
7279,Devolution: A Firsthand Account of the Rainier Sasquatch Massacre,Max Brooks,3.91,3,268
7280,"The Slow Regard of Silent Things (The Kingkiller Chronicle, #2.5)",Patrick Rothfuss,3.87,3,268
7281,Madeline's Rescue,Ludwig Bemelmans,4.24,3,268
7282,"The Oldest Dance (Wisdom Revolution, #2)",Misba,4.71,3,268
7283,"Paper Princess (The Royals, #1)",Erin Watt,3.92,3,268
7284,"Dark Hollow (Charlie Parker, #2)",John Connolly,4.16,3,268
7285,"Victorious (The Lost Fleet, #6)",Jack Campbell,4.11,3,268
7286,Too Good to Be True,Carola Lovering,3.85,3,268
7287,"Dance Upon the Air (Three Sisters Island, #1)",Nora Roberts,4.21,3,268
7288,"Wolfsong (Green Creek, #1)",T.J. Klune,4.21,3,268
7289,Magical Elements of the Periodic Table Presented By The Alchemical Wizards Book 1,Sybrina Durant,4.35,3,268
7290,Alter Ego (Secret Identity #2),Alex Segura,3.83,3,268
7291,Freedom at Midnight,Larry Collins,4.33,5,267
7292,Heart of the Matter,Emily Giffin,3.74,3,267
7293,The Eagle of the Ninth,Rosemary Sutcliff,3.94,3,267
7294,Too Much Happiness: Stories,Alice Munro,3.83,4,267
7295,Your Inner Fish: a Journey into the 3.5-Billion-Year History of the Human Body,Neil Shubin,4.04,3,267
7296,The Good Woman of Setzuan,Bertolt Brecht,3.66,3,267
7297,We'll Always Have Summer (Summer #3),Jenny Han,3.78,3,267
7298,"Kiss of Midnight (Midnight Breed,  #1)",Lara Adrian,3.92,4,267
7299,"Feral Sins (The Phoenix Pack, #1)",Suzanne Wright,3.98,3,267
7300,The Devil of Nanking,Mo Hayder,3.92,3,267
7301,The Girl Next Door,Jack Ketchum,3.93,3,267
7302,The Good Immigrant,Nikesh Shukla,4.31,3,267
7303,コンビニ人間 [Konbini ningen],Sayaka Murata,3.68,3,267
7304,"The Fiery Heart (Bloodlines, #4)",Richelle Mead,4.34,3,267
7305,The Village Narcissist,Glenis Kellet,4.19,3,267
7306,"Dear Martin (Dear Martin, #1)",Nic Stone,4.34,3,267
7307,"The Bullet Journal Method: Track Your Past, Order Your Present, Plan Your Future",Ryder Carroll,4.05,3,267
7308,Finley’s Way,Julie Mannino,4.61,3,267
7309,Agincourt,Bernard Cornwell,4.16,3,267
7310,"The Third Gate (Jeremy Logan, #3)",Lincoln Child,3.75,3,267
7311,"The High Auction (Wisdom Revolution, #1)",Misba,4.70,3,267
7312,The Golden Apples of the Sun,Ray Bradbury,4.05,3,267
7313,The Collective,Alison Gaylin,3.90,3,267
7314,"Shaking the Nickel Bush (Little Britches, #6)",Ralph Moody,4.22,3,266
7315,"Fallout (Crank, #3)",Ellen Hopkins,4.26,3,266
7316,The Diviners,Margaret Laurence,4.18,4,266
7317,"Berserk, Vol. 1 (Berserk, #1)",Kentaro Miura,4.48,4,266
7318,"Holy Blood, Holy Grail",Richard Leigh,3.50,5,266
7319,"Blood & Spirits (The Coming Storm, #1)",Dennis Sharpe,3.58,3,266
7320,"The Secret History of the Pink Carnation (Pink Carnation, #1)",Lauren Willig,3.69,4,266
7321,Battle Cry of Freedom: The Civil War Era,James M. McPherson,4.39,3,266
7322,The Book of Strange New Things,Michel Faber,3.66,3,266
7323,"Who Could That Be at This Hour? (All the Wrong Questions, #1)",Lemony Snicket,3.84,3,266
7324,Pink Slips,Beth Aldrich,3.44,3,266
7325,The Helicopter Pilot,Darcy Hoover,4.26,3,266
7326,The Wall,Jean-Paul Sartre,4.06,3,266
7327,The Storyteller's Secret,Sejal Badani,4.37,4,266
7328,"Why They Stay: Sex Scandals, Deals, and Hidden Agendas of Nine Political Wives",Anne  Michaud,4.29,3,266
7329,Wit,Margaret Edson,4.14,3,266
7330,Glengarry Glen Ross,David Mamet,3.88,3,266
7331,"On Her Majesty's Secret Service (James Bond, #11)",Ian Fleming,3.97,4,266
7332,There's Someone Inside Your House,Stephanie Perkins,3.40,3,266
7333,"Soul Eater (Monstrous, #1)",Lily Mayne,4.25,3,266
7334,Over the Top: A Raw Journey to Self-Love,Jonathan Van Ness,4.19,3,266
7335,"The Fallen (Amos Decker, #4)",David Baldacci,4.22,3,266
7336,The Confession,John Grisham,3.92,3,266
7337,Catherine House,Elisabeth    Thomas,3.12,3,266
7338,The Book You Wish Your Parents Had Read [and Your Children Will Be Glad That You Did],Philippa Perry,4.10,3,266
7339,"Angels' Flight (Guild Hunter, #0.4, #0.6, #0.8, #3.5)",Nalini Singh,4.33,4,266
7340,The Mother-in-Law,Sally Hepworth,3.97,3,266
7341,"Midnight Alley (The Morganville Vampires, #3)",Rachel Caine,4.09,4,266
7342,"Mark of the Demon (Kara Gillian, #1)",Diana Rowland,3.83,4,266
7343,"Kiss of a Demon King (Immortals After Dark, #6)",Kresley Cole,4.31,3,266
7344,Floating Upstream,Jo Vraca,3.74,3,266
7345,Schrödinger's Cat Trilogy,Robert Anton Wilson,4.08,4,265
7346,Home Comforts: The Art and Science of Keeping House,Cheryl Mendelson,4.16,4,265
7347,The Diaries of Adam and Eve,Mark Twain,3.85,4,265
7348,Are You Afraid of the Dark?,Sidney Sheldon,3.69,4,265
7349,Wonderful Life: The Burgess Shale and the Nature of History,Stephen Jay Gould,4.14,3,265
7350,As the Crow Flies,Jeffrey Archer,4.15,3,265
7351,"One Grave at a Time (Night Huntress, #6)",Jeaniene Frost,4.23,4,265
7352,The Golden Notebook,Doris Lessing,3.77,3,265
7353,"The Black Prism (Lightbringer, #1)",Brent Weeks,4.23,4,265
7354,Orion Surfacing,I. James Forrest,4.23,3,265
7355,It's All Too Much: An Easy Plan for Living a Richer Life with Less Stuff,Peter Walsh,3.80,3,265
7356,The Motivation Manifesto: 9 Declarations to Claim Your Personal Power,Brendon Burchard,4.02,3,265
7357,The Bitcoin Standard: The Decentralized Alternative to Central Banking,Saifedean Ammous,4.17,3,265
7358,"The Oldest Dance (Wisdom Revolution, #2)",Misba,4.71,3,265
7359,What Lies Between Us,John Marrs,4.03,3,265
7360,These Truths: A History of the United States,Jill Lepore,4.40,3,265
7361,"Five Children and It (The Psammead Trilogy, #1)",E. Nesbit,3.86,5,264
7362,"The Declaration (The Declaration, #1)",Gemma Malley,3.71,3,264
7363,The Tortilla Curtain,T. Coraghessan Boyle,3.66,3,264
7364,"The Longest Day: June 6, 1944",Cornelius Ryan,4.34,5,264
7365,Роковые яйца. Записки юного врача,Mikhail Bulgakov,4.36,3,264
7366,The Valley of Vision: A Collection of Puritan Prayers and Devotions,Arthur      Bennett,4.54,3,264
7367,Family Matters,Rohinton Mistry,4.03,3,264
7368,"The Judgement (Ruin, #3)",Lucian Bane,4.38,3,264
7369,The Language of God: A Scientist Presents Evidence for Belief,Francis S. Collins,3.87,3,264
7370,Endgame & Act Without Words,Samuel Beckett,3.92,3,264
7371,Demented: A Short Horror Story Collection (Sinister Tales Book 1),Anna Gallegos,4.57,3,264
7372,Lincoln in the Bardo,George Saunders,3.75,3,264
7373,"Transfer of Power (Mitch Rapp, #3)",Vince Flynn,4.34,3,264
7374,My True Love Gave to Me: Twelve Holiday Stories,Stephanie Perkins,3.65,3,264
7375,The Almanack of Naval Ravikant: A Guide to Wealth and Happiness,Eric Jorgenson,4.42,3,264
7376,"The Lighthouse (Adam Dalgliesh, #13)",P.D. James,3.86,3,264
7377,The Children on the Hill,Jennifer  McMahon,3.86,3,264
7378,"Three Sisters, Three Queens (The Plantagenet and Tudor Novels, #8)",Philippa Gregory,3.81,3,264
7379,Everyone Brave Is Forgiven,Chris Cleave,3.75,3,264
7380,How to Be Perfect: The Correct Answer to Every Moral Question,Michael Schur,4.14,3,264
7381,The Ivies,Alexa Donne,3.68,3,264
7382,"Enlightenment Now: The Case for Reason, Science, Humanism, and Progress",Steven Pinker,4.20,3,264
7383,The Book Your Church Doesn't Want You to Read,Tim C. Leedom,3.87,3,263
7384,"Rousseau and Revolution (The Story of Civilization, #10)",Will Durant,4.28,4,263
7385,"Vampire Academy Collection (Vampire Academy, #1-3)",Richelle Mead,4.61,4,263
7386,"The Vampire's Assistant (Cirque du Freak, #2)",Darren Shan,4.13,3,263
7387,The Introvert Advantage: How to Thrive in an Extrovert World,Marti Olsen Laney,3.87,3,263
7388,رجال في الشمس,Ghassan Kanafani,4.21,3,263
7389,The Whipping Boy,Sid Fleischman,3.60,3,263
7390,The Miracle of Forgiveness,Spencer W. Kimball,4.32,3,263
7391,Bet Me,Jennifer Crusie,3.94,3,263
7392,The Collected Poems of Emily Dickinson,Emily Dickinson,4.23,3,263
7393,Girl at War,Sara Nović,4.01,3,263
7394,"Fade (Wake, #2)",Lisa McMann,3.92,3,263
7395,"A Knight of the Seven Kingdoms (The Tales of Dunk and Egg, #1-3)",George R.R. Martin,4.25,4,263
7396,The Age of Miracles,Karen Thompson Walker,3.66,3,263
7397,"George, Nicholas and Wilhelm: Three Royal Cousins and the Road to World War I",Miranda Carter,4.03,3,263
7398,The Hired Girl,Laura Amy Schlitz,3.98,4,263
7399,"The High Auction (Wisdom Revolution, #1)",Misba,4.70,3,263
7400,"A Court of Frost and Starlight (A Court of Thorns and Roses, #3.5)",Sarah J. Maas,3.73,3,263
7401,The 57 Bus: A True Story of Two Teenagers and the Crime That Changed Their Lives,Dashka Slater,4.10,3,263
7402,Maame,Jessica George,4.06,3,263
7403,Kiss Me Like a Stranger: My Search for Love and Art,Gene Wilder,3.90,3,262
7404,"The Lady in Gold: The Extraordinary Tale of Gustav Klimt's Masterpiece, Portrait of Adele Bloch-Bauer",Anne-Marie  O'Connor,3.97,4,262
7405,Ironweed,William  Kennedy,3.87,3,262
7406,"The Fifth Sacred Thing (Maya Greenwood, #1)",Starhawk,4.22,3,262
7407,Spencerville,Nelson DeMille,3.77,4,262
7408,Why Be Happy When You Could Be Normal?,Jeanette Winterson,4.01,3,262
7409,The Holographic Universe,Michael Talbot,4.09,4,262
7410,Nana,Émile Zola,3.84,3,262
7411,Honey the Hero,Emlyn Chand,4.26,3,262
7412,The Raging Quiet,Sherryl Jordan,4.24,3,262
7413,"Meeting Mr. Mogul: A CEO Billionaire Contemporary Romance (Mogul, #1)",Mel Ryle,3.61,3,262
7414,The Lone Ranger and Tonto Fistfight in Heaven,Sherman Alexie,4.09,3,262
7415,Gray Mountain,John Grisham,3.67,3,262
7416,Shot to Pieces,Michael  O'Keefe,4.34,3,262
7417,The Rise of Nazil,Aaron-Michael Hall,4.10,3,262
7418,"Thunderhead (Nora Kelly, #0A)",Douglas Preston,4.13,3,262
7419,Revival,Stephen        King,3.81,3,262
7420,"Red Bones (Shetland Island, #3)",Ann Cleeves,4.01,3,262
7421,The History Boys,Alan Bennett,3.95,3,262
7422,The Need,Helen          Phillips,3.15,3,262
7423,The Marriage Pact,Michelle Richmond,3.59,3,262
7424,"Silent on the Moor (Lady Julia Grey, #3)",Deanna Raybourn,4.02,4,262
7425,The Echo Wife,Sarah Gailey,3.61,3,262
7426,"The Tangle Box (Magic Kingdom of Landover, #4)",Terry Brooks,3.88,4,261
7427,The Scarlet Thread,Francine  Rivers,4.19,3,261
7428,The Far Side Gallery,Gary Larson,4.43,4,261
7429,Nasty People,Jay Carter,3.73,3,261
7430,Secret Fire,Johanna Lindsey,4.03,4,261
7431,"Use of Weapons (Culture, #3)",Iain M. Banks,4.16,3,261
7432,"Effortless (Thoughtless, #2)",S.C. Stephens,4.34,3,261
7433,Conscious Parenting: Mindful Living Course (AoL Mindfulness #5),Nataša Pantović,4.40,3,261
7434,Citizen: An American Lyric,Claudia Rankine,4.26,3,261
7435,The Heart's Invisible Furies,John Boyne,4.51,4,261
7436,The Forgotten Hours,Katrin Schumann,3.74,3,261
7437,"A Closed and Common Orbit (Wayfarers, #2)",Becky  Chambers,4.37,4,261
7438,Iola O,G.M. Monks,4.29,3,261
7439,The fifth agreement,Miguel Ruiz,4.11,3,261
7440,Beethoven: Anguish and Triumph,Jan Swafford,4.25,3,261
7441,Snap,Belinda Bauer,3.81,3,261
7442,Barbarian Days: A Surfing Life,William Finnegan,4.27,3,261
7443,"The High Auction (Wisdom Revolution, #1)",Misba,4.70,3,261
7444,Trick Mirror: Reflections on Self-Delusion,Jia Tolentino,4.03,4,261
7445,The Last House Guest,Megan Miranda,3.61,3,261
7446,Deehabta’s Song,Stephen Alder,4.38,3,261
7447,"The Scholar (Cormac Reilly, #2)",Dervla McTiernan,4.04,3,261
7448,"Collide (Collide, #1)",Gail McHugh,4.19,3,261
7449,"Half Magic (Tales of Magic, #1)",Edward Eager,3.95,3,260
7450,Collected Poems,Ted Hughes,4.10,3,260
7451,"Halo (Halo, #1)",Alexandra Adornetto,3.67,3,260
7452,I'd Rather Be Riding My Bike,Eric Pinder,4.13,3,260
7453,Journals,Kurt Cobain,4.01,3,260
7454,3001: The Final Odyssey,Arthur C. Clarke,3.59,3,260
7455,Six Years,Harlan Coben,3.85,3,260
7456,"Persepolis, Volume 1",Marjane Satrapi,4.30,3,260
7457,1493: Uncovering the New World Columbus Created,Charles C. Mann,4.12,3,260
7458,"Running Blind (Jack Reacher, #4)",Lee Child,4.13,3,260
7459,"Captain's Fury (Codex Alera, #4)",Jim  Butcher,4.37,3,260
7460,Silent Pantheon,Eric Nierstedt,4.12,3,260
7461,"The English Assassin (Gabriel Allon, #2)",Daniel Silva,4.17,3,260
7462,The Rule of Four,Ian Caldwell,3.29,3,260
7463,"The Confessor (Gabriel Allon, #3)",Daniel Silva,4.21,3,260
7464,The Four Winds,Kristin Hannah,4.30,3,260
7465,Why Are All The Black Kids Sitting Together in the Cafeteria?,Beverly Daniel Tatum,4.33,3,260
7466,"Prince of Fire (Gabriel Allon, #5)",Daniel Silva,4.22,3,260
7467,Possessing the Secret of Joy,Alice Walker,4.09,5,259
7468,The Memory of Running,Ron McLarty,3.76,4,259
7469,"The Summer Tree (The Fionavar Tapestry, #1)",Guy Gavriel Kay,3.96,3,259
7470,Traitor to His Class: The Privileged Life and Radical Presidency of Franklin Delano Roosevelt,H.W. Brands,4.01,3,259
7471,"Betrayed (House of Night, #2)",P.C. Cast,3.92,5,259
7472,"The Exiled Queen (Seven Realms, #2)",Cinda Williams Chima,4.32,3,259
7473,If Chins Could Kill: Confessions of a B Movie Actor,Bruce Campbell,3.95,3,259
7474,"The Emperor's Tomb (Cotton Malone, #6)",Steve Berry,3.97,3,259
7475,The Good German,Joseph Kanon,3.79,5,259
7476,"The Retribution of Mara Dyer (Mara Dyer, #3)",Michelle Hodkin,4.06,3,259
7477,The Go-Between,L.P. Hartley,4.00,3,259
7478,"Spring Snow (The Sea of Fertility, #1)",Yukio Mishima,4.16,3,259
7479,Effacement,Hieronymus Hawkes,4.21,3,259
7480,The Grave Tattoo,Val McDermid,3.82,3,259
7481,"Sleepyhead (Tom Thorne, #1)",Mark Billingham,3.83,3,259
7482,The Perfect Girlfriend,Karen  Hamilton,3.46,3,259
7483,"Standing in Another Man's Grave (Inspector Rebus, #18)",Ian Rankin,4.08,3,259
7484,Jesus and John Wayne: How White Evangelicals Corrupted a Faith and Fractured a Nation,Kristin  Kobes Du Mez,4.29,3,259
7485,Traveling Light: Releasing the Burdens You Were Never Intended to Bear,Max Lucado,4.25,3,258
7486,Nathan der Weise,Gotthold Ephraim Lessing,3.31,3,258
7487,Einstein’s Dreams,Alan Lightman,4.06,3,258
7488,The Madman,Kahlil Gibran,3.98,3,258
7489,"Untamed (Medieval, #1)",Elizabeth Lowell,3.99,4,258
7490,"Tempt Me at Twilight (The Hathaways, #3)",Lisa Kleypas,4.15,3,258
7491,"The Murders in the Rue Morgue: The Dupin Tales (C. Auguste Dupin, #1-3)",Edgar Allan Poe,3.75,5,258
7492,Oleanna,David Mamet,3.61,3,258
7493,"The Red Knight (The Traitor Son Cycle, #1)",Miles  Cameron,4.10,3,258
7494,How to Live on 24 Hours a Day,Arnold Bennett,3.63,3,258
7495,Between the World and Me,Ta-Nehisi Coates,4.40,3,258
7496,Be Still and Listen: Experience the Presence of God in Your Life,Amos Smith,4.41,3,258
7497,"Snow Gypsy, The",Lindsay Ashford,4.04,3,258
7498,"Tools of Titans: The Tactics, Routines, and Habits of Billionaires, Icons, and World-Class Performers",Timothy Ferriss,4.10,3,258
7499,King John,William Shakespeare,3.35,3,258
7500,The Worst Best Man,Mia Sosa,3.55,3,258
7501,There Was an Old Lady Who Swallowed a Fly,Simms Taback,4.24,3,258
7502,"Seduction in Death (In Death, #13)",J.D. Robb,4.35,3,258
7503,"Mastiff (Beka Cooper, #3)",Tamora Pierce,4.27,3,258
7504,The Postmistress,Sarah Blake,3.36,3,258
7505,"A Great Reckoning (Chief Inspector Armand Gamache, #12)",Louise Penny,4.43,4,258
7506,"R is for Ricochet (Kinsey Millhone, #18)",Sue Grafton,3.98,3,258
7507,The Beach House,James  Patterson,3.87,3,258
7508,"Narcissus in Chains (Anita Blake, Vampire Hunter, #10)",Laurell K. Hamilton,3.93,3,258
7509,"A Stroke of Midnight (Merry Gentry, #4)",Laurell K. Hamilton,4.09,3,258
7510,Philosophy: Who Needs It,Ayn Rand,3.90,3,257
7511,"Witch Child (Witch Child, #1)",Celia Rees,3.82,3,257
7512,The Solitude of Prime Numbers,Paolo Giordano,3.65,3,257
7513,"Dog Days (Diary of a Wimpy Kid, #4)",Jeff Kinney,4.17,4,257
7514,Fearless: The Undaunted Courage and Ultimate Sacrifice of Navy SEAL Team SIX Operator Adam Brown,Eric Blehm,4.57,3,257
7515,"Among the Betrayed (Shadow Children, #3)",Margaret Peterson Haddix,4.06,4,257
7516,Reading Like a Writer: A Guide for People Who Love Books and for Those Who Want to Write Them,Francine Prose,3.77,4,257
7517,"La Vérité sur l'Affaire Harry Quebert (Marcus Goldman, #1)",Joël Dicker,4.20,3,257
7518,"Unmentionable: The Victorian Lady's Guide to Sex, Marriage, and Manners",Therese Oneill,3.82,3,257
7519,Ασκητική,Nikos Kazantzakis,4.08,3,257
7520,Make Something Up: Stories You Can't Unread,Chuck Palahniuk,3.52,3,257
7521,Heart of a Warrior Angel,Lali A.  Love,4.38,3,257
7522,Talk Like TED: The 9 Public-Speaking Secrets of the World's Top Minds,Carmine Gallo,3.88,4,257
7523,The Four Tendencies: The Indispensable Personality Profiles That Reveal How to Make Your Life Better,Gretchen Rubin,3.83,3,257
7524,"Dust (Silo, #3)",Hugh Howey,4.24,3,257
7525,The Giver of Stars,Jojo Moyes,4.29,3,257
7526,These Shallow Graves,Jennifer Donnelly,4.00,3,257
7527,Under a Painted Sky,Stacey  Lee,3.98,3,257
7528,Secrets: in a corrupted society,Dennis K.  Hausker,4.36,3,257
7529,"Silent in the Sanctuary (Lady Julia Grey, #2)",Deanna Raybourn,4.05,4,257
7530,The Secrets We Kept,Lara Prescott,3.66,3,257
7531,"Dead Reckoning (Sookie Stackhouse, #11)",Charlaine Harris,3.82,3,257
7532,"The Darkest Secret (Lords of the Underworld, #7)",Gena Showalter,4.29,3,257
7533,com نسيان,Ahlam Mosteghanemi,3.67,3,256
7534,The Axion Esti,Odysseas Elytis,4.61,3,256
7535,The Red Queen: Sex and the Evolution of Human Nature,Matt Ridley,4.05,3,256
7536,"Vampire Chronicles: Interview with the Vampire, The Vampire Lestat, The Queen of the Damned (Anne Rice) (The Vampire Chronicles, #1-3 Omnibus)",Anne Rice,4.30,3,256
7537,"The Winter Sea (Slains, #1)",Susanna Kearsley,4.11,4,256
7538,Life is Elsewhere,Milan Kundera,3.96,3,256
7539,The Sweetest Kill,Amber Kalkes,4.16,3,256
7540,The Sea Wolf,Jack  London,4.06,5,256
7541,The Dutch House,Ann Patchett,4.10,4,256
7542,"The High Auction (Wisdom Revolution, #1)",Misba,4.70,3,256
7543,"Birds of a Feather (Maisie Dobbs, #2)",Jacqueline Winspear,4.00,3,256
7544,"Trunk Music (Harry Bosch, #5; Harry Bosch Universe, #6)",Michael    Connelly,4.21,4,256
7545,Marriage for One,Ella Maise,3.85,3,256
7546,We Are Never Meeting in Real Life.,Samantha Irby,3.90,3,256
7547,"The Last Camel Died at Noon (Amelia Peabody, #6)",Elizabeth Peters,4.20,4,256
7548,"The Fix (Amos Decker, #3)",David Baldacci,4.18,3,256
7549,The Book of Daniel,E.L. Doctorow,3.85,3,255
7550,Terms of Endearment,Larry McMurtry,4.13,3,255
7551,Collected Ghost Stories,M.R. James,4.13,3,255
7552,The Life of Elizabeth I,Alison Weir,4.03,3,255
7553,"The King of Attolia (The Queen's Thief, #3)",Megan Whalen Turner,4.38,4,255
7554,Desert Flower (Desert #2),Angela  Scott,4.29,3,255
7555,"The Goddess Test (Goddess Test, #1)",Aimee Carter,3.79,3,255
7556,"John Dies at the End (John Dies at the End, #1)",David  Wong,3.87,3,255
7557,"Mindful Being (AoL Mindfulness, #4)",Nataša Pantović,4.71,3,255
7558,"Fever (The Chemical Garden, #2)",Lauren DeStefano,3.78,3,255
7559,The Ministry of Utmost Happiness,Arundhati Roy,3.55,3,255
7560,Waiting Period,Hubert Selby Jr.,3.40,3,255
7561,The Magnolia Inn,Carolyn Brown,4.05,3,255
7562,"Blackout (All Clear, #1)",Connie Willis,3.85,3,255
7563,Make Time: How to Focus on What Matters Every Day,Jake Knapp,4.08,3,255
7564,Angels in America,Tony Kushner,4.29,3,255
7565,How Will You Measure Your Life?,Clayton M. Christensen,4.05,3,255
7566,"First, We Make the Beast Beautiful: A New Story About Anxiety",Sarah Wilson,3.78,3,255
7567,"The Innovators: How a Group of Hackers, Geniuses and Geeks Created the Digital Revolution",Walter Isaacson,4.12,3,255
7568,Plutarch's Lives: Volume I,Plutarch,4.10,3,255
7569,"Black and Blue (Inspector Rebus, #8)",Ian Rankin,4.09,3,255
7570,"The Grave's a Fine and Private Place (Flavia de Luce, #9)",Alan Bradley,3.99,3,255
7571,"The Gamble (Colorado Mountain, #1)",Kristen Ashley,4.25,3,255
7572,"Moreta: Dragonlady of Pern (Pern, #7)",Anne McCaffrey,4.03,3,255
7573,They Never Learn,Layne Fargo,3.92,3,255
7574,"Devil May Cry (Dark-Hunter, #11)",Sherrilyn Kenyon,4.30,4,255
7575,"It Happened One Autumn (Wallflowers, #2)",Lisa Kleypas,4.10,3,254
7576,"The Jefferson Key (Cotton Malone, #7)",Steve Berry,3.92,4,254
7577,The Curious Case of Benjamin Button,F. Scott Fitzgerald,3.58,3,254
7578,The Persnickety Princess (Tales from Upon A. Time #1),Falcon Storm,4.52,3,254
7579,"Goddess (Starcrossed, #3)",Josephine Angelini,4.21,3,254
7580,"One Week Girlfriend (One Week Girlfriend, #1)",Monica  Murphy,3.91,3,254
7581,The Intuitionist,Colson Whitehead,3.63,4,254
7582,The Counterfeiters,André Gide,3.83,3,254
7583,"Greenwitch (The Dark is Rising, #3)",Susan Cooper,4.00,3,254
7584,"Nevernight (The Nevernight Chronicle, #1)",Jay Kristoff,4.22,3,254
7585,Venus in Furs,Leopold von Sacher-Masoch,3.63,4,254
7586,"Catch Me (Detective D.D. Warren, #6)",Lisa Gardner,4.21,3,254
7587,"Squire (Protector of the Small, #3)",Tamora Pierce,4.30,4,254
7588,"Stone Cold (The Camel Club, #3)",David Baldacci,4.18,3,254
7589,The Shadows,Alex North,3.74,3,254
7590,We Are Okay,Nina LaCour,3.94,3,254
7591,Absolute Power,David Baldacci,4.20,3,254
7592,August: Osage County,Tracy Letts,4.14,3,254
7593,The Man Who Loved China: The Fantastic Story of the Eccentric Scientist Who Unlocked the Mysteries of the Middle Kingdom,Simon Winchester,3.84,3,254
7594,From Lukov with Love,Mariana Zapata,4.20,3,254
7595,Last of the Breed,Louis L'Amour,4.27,3,253
7596,Tigana,Guy Gavriel Kay,4.08,3,253
7597,The First American: The Life and Times of Benjamin Franklin,H.W. Brands,4.11,4,253
7598,Tara Road,Maeve Binchy,3.94,5,253
7599,"Beyond the Highland Mist (Highlander, #1)",Karen Marie Moning,3.95,4,253
7600,"Sugar Daddy (Travises, #1)",Lisa Kleypas,4.01,4,253
7601,"Born Free: A Lioness of Two Worlds (Story of Elsa, #1)",Joy Adamson,4.16,4,253
7602,"Garden of Shadows (Dollanganger, #5)",V.C. Andrews,3.94,3,253
7603,When Breath Becomes Air,Paul Kalanithi,4.41,3,253
7604,The Marsh King's Daughter,Karen Dionne,3.87,3,253
7605,Heart Bones,Colleen Hoover,4.21,3,253
7606,"Blacklands (Exmoor Trilogy, #1)",Belinda Bauer,3.75,3,253
7607,Emergency Contact,Mary H.K. Choi,3.63,3,253
7608,The Sisters: The Saga of the Mitford Family,Mary S. Lovell,3.91,3,253
7609,All the Beautiful Lies,Peter  Swanson,3.62,3,253
7610,"Takedown Twenty (Stephanie Plum, #20)",Janet Evanovich,3.87,3,253
7611,Wilder Girls,Rory Power,3.46,3,253
7612,"Hannah (Daughters of the Sea, #1)",Kathryn Lasky,3.68,3,253
7613,"Still Life With Crows (Pendergast, #4)",Douglas Preston,4.21,3,252
7614,Yarrow,Charles de Lint,3.91,4,252
7615,"The Darkness That Comes Before (The Prince of Nothing, #1)",R. Scott Bakker,3.84,3,252
7616,An Irish Country Doctor (Irish Country #1),Patrick Taylor,3.90,5,252
7617,"The Light Fantastic (Discworld, #2; Rincewind, #2)",Terry Pratchett,4.01,4,252
7618,The Story of Beautiful Girl,Rachel Simon,3.94,3,252
7619,"Strange Angels (Strange Angels, #1)",Lili St. Crow,3.79,4,252
7620,Milkweed,Jerry Spinelli,4.01,3,252
7621,"Crossroads of Twilight (The Wheel of Time, #10)",Robert Jordan,3.78,4,252
7622,"The Warded Man (The Demon Cycle, #1)",Peter V. Brett,4.25,3,252
7623,I Am Princess X,Cherie Priest,4.06,3,252
7624,Fierce Kingdom,Gin Phillips,3.52,3,252
7625,"Doctor No (James Bond, #6)",Ian Fleming,3.81,3,252
7626,A Very Punchable Face,Colin Jost,4.21,3,252
7627,The Third Secret,Steve Berry,3.89,4,252
7628,"House of Salt and Sorrows (Sisters of the Salt, #1)",Erin A. Craig,3.90,3,252
7629,The Project,Courtney Summers,3.51,3,252
7630,The Secrets She Keeps,Michael Robotham,4.02,3,252
7631,"And In-Between (The Fallen, #3)",Julie Mannino,3.96,3,252
7632,Take My Hand,Dolen Perkins-Valdez,4.36,3,252
7633,"Czas pogardy (Saga o Wiedźminie, #2)",Andrzej Sapkowski,4.16,4,251
7634,Groundwork of the Metaphysics of Morals,Immanuel Kant,3.83,3,251
7635,The Obesity Myth: Why America's Obsession with Weight is Hazardous to Your Health,Paul Campos,4.03,3,251
7636,"First Drop of Crimson (Night Huntress World, #1)",Jeaniene Frost,4.15,4,251
7637,Walk Away with Me,Darby Davenport,4.08,3,251
7638,The Condition of the Working Class in England,Friedrich Engels,4.02,3,251
7639,Unfinished Tales,J.R.R. Tolkien,4.02,3,251
7640,"The Last Lion: Winston Spencer Churchill: Defender of the Realm, 1940-1965",William Manchester,4.44,3,251
7641,"Egghead; or, You Can't Survive on Ideas Alone",Bo Burnham,4.03,3,251
7642,"The Archived (The Archived, #1)",Victoria E. Schwab,3.96,3,251
7643,"In the Hand of the Goddess (Song of the Lioness, #2)",Tamora Pierce,4.24,3,251
7644,My Year of Rest and Relaxation,Ottessa Moshfegh,3.62,3,251
7645,The Night She Disappeared,Lisa Jewell,4.10,3,251
7646,"A Spy in the House (The Agency, #1)",Y.S. Lee,3.79,4,251
7647,"Cemetery Boys (Cemetery Boys, #1)",Aiden Thomas,4.25,3,251
7648,"Visions of Sugar Plums (Stephanie Plum, #8.5)",Janet Evanovich,3.73,3,251
7649,"Pardonable Lies (Maisie Dobbs, #3)",Jacqueline Winspear,4.10,3,251
7650,Auschwitz: True Tales From a Grotesque Land,Sara Nomberg-Przytyk,4.19,4,250
7651,It's Not About the Bike: My Journey Back to Life,Lance Armstrong,3.71,3,250
7652,"The Worst Witch (Worst Witch, #1)",Jill Murphy,3.96,3,250
7653,Essays and Aphorisms,Arthur Schopenhauer,4.17,3,250
7654,"Royal Blood (Her Royal Spyness Mysteries, #4)",Rhys Bowen,3.99,3,250
7655,"The Other Wind (Earthsea Cycle, #6)",Ursula K. Le Guin,4.20,3,250
7656,"White Rose, Black Forest",Eoin Dempsey,4.12,3,250
7657,"I Hear the Sirens in the Street (Detective Sean Duffy, #2)",Adrian McKinty,4.07,3,250
7658,"Carpe Jugulum (Discworld, #23; Witches, #6)",Terry Pratchett,4.18,3,250
7659,"Acceptance (Southern Reach, #3)",Jeff VanderMeer,3.66,3,250
7660,"Robopocalypse (Robopocalypse, #1)",Daniel H. Wilson,3.71,3,250
7661,Revolution,Jennifer Donnelly,4.00,3,250
7662,"Wicked (Pretty Little Liars, #5)",Sara Shepard,3.95,3,250
7663,"Radiance (Wraith Kings, #1)",Grace Draven,3.99,3,250
7664,Harvest,Tess Gerritsen,4.18,3,250
7665,Dream Story,Arthur Schnitzler,3.76,3,249
7666,In the Penal Colony,Franz Kafka,3.93,3,249
7667,Life & Times of Michael K,J.M. Coetzee,3.87,3,249
7668,"The Mortal Instruments Boxed Set: City of Bones; City of Ashes; City of Glass (The Mortal Instruments, #1-3)",Cassandra Clare,4.55,3,249
7669,Abarat,Clive Barker,4.10,3,249
7670,"A Crown of Swords (The Wheel of Time, #7)",Robert Jordan,4.07,4,249
7671,The Lost Continent: Travels in Small-Town America,Bill Bryson,3.81,3,249
7672,On Beauty,Zadie Smith,3.78,3,249
7673,The Weight of Ink,Rachel Kadish,4.14,3,249
7674,"Sacred (Kenzie & Gennaro, #3)",Dennis Lehane,3.96,4,249
7675,"The Executioner (Robert Hunter, #2)",Chris         Carter,4.38,3,249
7676,The Feeling Good Handbook,David D. Burns,3.95,3,249
7677,The Noisy Paint Box,Barb Rosenstock,4.16,3,249
7678,"The High Auction (Wisdom Revolution, #1)",Misba,4.70,3,249
7679,The Man Who Loved Only Numbers: The Story of  Paul Erdős and the Search for Mathematical Truth,Paul Hoffman,4.05,3,249
7680,"To Sir Phillip, With Love (Bridgertons, #5)",Julia Quinn,3.70,3,249
7681,"Reunion in Death (In Death, #14)",J.D. Robb,4.38,3,249
7682,"The Kalahari Typing School for Men (No. 1 Ladies' Detective Agency, #4)",Alexander McCall Smith,4.01,3,249
7683,"Red Clay, Running Waters",Leslie K. Simmons,4.46,3,249
7684,Fallen Angels,Walter Dean Myers,3.99,3,248
7685,A Man,Oriana Fallaci,4.40,4,248
7686,The Golden Bough,James George Frazer,4.02,4,248
7687,Washington's Crossing,David Hackett Fischer,4.15,4,248
7688,The Endurance: Shackleton's Legendary Antarctic Expedition,Caroline Alexander,4.34,3,248
7689,The Hundred-Foot Journey,Richard C. Morais,3.57,3,248
7690,Inside His Head: The Assistant Mini Book,Elle Brace,4.12,3,248
7691,The Long Weekend,Ross Lennon,4.52,3,248
7692,"Homecoming (Tillerman Cycle, #1)",Cynthia Voigt,3.97,3,248
7693,The Flanders Panel,Arturo Pérez-Reverte,3.79,3,248
7694,Inny świat,Gustaw Herling-Grudziński,3.98,3,248
7695,"Dead Beat (The Dresden Files, #7)",Jim  Butcher,4.41,3,248
7696,The Prefect (Prefect Dreyfus Emergency #1),Alastair Reynolds,4.16,3,248
7697,The Speed of Trust: The One Thing that Changes Everything,Stephen M.R. Covey,3.97,3,248
7698,Other Minds,Peter Godfrey-Smith,3.88,3,248
7699,Secondhand Time: The Last of the Soviets,Svetlana Alexievich,4.46,3,248
7700,"Have His Carcase (Lord Peter Wimsey, #8)",Dorothy L. Sayers,4.11,3,248
7701,"Magonia (Magonia, #1)",Maria Dahvana Headley,3.53,4,248
7702,ثلاثية غرناطة,Radwa Ashour,4.29,3,247
7703,"The Magic of You (Malory-Anderson Family, #4)",Johanna Lindsey,4.17,3,247
7704,"Eona: The Last Dragoneye (Eon, #2)",Alison Goodman,4.11,3,247
7705,"Henry Huggins (Henry Huggins, #1)",Beverly Cleary,4.01,4,247
7706,"The Immortal Rules (Blood of Eden, #1)",Julie Kagawa,4.07,4,247
7707,The Swan Thieves,Elizabeth Kostova,3.58,3,247
7708,Capitães da Areia,Jorge Amado,4.37,4,247
7709,Frederica,Georgette Heyer,4.19,4,247
7710,The Power Broker: Robert Moses and the Fall of New York,Robert A. Caro,4.51,3,247
7711,قمر على سمرقند,محمد المنسي قنديل,3.87,3,247
7712,The Twilight Saga Complete Collection,Stephenie Meyer,4.34,3,247
7713,Flight,Sherman Alexie,3.89,3,247
7714,Ghost in the Wires: My Adventures as the World's Most Wanted Hacker,Kevin D. Mitnick,3.96,3,247
7715,"Crooked Letter, Crooked Letter",Tom Franklin,3.83,3,247
7716,Melissa,Alex  Gino,4.09,3,247
7717,Troilus and Cressida,William Shakespeare,3.41,3,247
7718,No Exit and Three Other Plays,Jean-Paul Sartre,4.08,3,247
7719,"The Ghost Fields (Ruth Galloway, #7)",Elly Griffiths,4.11,3,247
7720,Bath Haus,P.J.  Vernon,3.76,3,247
7721,"My Soul to Take (Soul Screamers, #1)",Rachel Vincent,3.88,3,247
7722,Fat Kid Rules the World,K.L. Going,3.80,3,246
7723,Lock and Key,Sarah Dessen,3.99,3,246
7724,The Innocents Abroad,Mark Twain,3.84,4,246
7725,Strange Pilgrims: Twelve Stories,Gabriel García Márquez,4.04,3,246
7726,Joseph and His Brothers,Thomas Mann,4.43,3,246
7727,Le Grand Meaulnes,Alain-Fournier,3.72,4,246
7728,The Enchanted Castle,E. Nesbit,3.83,3,246
7729,"A Memory of Light (The Wheel of Time, #14)",Robert Jordan,4.58,3,246
7730,The Women in the Castle,Jessica Shattuck,3.84,3,246
7731,"Hour Game (Sean King & Michelle Maxwell, #2)",David Baldacci,4.04,3,246
7732,"The Lions of Lucerne (Scot Harvath, #1)",Brad Thor,4.09,3,246
7733,"The Reversal (The Lincoln Lawyer, #3; Harry Bosch Universe, #22)",Michael    Connelly,4.21,3,246
7734,The Smartest Guys in the Room: The Amazing Rise and Scandalous Fall of Enron,Bethany McLean,4.22,3,246
7735,"Ceremony in Death (In Death, #5)",J.D. Robb,4.27,3,246
7736,"The Big Nowhere (L.A. Quartet, #2)",James Ellroy,4.09,3,246
7737,Thing Explainer: Complicated Stuff in Simple Words,Randall Munroe,4.14,4,246
7738,Heart of Darfur,Lisa French Blaker,3.76,3,245
7739,Behold the Man,Michael Moorcock,3.76,4,245
7740,"Command and Control: Nuclear Weapons, the Damascus Accident, and the Illusion of Safety",Eric Schlosser,4.26,3,245
7741,I Am Watching You,Teresa Driscoll,3.96,3,245
7742,"No Man's Land (John Puller, #4)",David Baldacci,4.21,3,245
7743,Stop Walking on Eggshells: Taking Your Life Back When Someone You Care about Has Borderline Personality Disorder,Paul T. Mason,4.01,3,245
7744,"Partials (Partials Sequence, #1)",Dan Wells,3.93,3,245
7745,The Prime of Miss Jean Brodie,Muriel Spark,3.70,4,245
7746,The Art of Possibility: Transforming Professional and Personal Life,Rosamund Stone Zander,3.92,3,245
7747,"All Systems Red (The Murderbot Diaries, #1)",Martha Wells,4.13,3,245
7748,"Heat Rises (Nikki Heat, #3)",Richard Castle,3.94,3,245
7749,"Creep (Creep, #1)",Jennifer Hillier,3.91,3,245
7750,The Personal Librarian,Marie Benedict,4.05,3,245
7751,"Magic Bleeds (Kate Daniels, #4)",Ilona Andrews,4.43,3,245
7752,Relentless,Dean R. Koontz,3.77,3,244
7753,"Seizure (Virals, #2)",Kathy Reichs,4.15,3,244
7754,The Mahābhārata,Krishna-Dwaipayana Vyasa,4.32,3,244
7755,Prelude to Foundation,Isaac Asimov,4.16,4,244
7756,The Glass Palace,Amitav Ghosh,4.00,3,244
7757,Islands in the Stream,Ernest Hemingway,3.88,3,244
7758,The Last Leaf,O. Henry,4.32,3,244
7759,"Acheron (Dark-Hunter, #8; Entire Dark-Hunterverse, #15; Dark-Hunterverse, #23)",Sherrilyn Kenyon,4.56,3,244
7760,The Rent Collector,Camron Wright,4.27,3,244
7761,Eaters of the Dead,Michael Crichton,3.71,3,244
7762,This Is How You Lose the Time War,Amal El-Mohtar,3.86,3,244
7763,The Amber Room,Steve Berry,3.88,3,244
7764,"When the children come (Children of the Eye, #1)",Barry Kirwan,4.35,3,244
7765,"Jack & Jill (Alex Cross, #3)",James  Patterson,4.00,4,244
7766,"A Guilty Thing Surprised (Inspector Wexford, #5)",Ruth Rendell,3.83,3,244
7767,"One Crazy Summer (Gaither Sisters, #1)",Rita Williams-Garcia,4.02,3,244
7768,Lessons in Chemistry,Bonnie Garmus,4.28,3,244
7769,Coffin Road,Peter  May,4.01,3,244
7770,Every Last Secret,A.R. Torre,3.95,3,244
7771,The Undercover Economist,Tim Harford,3.81,3,243
7772,The Interestings,Meg Wolitzer,3.60,4,243
7773,Three Junes,Julia Glass,3.57,3,243
7774,The Natural,Bernard Malamud,3.61,3,243
7775,"The Slippery Slope (A Series of Unfortunate Events, #10)",Lemony Snicket,4.05,3,243
7776,"Catherine, Called Birdy",Karen Cushman,3.74,4,243
7777,Dare to Lead,Brené Brown,4.18,3,243
7778,Whisper Me This,Kerry Anne King,4.00,3,243
7779,The 33 Strategies of War,Robert Greene,4.23,3,243
7780,Stillness Is the Key,Ryan Holiday,4.23,3,243
7781,The Midwife's Apprentice,Karen Cushman,3.73,4,243
7782,The Piper,Julie Mannino,4.36,3,243
7783,Lincoln: A Photobiography,Russell Freedman,3.90,3,243
7784,"Love & Gelato (Love & Gelato, #1)",Jenna Evans Welch,4.03,3,243
7785,Confederates in the Attic: Dispatches from the Unfinished Civil War,Tony Horwitz,4.10,4,242
7786,The Executioner's Song,Norman Mailer,4.05,5,242
7787,The Choice,Nicholas Sparks,4.01,3,242
7788,The Periodic Table,Primo Levi,4.14,4,242
7789,Letter to My Daughter,Maya Angelou,4.09,4,242
7790,"The Black Company (The Chronicles of the Black Company, #1)",Glen Cook,3.93,3,242
7791,"The Alchemyst (The Secrets of the Immortal Nicholas Flamel, #1)",Michael Scott,3.86,3,242
7792,I Want My Hat Back,Jon Klassen,4.35,3,242
7793,Until Morning Comes,Jonathan Epps,4.23,3,242
7794,"The Gods of Guilt (The Lincoln Lawyer, #5; Harry Bosch Universe, #26)",Michael    Connelly,4.21,4,242
7795,"The Wild Robot (The Wild Robot, #1)",Peter  Brown,4.21,3,242
7796,The Android's Dream,John Scalzi,3.99,3,242
7797,Swarm,Guy Morris,4.30,3,242
7798,Apples Never Fall,Liane Moriarty,3.76,3,242
7799,The Obesity Code: Unlocking the Secrets of Weight Loss,Jason Fung,4.37,3,242
7800,Disney's The Lion King,Don Ferguson,4.51,3,241
7801,"Articles on Enid Blyton Series, Including: The Famous Five (Series), the Secret Seven, Malory Towers, the Faraway Tree, St. Clare's (Series), the Five Find-Outers, the Adventure Series, the Wishing Chair (Series), the Circus Series",Hephaestus Books,4.49,3,241
7802,Tommy Goes Trick-Or-Treating (a Bird Brain Book),Emlyn Chand,3.84,3,241
7803,The Easter Parade,Richard Yates,4.03,3,241
7804,ساق البامبو,سعود السنعوسي,4.21,3,241
7805,My Place,Sally Morgan,3.99,4,241
7806,Berlin Alexanderplatz,Alfred Döblin,3.85,4,241
7807,Feminists Don't Wear Pink (And Other Lies): Amazing Women on What the F-Word Means to Them,Scarlett Curtis,4.00,3,241
7808,The Duchess of Malfi,John      Webster,3.63,3,241
7809,"The Sirens Sang of Murder (Hilary Tamar, #3)",Sarah Caudwell,3.97,3,241
7810,Saint Joan,George Bernard Shaw,3.77,3,241
7811,Rage Becomes Her: The Power of Women's Anger,Soraya Chemaly,4.34,4,241
7812,"Wish You Were Here (Mrs. Murphy, #1)",Rita Mae Brown,3.83,3,241
7813,Dear Fatty,Dawn French,3.81,3,241
7814,Gomorrah,Roberto Saviano,3.80,3,241
7815,A Nearly Normal Family,M.T. Edvardsson,3.82,3,241
7816,Blood Orange,Harriet Tyce,3.85,3,241
7817,"Idoru (Bridge, #2)",William Gibson,3.84,3,240
7818,An Episode of Sparrows,Rumer Godden,4.23,4,240
7819,"Farsighted (Farsighted, #1)",Emlyn Chand,3.77,3,240
7820,Survivor Roundup (Zombie West #2),Angela  Scott,4.27,3,240
7821,In the Bleak Midwinter (The Rev. Clare Fergusson & Russ Van Alstyne Mysteries #1),Julia Spencer-Fleming,3.89,3,240
7822,"Bridget Jones: The Edge of Reason (Bridget Jones, #2)",Helen Fielding,3.62,3,240
7823,"Beat to Quarters (Hornblower Saga: Chronological Order, # 6 )",C.S. Forester,4.29,4,240
7824,"CryoBurn (Vorkosigan Saga, #14)",Lois McMaster Bujold,4.08,3,240
7825,In the Blood,Lisa Unger,3.94,3,240
7826,"The Romanovs, 1613-1918",Simon Sebag Montefiore,4.01,3,240
7827,Entropy: A New World View,Jeremy Rifkin,3.84,3,239
7828,"Pattern Recognition (Blue Ant, #1)",William Gibson,3.87,3,239
7829,Stand on Zanzibar,John Brunner,3.94,4,239
7830,Young Goodman Brown,Nathaniel Hawthorne,3.65,3,239
7831,Jellicle Girl,Stevie Mikayne,3.91,3,239
7832,Poppy the Proud,Emlyn Chand,4.15,3,239
7833,How I Live Now,Meg Rosoff,3.58,3,239
7834,"The Rise of Endymion (Hyperion Cantos, #4)",Dan Simmons,4.17,3,239
7835,Measure for Measure,William Shakespeare,3.67,3,239
7836,Luckiest Girl Alive,Jessica Knoll,3.54,3,239
7837,Indistractable: How to Control Your Attention and Choose Your Life,Nir   Eyal,3.74,3,239
7838,"The Final Gambit (The Inheritance Games, #3)",Jennifer Lynn Barnes,4.11,3,239
7839,"Double Cross (Alex Cross, #13)",James  Patterson,4.04,4,239
7840,"Murder of Crows (The Others, #2)",Anne Bishop,4.27,3,239
7841,The Christie Affair,Nina de Gramont,3.71,3,239
7842,The Disreputable History of Frankie Landau-Banks,E. Lockhart,3.81,3,239
7843,The Problem with Forever,Jennifer L. Armentrout,3.96,3,239
7844,كليلة ودمنة,عبد الله بن المقفع,4.10,3,238
7845,"The Sackett Brand (The Sacketts, #10)",Louis L'Amour,4.26,3,238
7846,"Frostbitten (Women of the Otherworld, #10)",Kelley Armstrong,4.27,3,238
7847,Playing the Enemy: Nelson Mandela and the Game That Made a Nation,John Carlin,4.17,3,238
7848,"Her Twisted Pleasures (The Twisted Mosaic, #1)",Amelia James,3.61,3,238
7849,A View from the Bridge: A Play in Two Acts,Arthur Miller,3.70,3,238
7850,"Love, Stargirl (Stargirl, #2)",Jerry Spinelli,3.82,3,238
7851,The First Circle,Aleksandr Solzhenitsyn,4.24,3,238
7852,Le Petit Nicolas,René Goscinny,4.14,4,238
7853,"Nightshade (Nightshade, #1; Nightshade World, #4)",Andrea Cremer,4.01,3,238
7854,The Discovery of India,Jawaharlal Nehru,4.09,3,238
7855,Unnatural Causes: The Life and Many Deaths of Britain's Top Forensic Pathologist,Richard Shepherd,4.32,3,238
7856,Exhalation,Ted Chiang,4.27,3,238
7857,Katherine,Anya Seton,4.21,3,238
7858,"Robots and Empire (Robot, #4)",Isaac Asimov,4.23,3,238
7859,"Prisoner of Night and Fog (Prisoner of Night and Fog, #1)",Anne Blankman,4.04,3,238
7860,"Criminal (Will Trent, #6)",Karin Slaughter,4.28,3,238
7861,My Friend Dahmer: A Graphic Novel,Derf Backderf,3.91,3,238
7862,The Grace Year,Kim Liggett,4.15,3,238
7863,Song Yet Sung,James   McBride,4.04,3,237
7864,The Private Memoirs and Confessions of a Justified Sinner,James Hogg,3.68,3,237
7865,Marathon Man,William Goldman,4.11,4,237
7866,"Fuzzy Nation (Fuzzy Sapiens, #7)",John Scalzi,4.14,3,237
7867,"A Storm of Swords: Steel and Snow (A Song of Ice and Fire, #3.1)",George R.R. Martin,4.46,3,237
7868,1491: New Revelations of the Americas Before Columbus,Charles C. Mann,4.05,4,237
7869,"Command Authority (Jack Ryan Jr, #5; Jack Ryan, #9)",Tom Clancy,4.13,3,237
7870,The Path Made Clear: Discovering Your Life's Direction and Purpose,Oprah Winfrey,3.96,3,237
7871,Ice Station Zebra,Alistair MacLean,4.01,3,237
7872,Misbehaving: The Making of Behavioral Economics,Richard H. Thaler,4.16,3,237
7873,"Prayers for Rain (Kenzie & Gennaro, #5)",Dennis Lehane,4.09,3,237
7874,Here and Now and Then,Mike Chen,3.76,3,237
7875,"Silent Child (Silent Child, #1)",Sarah A. Denzil,4.02,3,237
7876,The Kingdom of Back,Marie Lu,3.71,3,237
7877,Amish Grace: How Forgiveness Transcended Tragedy,Donald B. Kraybill,3.79,3,236
7878,A Midnight Clear,William Wharton,4.18,3,236
7879,L'avare,Molière,3.56,3,236
7880,"The Wrinkle in Time Quintet - Digest Size Boxed Set (Time Quintet, #1-5)",Madeleine L'Engle,4.35,3,236
7881,Don't Waste Your Life,John      Piper,4.14,3,236
7882,The Moon Is Down,John Steinbeck,3.94,3,236
7883,Vicky Finds a Valentine,Emlyn Chand,4.13,3,236
7884,"Angus, Thongs and Full-Frontal Snogging (Confessions of Georgia Nicolson, #1)",Louise Rennison,3.76,3,236
7885,De donkere kamer van Damokles,Willem Frederik Hermans,3.80,3,236
7886,Shadow of the Giant (The Shadow #4),Orson Scott Card,4.01,3,236
7887,Chrysanthemum,Kevin Henkes,4.34,3,236
7888,"Undead and Unwed (Undead, #1)",MaryJanice Davidson,3.82,3,236
7889,Eligible: A Modern Retelling of Pride & Prejudice,Curtis Sittenfeld,3.60,3,236
7890,What Got You Here Won't Get You There,Marshall Goldsmith,3.95,3,236
7891,Clapton: The Autobiography,Eric Clapton,3.83,3,236
7892,"Borne (Borne, #1)",Jeff VanderMeer,3.93,3,236
7893,The Ghost Bride,Yangsze Choo,3.81,3,236
7894,I Don't Have to Make Everything All Better,Gary B. Lundberg,4.12,3,235
7895,One Hundred Eighty Two Days in Afghanistan,Ryan Manganiello,3.61,3,235
7896,"Four Ways to Forgiveness (Hainish Cycle, #7)",Ursula K. Le Guin,4.20,4,235
7897,Who Fears Death,Nnedi Okorafor,3.93,3,235
7898,"Harold and the Purple Crayon (Harold, #1)",Crockett Johnson,4.28,3,235
7899,"Last to Die (Rizzoli & Isles, #10)",Tess Gerritsen,4.13,3,235
7900,The Miracle Morning: The Not-So-Obvious Secret Guaranteed to Transform Your Life: Before 8AM,Hal Elrod,3.90,3,235
7901,"Pieces of Her (Andrea Oliver, #1)",Karin Slaughter,3.83,3,235
7902,"The Burning Maze (The Trials of Apollo, #3)",Rick Riordan,4.27,3,235
7903,"Red Sister (Book of the Ancestor, #1)",Mark  Lawrence,4.17,3,235
7904,"Fer-de-Lance (Nero Wolfe, #1)",Rex Stout,3.97,3,235
7905,Code to Zero,Ken Follett,3.86,3,235
7906,A Noise Downstairs,Linwood Barclay,3.84,3,235
7907,"Heartstopper: Volume Four (Heartstopper, #4)",Alice Oseman,4.59,3,235
7908,American Prison: A Reporter's Undercover Journey into the Business of Punishment,Shane Bauer,4.23,3,235
7909,Innocent Traitor,Alison Weir,3.98,4,234
7910,Concerning the Spiritual in Art,Wassily Kandinsky,3.84,3,234
7911,Jesus Calling: Enjoying Peace in His Presence,Sarah  Young,4.46,3,234
7912,The Ancestor's Tale: A Pilgrimage to the Dawn of Evolution,Richard Dawkins,4.14,4,234
7913,Alcoholics Anonymous,Alcoholics Anonymous,4.49,5,234
7914,The Wall,John Hersey,4.29,3,234
7915,Trinity,Leon Uris,4.29,4,234
7916,"Independent Study (The Testing, #2)",Joelle Charbonneau,3.95,3,234
7917,"The Watchmaker of Filigree Street (The Watchmaker of Filigree Street, #1)",Natasha Pulley,3.73,3,234
7918,"Threat Vector (Jack Ryan Jr, #4; Jack Ryan Universe, #15)",Tom Clancy,4.20,3,234
7919,"Hidden Bodies (You, #2)",Caroline Kepnes,3.74,3,234
7920,"Lick (Stage Dive, #1)",Kylie Scott,4.05,3,234
7921,"Grass (Arbai, #1)",Sheri S. Tepper,4.03,3,234
7922,"Broken Homes (Rivers of London, #4)",Ben Aaronovitch,4.16,3,234
7923,The Invited,Jennifer  McMahon,3.81,3,234
7924,"The Pale Horseman (The Saxon Stories, #2)",Bernard Cornwell,4.31,3,234
7925,Willow,Julia Hoban,3.90,3,233
7926,No One Would Listen,Harry Markopolos,3.87,3,233
7927,"Burned (Burned, #1)",Ellen Hopkins,4.25,3,233
7928,The Greatest Generation,Tom Brokaw,4.03,3,233
7929,Agatha Christie: An Autobiography,Agatha Christie,4.12,4,233
7930,The Lions of Al-Rassan,Guy Gavriel Kay,4.30,3,233
7931,"The Hound of Rowan (The Tapestry, #1)",Henry H. Neff,4.05,3,233
7932,"The World of Winnie-the-Pooh (Winnie-the-Pooh, #1-2)",A.A. Milne,4.42,3,233
7933,"Clockwork Angel (The Infernal Devices, #1)",Cassandra Clare,4.31,3,233
7934,"Path of the Assassin (Scot Harvath, #2)",Brad Thor,4.19,4,233
7935,Reviving Ophelia: Saving the Selves of Adolescent Girls,Mary Pipher,3.89,5,232
7936,The Snow Leopard,Peter Matthiessen,4.07,3,232
7937,UR,Stephen        King,3.76,4,232
7938,"Rock Chick (Rock Chick, #1)",Kristen Ashley,4.17,3,232
7939,The Flame Trees of Thika: Memories of an African Childhood,Elspeth Huxley,4.11,4,232
7940,Sentimental Education,Gustave Flaubert,3.81,4,232
7941,"Petals on the Wind (Dollanganger, #2)",V.C. Andrews,3.82,3,232
7942,A Night to Remember,Walter Lord,4.09,3,232
7943,"Locked On (Jack Ryan Jr, #3; Jack Ryan Universe, #14)",Tom Clancy,4.11,3,232
7944,"Ship of Destiny (Liveship Traders, #3)",Robin Hobb,4.31,3,232
7945,Everything is Figureoutable,Marie Forleo,3.98,3,232
7946,"I Am Not a Serial Killer (John Cleaver, #1)",Dan Wells,3.79,3,232
7947,"The Scarpetta Factor (Kay Scarpetta, #17)",Patricia Cornwell,3.75,3,232
7948,"Salvation in Death (In Death, #27)",J.D. Robb,4.29,3,232
7949,"The Outcast Dead (Ruth Galloway, #6)",Elly Griffiths,4.16,3,232
7950,"The Moving Finger (Miss Marple, #3)",Agatha Christie,3.86,3,232
7951,Down to Earth Sociology: Introductory Readings,James M. Henslin,3.81,3,231
7952,Cousin Bette,Honoré de Balzac,3.85,4,231
7953,The Only Alien on the Planet,Kristen D. Randle,4.30,3,231
7954,My Sister Jodie,Jacqueline Wilson,4.12,3,231
7955,"Acid Dreams: The CIA, LSD and the Sixties Rebellion",Martin A. Lee,4.12,3,231
7956,Scientific Miracles in Ocean and Animals,Yusuf Al-Hajj Ahmad,4.28,3,231
7957,Red Storm Rising,Tom Clancy,4.21,4,231
7958,رباعيات خيام,Omar Khayyám,4.17,3,231
7959,Hope: A Tragedy,Shalom Auslander,3.45,3,231
7960,"The Tyrant’s Tomb (The Trials of Apollo, #4)",Rick Riordan,4.32,3,231
7961,"Wednesday's Child (Inspector Banks, #6)",Peter    Robinson,4.03,3,231
7962,The Good Son,You-Jeong Jeong,3.75,3,231
7963,A False Report: A True Story of Rape in America,T. Christian Miller,4.19,3,231
7964,Herzog,Saul Bellow,3.76,3,230
7965,"The Cross of Lead (Crispin, #1)",Avi,3.65,3,230
7966,"Dreaming the Eagle (Boudica, #1)",Manda Scott,4.07,3,230
7967,"Dawn of the Dreadfuls (Pride and Prejudice and Zombies, #0.5)",Steve Hockensmith,3.50,3,230
7968,A Day No Pigs Would Die,Robert Newton Peck,3.59,3,230
7969,The Collected Stories of Philip K. Dick 1: The Short Happy Life of the Brown Oxford,Philip K. Dick,4.17,3,230
7970,Scientific Wonders on Earth & in Space,Yusuf Al-Hajj Ahmad,4.32,3,230
7971,Spinning Silver,Naomi Novik,4.19,3,230
7972,"The Calling (Darkness Rising, #2)",Kelley Armstrong,4.08,3,230
7973,Nelson Mandela,Kadir Nelson,4.27,3,230
7974,Brief Answers to the Big Questions,Stephen Hawking,4.27,3,230
7975,"The Lunatic Cafe (Anita Blake, Vampire Hunter, #4)",Laurell K. Hamilton,4.13,3,230
7976,"Fury (New Species, #1)",Laurann Dohner,4.08,3,230
7977,The Road of Lost Innocence: The True Story of a Cambodian Heroine,Somaly Mam,4.20,3,229
7978,ديوان الإمام الشافعي,محمد بن إدريس الشافعي,4.45,3,229
7979,"If You're Reading This, It's Too Late (Secret, #2)",Pseudonymous Bosch,4.22,3,229
7980,Stone's Fall,Iain Pears,3.87,3,229
7981,"The Art of Hearing Heartbeats (The Art of Hearing Heartbeats, #1)",Jan-Philipp Sendker,4.03,3,229
7982,"The Runaway King (Ascendance, #2)",Jennifer A. Nielsen,4.24,3,229
7983,"The Terrible Two (The Terrible Two, #1)",Mac Barnett,4.13,3,229
7984,"Isla and the Happily Ever After (Anna and the French Kiss, #3)",Stephanie Perkins,3.99,3,229
7985,The Bed of Procrustes: Philosophical and Practical Aphorisms,Nassim Nicholas Taleb,3.79,3,229
7986,"Shadow's Edge (Night Angel, #2)",Brent Weeks,4.25,3,229
7987,"A Lesson in Secrets (Maisie Dobbs, #8)",Jacqueline Winspear,4.06,3,229
7988,The Good Neighbor: The Life and Work of Fred Rogers,Maxwell King,3.99,3,229
7989,The Good Lie,A.R. Torre,4.12,3,229
7990,"The Hanging Girl (Department Q, #6)",Jussi Adler-Olsen,3.90,3,229
7991,Wicked (A Wicked Trilogy #1),Jennifer L. Armentrout,3.94,3,229
7992,Hold Still,Nina LaCour,4.00,3,229
7993,Mushroom Satori: The Cult Diary,Joseph Szimhart,4.17,3,229
7994,"Skin Trade (Anita Blake, Vampire Hunter, #17)",Laurell K. Hamilton,3.94,3,229
7995,"Reunion (The Mediator, #3)",Jenny Carroll,4.09,3,229
7996,Torn Together,Emlyn Chand,4.13,3,228
7997,"Guardians of the West (The Malloreon, #1)",David Eddings,4.11,3,228
7998,"Max Havelaar, or the Coffee Auctions of the Dutch Trading Company",Multatuli,3.52,3,228
7999,Media Control: The Spectacular Achievements of Propaganda,Noam Chomsky,4.02,3,228
8000,"Lover at Last (Black Dagger Brotherhood, #11)",J.R. Ward,4.30,3,228
8001,"The 100-Year-Old Man Who Climbed Out the Window and Disappeared (The Hundred-Year-Old Man, #1)",Jonas Jonasson,3.82,3,228
8002,"The Testaments (The Handmaid's Tale, #2)",Margaret Atwood,4.19,3,228
8003,Notes on an Execution,Danya Kukafka,4.06,3,228
8004,The Suspicions of Mr. Whicher: Murder and the Undoing of a Great Victorian Detective,Kate Summerscale,3.51,3,228
8005,"The Accidental Empress (Sisi, #1)",Allison Pataki,3.94,3,228
8006,"Spider Bones (Temperance Brennan, #13)",Kathy Reichs,3.93,3,228
8007,The Maze of Cadiz,Aly Monroe,3.48,3,227
8008,Fear and Trembling,Søren Kierkegaard,4.00,4,227
8009,Muhammad: His Life Based on the Earliest Sources,Martin Lings,4.57,3,227
8010,And Then it Rained: Lessons for Life,Megan Morrison,4.38,3,227
8011,"Nigella Express: Good Food, Fast",Nigella Lawson,3.96,3,227
8012,English Passengers,Matthew Kneale,4.07,3,227
8013,I Am One of You Forever,Fred Chappell,4.10,3,227
8014,"The Farthest Shore (Earthsea Cycle, #3)",Ursula K. Le Guin,4.13,3,227
8015,In the Meantime: Finding Yourself and the Love You Want,Iyanla Vanzant,4.13,3,227
8016,"Dog on It (A Chet and Bernie Mystery, #1)",Spencer Quinn,3.88,3,227
8017,"Tricky Twenty-Two (Stephanie Plum, #22)",Janet Evanovich,4.00,3,227
8018,Ammonite,Nicola Griffith,3.90,3,227
8019,"Fall From Grace (Mad World, #1)",Christine Zolendz,3.99,3,227
8020,The Star Diaries,Stanisław Lem,4.22,3,226
8021,Extraordinary Popular Delusions and the Madness of Crowds,Charles Mackay,3.82,3,226
8022,"The Mysterious Benedict Society and the Prisoner's Dilemma (The Mysterious Benedict Society, #3)",Trenton Lee Stewart,4.28,3,226
8023,"The Law of Attraction (Lawyers in Love, #1)",N.M. Silber,3.76,3,226
8024,"Royal Flush (Her Royal Spyness Mysteries, #3)",Rhys Bowen,3.98,4,226
8025,The Hungry Tide,Amitav Ghosh,3.99,3,226
8026,Belgarath the Sorcerer,David Eddings,4.10,3,226
8027,"Reliquary (Pendergast, #2)",Douglas Preston,4.04,3,226
8028,How to Become a Straight-A Student,Cal Newport,4.04,3,226
8029,"By the Pricking of My Thumbs (Tommy and Tuppence Mysteries, #4)",Agatha Christie,3.76,3,226
8030,Minor Feelings: An Asian American Reckoning,Cathy Park Hong,4.20,3,226
8031,"The Curse of Chalion (World of the Five Gods, #1)",Lois McMaster Bujold,4.18,3,225
8032,Kiss Kiss,Roald Dahl,4.06,3,225
8033,"Locke & Key, Vol. 1: Welcome to Lovecraft",Joe Hill,4.15,4,225
8034,The Stepford Wives,Ira Levin,3.87,3,225
8035,Need to Know,Karen   Cleveland,3.82,3,225
8036,"The High Auction (Wisdom Revolution, #1)",Misba,4.70,3,225
8037,"Anne of the Island (Anne of Green Gables, #3)",L.M. Montgomery,4.28,3,225
8038,The Brideship Wife,Leslie     Howard,3.78,3,225
8039,The Survivors,Jane Harper,3.76,3,225
8040,What's Eating Gilbert Grape,Peter Hedges,4.10,4,224
8041,Sin City Volume 1: The Hard Goodbye,Frank Miller,4.17,3,224
8042,Revolting Rhymes,Roald Dahl,4.15,3,224
8043,"Freak the Mighty (Freak the Mighty, #1)",Rodman Philbrick,4.02,3,224
8044,The Girl with the Louding Voice,Abi Daré,4.43,3,224
8045,"Enemy of God (The Warlord Chronicles, #2)",Bernard Cornwell,4.42,3,224
8046,American Kingpin: The Epic Hunt for the Criminal Mastermind Behind the Silk Road,Nick Bilton,4.41,3,224
8047,"The Dead Girls' Dance (The Morganville Vampires, #2)",Rachel Caine,4.04,3,224
8048,"Black Skin, White Masks",Frantz Fanon,4.26,5,223
8049,A Taste of Honey,Shelagh Delaney,3.60,3,223
8050,Solitude of Self,Elizabeth Cady Stanton,4.30,3,223
8051,"Under Heaven (Under Heaven, #1)",Guy Gavriel Kay,4.16,3,223
8052,The Door to December,Richard Paige,3.97,3,223
8053,On the Come Up,Angie Thomas,4.26,3,223
8054,Imperialism: The Highest Stage of Capitalism,Vladimir Lenin,4.25,3,222
8055,The Philosophy of Andy Warhol,Andy Warhol,3.84,3,222
8056,The Pickwick Papers,Charles Dickens,3.85,3,222
8057,How Should We Then Live? The Rise and Decline of Western Thought and Culture,Francis A. Schaeffer,4.17,3,222
8058,"Biting Cold (Chicagoland Vampires, #6)",Chloe Neill,4.12,3,222
8059,"Pure (Covenant, #2)",Jennifer L. Armentrout,4.25,3,222
8060,"Captive Prince (Captive Prince, #1)",C.S. Pacat,3.79,3,222
8061,The Man Who Planted Trees,Jean Giono,4.19,3,222
8062,"The Dark Days Club (Lady Helen, #1)",Alison Goodman,3.79,3,222
8063,The Book with No Pictures,B.J. Novak,4.35,3,222
8064,"Mythago Wood (Mythago Wood, #1)",Robert Holdstock,3.77,3,221
8065,Christ and the New Covenant: The Messianic Message of the Book of Mormon,Jeffrey R. Holland,4.49,3,221
8066,Runaway: Stories,Alice Munro,3.97,3,221
8067,The Worst Journey in the World,Apsley Cherry-Garrard,4.19,3,221
8068,The Chronicles of Prydain,Lloyd Alexander,4.43,3,221
8069,Islandia,Austin Tappan Wright,4.27,3,221
8070,Andrew Jackson: His Life and Times,H.W. Brands,3.94,3,221
8071,"Day Shift (Midnight, Texas, #2)",Charlaine Harris,4.01,3,221
8072,"Two Kinds of Truth (Harry Bosch, #20; Harry Bosch Universe, #31)",Michael    Connelly,4.28,3,221
8073,"Lords and Ladies (Discworld, #14; Witches, #4)",Terry Pratchett,4.21,3,221
8074,The Five Love Languages of Children,Gary Chapman,4.17,4,221
8075,"There Is a Bird on Your Head! (Elephant & Piggie, #4)",Mo Willems,4.39,3,221
8076,The Hammer of God,Arthur C. Clarke,3.71,4,220
8077,My Life: An Attempt at an Autobiography,Leon Trotsky,4.21,3,220
8078,Three Complete Novels: The Andromeda Strain / The Terminal Man / The Great Train Robbery,Michael Crichton,4.10,4,220
8079,"Suddenly Royal (The Royals, #1)",Nichole Chase,3.88,3,220
8080,The Tale of Genji,Murasaki Shikibu,3.72,4,220
8081,"Live and Let Die (James Bond, #2)",Ian Fleming,3.63,3,220
8082,Godless: The Church of Liberalism,Ann Coulter,3.32,4,219
8083,Star Maker,Olaf Stapledon,3.91,3,219
8084,Chariots of The Gods,Erich von Däniken,3.53,4,219
8085,Beauty and the Beast,Jeanne-Marie Leprince de Beaumont,3.97,5,219
8086,Vipers' Tangle,François Mauriac,4.07,3,219
8087,Candide and Other Stories,Voltaire,3.93,3,219
8088,"The Hobbit, Part One",J.R.R. Tolkien,4.31,3,219
8089,Where the Forest Meets the Stars,Glendy Vanderah,4.14,3,219
8090,"The Woman Who Rides Like a Man (Song of the Lioness, #3)",Tamora Pierce,4.19,3,219
8091,The Gentle Art of Swedish Death Cleaning,Margareta Magnusson,3.41,3,219
8092,As Bright as Heaven,Susan Meissner,4.11,4,219
8093,"The Retribution (Tony Hill & Carol Jordan, #7)",Val McDermid,4.07,3,219
8094,"Dear Girls: Intimate Tales, Untold Secrets, & Advice for Living Your Best Life",Ali Wong,3.84,3,219
8095,"Serpent & Dove (Serpent & Dove, #1)",Shelby Mahurin,3.98,3,219
8096,The Night Olivia Fell,Christina  McDonald,3.89,3,219
8097,Stupid White Men,Michael Moore,3.33,3,219
8098,Horse Heaven,Jane Smiley,3.89,3,218
8099,The Master of Go,Yasunari Kawabata,3.82,4,218
8100,"The Dark Elf Trilogy Collector's Edition (Forgotten Realms: Dark Elf Trilogy, #1-3; Legend of Drizzt, #1-3)",R.A. Salvatore,4.36,3,218
8101,Great Lion of God,Taylor Caldwell,4.18,4,218
8102,Ellen Foster,Kaye Gibbons,3.79,3,218
8103,Vidas Secas,Graciliano Ramos,4.23,3,218
8104,The Elephant Whisperer,Lawrence  Anthony,4.50,4,218
8105,The Crow,James O'Barr,4.31,3,218
8106,"Shadow & Claw (The Book of the New Sun, #1-2)",Gene Wolfe,4.04,3,218
8107,"Captivated by You (Crossfire, #4)",Sylvia Day,4.12,3,218
8108,Moonraker's Bride,Madeleine Brent,4.32,3,217
8109,The Machine Stops,E.M. Forster,4.07,3,217
8110,Passing,Nella Larsen,3.92,3,217
8111,Jefferson's Sons,Kimberly Brubaker Bradley,4.11,3,217
8112,It's Called a Breakup Because It's Broken: The Smart Girl's Break-Up Buddy,Greg Behrendt,3.97,3,217
8113,"Holy Bible: NIV, New International Version",Anonymous,4.62,3,217
8114,"Partners in Crime (Tommy & Tuppence Mysteries, #2)",Agatha Christie,3.78,4,217
8115,The Plays of Anton Chekhov,Anton Chekhov,4.26,3,217
8116,Ex Libris: Confessions of a Common Reader,Anne Fadiman,4.10,3,217
8117,The Continental Op,Dashiell Hammett,4.14,4,216
8118,Selected Poetry,John Keats,4.22,3,216
8119,The Secret Diary of Anne Boleyn,Robin Maxwell,3.84,3,216
8120,Jacob Have I Loved,Katherine Paterson,3.69,4,216
8121,Pudd'nhead Wilson,Mark Twain,3.75,3,216
8122,"Cordelia's Honor (Vorkosigan Omnibus, #1)",Lois McMaster Bujold,4.33,3,216
8123,"The Last Kingdom (The Saxon Stories, #1)",Bernard Cornwell,4.27,3,216
8124,Dream Dancer (Kerrion Empire #1),Janet E. Morris,3.94,3,216
8125,If I Ran the Zoo,Dr. Seuss,3.83,3,216
8126,The Final Girl Support Group,Grady Hendrix,3.51,3,216
8127,A Child's Garden of Verses,Robert Louis Stevenson,4.27,3,216
8128,The Napoleon of Notting Hill,G.K. Chesterton,3.83,3,215
8129,"Empress Orchid (Empress Orchid, #1)",Anchee Min,3.90,4,215
8130,Justice: What's the Right Thing to Do?,Michael J. Sandel,4.30,3,215
8131,Pollyanna Grows Up (Pollyanna #2),Eleanor H. Porter,3.86,4,215
8132,"I Shall Wear Midnight (Discworld, #38; Tiffany Aching, #4)",Terry Pratchett,4.36,3,215
8133,"Taken by Midnight (Midnight Breed, #8)",Lara Adrian,4.27,3,215
8134,Born Again,Charles W. Colson,4.26,3,215
8135,Behold the Dreamers,Imbolo Mbue,3.95,3,215
8136,"A Civil Campaign (Vorkosigan Saga, #12)",Lois McMaster Bujold,4.41,3,215
8137,I Found You,Lisa Jewell,3.95,3,215
8138,My Bondage and My Freedom,Frederick Douglass,4.38,3,214
8139,"The Daybreakers (The Sacketts, #6)",Louis L'Amour,4.27,3,214
8140,Under the Volcano,Malcolm Lowry,3.76,3,214
8141,"A Perfect Blood (The Hollows, #10)",Kim Harrison,4.39,3,214
8142,Pentimento,Lillian Hellman,3.95,4,214
8143,The Naked Ape,Desmond Morris,3.93,3,214
8144,"The School for Good and Evil (The School for Good and Evil, #1)",Soman Chainani,3.99,3,214
8145,Getting the Love You Want: A Guide for Couples,Harville Hendrix,4.05,3,214
8146,Cloud 9,Caryl Churchill,3.61,3,214
8147,"The Absent One (Department Q, #2)",Jussi Adler-Olsen,3.88,3,214
8148,"Scaredy Cat (Tom Thorne, #2)",Mark Billingham,3.95,3,214
8149,"The Last of August (Charlotte Holmes, #2)",Brittany Cavallaro,3.60,3,214
8150,"Castaways of the Flying Dutchman (Castaways of the Flying Dutchman, #1)",Brian Jacques,4.00,3,213
8151,Home Front,Kristin Hannah,4.25,3,213
8152,Dutchman & The Slave: Two Plays by LeRoi Jones,Amiri Baraka,3.78,3,213
8153,Lincoln,Gore Vidal,4.24,3,213
8154,Amerika,Franz Kafka,3.74,4,213
8155,"Dirty Red (Love Me with Lies, #2)",Tarryn Fisher,4.19,3,213
8156,"The Apprentice (Rizzoli & Isles, #2)",Tess Gerritsen,4.14,3,213
8157,"The Power of Full Engagement: Managing Energy, Not Time, Is the Key to High Performance and Personal Renewal",Jim Loehr,3.98,3,213
8158,"Henry VI, Part 1",William Shakespeare,3.54,3,213
8159,Each Peach Pear Plum,Janet Ahlberg,4.23,3,213
8160,Beach Read,Emily Henry,3.99,3,213
8161,"Second Grave on the Left (Charley Davidson, #2)",Darynda Jones,4.24,3,213
8162,"Into the Drowning Deep (Rolling in the Deep, #1)",Mira Grant,3.95,3,213
8163,"The Henna Artist (The Jaipur Trilogy, #1)",Alka Joshi,4.18,3,213
8164,"Broken (Women of the Otherworld, #6)",Kelley Armstrong,4.18,3,213
8165,Rabid: A Cultural History of the World's Most Diabolical Virus,Bill  Wasik,3.72,3,213
8166,"The Prodigal Daughter (Kane & Abel, #2)",Jeffrey Archer,3.98,3,212
8167,The Complete Saki,Saki,4.37,5,212
8168,"Iron Kissed (Mercy Thompson, #3)",Patricia Briggs,4.34,3,212
8169,Hidden Riches,Nora Roberts,4.07,3,212
8170,Where Late the Sweet Birds Sang,Kate Wilhelm,3.84,3,212
8171,The End of Mr. Y,Scarlett Thomas,3.77,3,212
8172,Jim Henson: The Biography,Brian Jay Jones,4.02,3,212
8173,I Am David,Anne Holm,3.96,3,212
8174,"The Wolves of Willoughby Chase (The Wolves Chronicles, #1)",Joan Aiken,4.06,3,212
8175,"Dauntless (The Lost Fleet, #1)",Jack Campbell,3.97,3,212
8176,"The Night Fire (Renée Ballard, #3; Harry Bosch, #22; Harry Bosch Universe, #33)",Michael    Connelly,4.28,3,212
8177,"Resurrection Men (Inspector Rebus, #13)",Ian Rankin,4.05,3,212
8178,"Psychopath Free: Recovering from Emotionally Abusive Relationships With Narcissists, Sociopaths, and Other Toxic People",Jackson MacKenzie,4.18,3,212
8179,Lie to Me,J.T. Ellison,3.79,3,212
8180,"The Unexpected Mrs. Pollifax (Mrs. Pollifax, #1)",Dorothy Gilman,4.16,3,212
8181,"Burn (Dark in You, #1)",Suzanne Wright,4.06,3,212
8182,Save the Date,Morgan Matson,3.75,3,212
8183,Terra Nostra,Carlos Fuentes,4.12,3,211
8184,Tales Of Pirx The Pilot,Stanisław Lem,4.10,3,211
8185,Last Words,George Carlin,3.97,3,211
8186,90 Minutes in Heaven: A True Story of Death and Life,Don Piper,3.98,3,211
8187,"A Silent Voice, Vol. 1 (A Silent Voice, #1)",Yoshitoki Oima,4.46,3,211
8188,"Dark Desire (Dark, #2)",Christine Feehan,4.19,3,211
8189,"Hide (Detective D.D. Warren, #2)",Lisa Gardner,4.19,3,211
8190,Remarkable Creatures,Tracy Chevalier,3.89,3,211
8191,The Wife,Alafair Burke,3.86,3,211
8192,Mercy,Jodi Picoult,3.60,3,210
8193,Blackmoore,Julianne Donaldson,4.18,3,210
8194,Little Lord Fauntleroy,Frances Hodgson Burnett,3.90,3,210
8195,Self Matters: Creating Your Life from the Inside Out,Phillip C. McGraw,3.66,3,210
8196,"Chains (Seeds of America, #1)",Laurie Halse Anderson,4.10,3,210
8197,"The Paper Magician (The Paper Magician, #1)",Charlie N. Holmberg,3.69,3,210
8198,"The Woman in Blue (Ruth Galloway, #8)",Elly Griffiths,3.97,3,210
8199,"Monkeewrench (Monkeewrench, #1)",P.J. Tracy,4.12,3,210
8200,"""Surely You're Joking, Mr. Feynman!"": Adventures of a Curious Character",Richard P. Feynman,4.27,3,210
8201,"The Distant Echo (Karen Pirie, #1)",Val McDermid,3.99,3,210
8202,Our Kind of Cruelty,Araminta Hall,3.40,3,210
8203,The Girl Who Smiled Beads: A Story of War and What Comes After,Clemantine Wamariya,4.19,3,210
8204,Leo Tolstoy's War and Peace,Harold Bloom,3.96,4,209
8205,Nine Parts of Desire: The Hidden World of Islamic Women,Geraldine Brooks,4.05,3,209
8206,"Shadowland (The Immortals, #3)",Alyson Noel,3.66,3,209
8207,"Ghost Wars: The Secret History of the CIA, Afghanistan, and Bin Laden from the Soviet Invasion to September 10, 2001",Steve Coll,4.31,4,209
8208,"The Prisoner of Cell 25 (Michael Vey, #1)",Richard Paul Evans,4.22,3,209
8209,The Little White Horse,Elizabeth Goudge,4.09,3,209
8210,"Ada, or Ardor: A Family Chronicle",Vladimir Nabokov,4.13,3,209
8211,Thinking In Pictures: and Other Reports from My Life with Autism,Temple Grandin,4.10,3,209
8212,"Night Pleasures (Dark-Hunter, #1)",Sherrilyn Kenyon,4.20,4,209
8213,Tell-All,Chuck Palahniuk,2.90,3,209
8214,"Ascend (Trylle, #3)",Amanda Hocking,4.08,3,209
8215,"Welcome to Night Vale (Welcome to Night Vale, #1)",Joseph Fink,3.83,3,209
8216,Trifles,Susan Glaspell,3.87,3,209
8217,Made You Up,Francesca Zappia,4.02,3,209
8218,Unfu*k Yourself: Get Out of Your Head and Into Your Life,Gary John Bishop,3.83,3,209
8219,"Shōgun (Asian Saga, #1)",James Clavell,4.41,3,209
8220,The Mary Shelley Club,Goldy Moldavsky,3.92,3,209
8221,"I Am Half-Sick of Shadows (Flavia de Luce, #4)",Alan Bradley,4.09,3,209
8222,"Finlay Donovan Is Killing It (Finlay Donovan, #1)",Elle Cosimano,4.00,3,209
8223,"Not That Kind of Girl: A Young Woman Tells You What She's ""Learned""",Lena Dunham,3.29,3,209
8224,Until I Find You,John Irving,3.66,5,208
8225,"Tennis Shoes Among the Nephites (Tennis Shoes, #1)",Chris Heimerdinger,4.00,4,208
8226,Salt: A World History,Mark Kurlansky,3.75,3,208
8227,Dance Dance Dance,Haruki Murakami,4.04,3,208
8228,The Odessa File,Frederick Forsyth,4.14,3,208
8229,"Sundiver (The Uplift Saga, #1)",David Brin,3.69,3,208
8230,The Seagull,Anton Chekhov,3.91,3,208
8231,Lovely War,Julie Berry,4.23,3,208
8232,"The Drop (Harry Bosch, #15; Harry Bosch Universe, #24)",Michael    Connelly,4.20,3,208
8233,Stay Sexy & Don't Get Murdered: The Definitive How-To Guide,Karen Kilgariff,4.07,3,208
8234,"Echo Park (Harry Bosch, #12; Harry Bosch Universe, #17)",Michael    Connelly,4.18,3,208
8235,"A Letter of Mary (Mary Russell and Sherlock Holmes, #3)",Laurie R. King,4.00,3,208
8236,"Bright Lights, Big City",Jay McInerney,3.80,3,207
8237,Dear and Glorious Physician,Taylor Caldwell,4.34,3,207
8238,Shibumi,Trevanian,4.18,3,207
8239,Drowning Ruth,Christina Schwarz,3.74,3,207
8240,The Complete Sherlock Holmes: Volume II,Arthur Conan Doyle,4.48,3,207
8241,"Alienated (Alienated, #1)",Melissa Landers,3.89,3,207
8242,"Before She Disappeared (Frankie Elkin, #1)",Lisa Gardner,3.97,3,207
8243,The Miseducation of Cameron Post,Emily M. Danforth,4.07,3,207
8244,"Fable (The World of the Narrows, #1)",Adrienne Young,4.01,3,207
8245,"Son of the Shadows (Sevenwaters, #2)",Juliet Marillier,4.33,3,206
8246,City of Shadows,Ariana Franklin,3.97,3,206
8247,Ship of Fools,Katherine Anne Porter,3.67,5,206
8248,Tweak: Growing Up On Methamphetamines,Nic Sheff,3.98,3,206
8249,Paradise Lost and Paradise Regained,John Milton,4.07,4,206
8250,Escape from Warsaw,Ian Serraillier,4.02,3,206
8251,"Lord Foul's Bane (The Chronicles of Thomas Covenant the Unbeliever, #1)",Stephen R. Donaldson,3.72,4,206
8252,"The Noticer: Sometimes, All a Person Needs Is a Little Perspective",Andy Andrews,4.20,3,206
8253,Waylander (The Drenai Saga #3),David Gemmell,4.29,3,206
8254,Memórias póstumas de Brás Cubas,Machado de Assis,4.26,3,206
8255,"Throne of Glass (Throne of Glass, #1)",Sarah J. Maas,4.18,4,206
8256,"Void Moon (Harry Bosch Universe, #9)",Michael    Connelly,4.01,3,206
8257,Finding Me,Viola Davis,4.54,3,206
8258,Underground: The Tokyo Gas Attack and the Japanese Psyche,Haruki Murakami,3.91,3,206
8259,"Lover Awakened (Black Dagger Brotherhood, #3)",J.R. Ward,4.43,3,205
8260,The Dreaming Void (Void #1),Peter F. Hamilton,4.18,3,205
8261,The Guardian,Nicholas Sparks,4.16,4,205
8262,Of Love and Shadows,Isabel Allende,3.99,3,205
8263,"Stone of Farewell (Memory, Sorrow, and Thorn, #2)",Tad Williams,4.10,3,205
8264,"I Wish You All the Best (I Wish You All the Best, #1)",Mason Deaver,4.15,3,205
8265,The Fry Chronicles,Stephen Fry,3.84,3,205
8266,The Burning Girls,C.J. Tudor,4.01,3,205
8267,The Rise and Fall of the Dinosaurs: A New History of a Lost World,Steve Brusatte,4.21,3,205
8268,Sunburn,Laura Lippman,3.46,3,205
8269,"Slade (New Species, #2)",Laurann Dohner,4.16,3,205
8270,"Now We Are Six (Winnie-the-Pooh, #4)",A.A. Milne,4.29,4,204
8271,The Plague Dogs,Richard  Adams,3.88,3,204
8272,This Is Not My Hat,Jon Klassen,4.22,3,204
8273,The Algebraist,Iain M. Banks,4.04,3,204
8274,"The Restaurant at the End of the Universe (The Hitchhiker's Guide to the Galaxy, #2)",Douglas Adams,4.20,3,204
8275,"Upon the Midnight Clear (Dark-Hunter, #12; Dream-Hunter, #2)",Sherrilyn Kenyon,4.00,3,204
8276,"Stolen (Women of the Otherworld, #2)",Kelley Armstrong,4.14,3,204
8277,Magnificent Obsession,Lloyd C. Douglas,3.86,3,203
8278,"The 13½ Lives of Captain Bluebear (Zamonia, #1)",Walter Moers,4.31,3,203
8279,"Tiger's Quest (The Tiger Saga, #2)",Colleen Houck,4.30,3,203
8280,Augustus,John  Williams,4.25,3,203
8281,"Shadows (Lux, #0.5)",Jennifer L. Armentrout,4.09,3,203
8282,At the Existentialist Café,Sarah Bakewell,4.24,3,203
8283,"The Armies of the Night: History as a Novel, The Novel as History",Norman Mailer,3.62,3,202
8284,"Pani Jeziora (Saga o Wiedźminie, #5)",Andrzej Sapkowski,4.09,3,202
8285,Through Time Into Healing,Brian L. Weiss,4.20,3,202
8286,Animalia,Graeme Base,4.27,3,202
8287,Mr. Midshipman Hornblower,C.S. Forester,4.18,3,202
8288,Heat and Dust,Ruth Prawer Jhabvala,3.55,3,202
8289,Little Fires Everywhere,Celeste Ng,4.07,3,202
8290,A Reliable Wife,Robert Goolrick,3.27,4,202
8291,"Don't Overthink It: Make Easier Decisions, Stop Second-Guessing, and Bring More Joy to Your Life",Anne Bogel,3.87,3,202
8292,"Next Year in Havana (The Perez Family, #1)",Chanel Cleeton,3.93,3,202
8293,"Cop Hater (87th Precinct, #1)",Ed McBain,3.83,3,202
8294,"Codename Villanelle (Killing Eve, #1)",Luke Jennings,3.54,3,202
8295,Diet for a Small Planet: The Book That Started a Revolution in the Way Americans Eat,Frances Moore Lappé,3.97,3,201
8296,Love Does: Discover a Secretly Incredible Life in an Ordinary World,Bob       Goff,4.31,3,201
8297,The Woman Who Wasn't There: The True Story of an Incredible Deception,Robin Gaby Fisher,3.79,3,201
8298,"The Warlord Wants Forever (Immortals After Dark, #0.5)",Kresley Cole,4.03,4,201
8299,The Goal: A Process of Ongoing Improvement,Eliyahu M. Goldratt,4.08,3,201
8300,Charlotte's Web and Other Illustrated Classics,E.B. White,4.47,3,201
8301,"Practical Magic (Practical Magic, #1)",Alice Hoffman,3.72,3,201
8302,Pinocchio,Carlo Collodi,3.84,3,201
8303,"The Fixer (The Fixer, #1)",Jennifer Lynn Barnes,4.16,3,201
8304,"Iron Widow (Iron Widow, #1)",Xiran Jay Zhao,4.04,3,201
8305,Breath,Tim Winton,3.90,3,201
8306,The Code: The Five Secrets of Teen Success,Mawi Asgedom,3.58,2,200
8307,Your Chance to Hear the Last Panther Speak,Chase Von,4.43,2,200
8308,Chasing Dreams,Aaron Jennings,3.26,2,200
8309,Familiar Scars,Christy Leigh Stewart,3.99,2,200
8310,"If You Deceive (MacCarrick Brothers, #3)",Kresley Cole,4.14,3,200
8311,The Wreckage of Agathon,John Gardner,3.84,2,200
8312,HELP! A Bear is Eating Me!,Mykle Hansen,3.49,2,200
8313,Moe Howard Died For Our Sins: made-to-fit tales for the maladjusted,Dale Andrew White,4.15,2,200
8314,"A Girl's Guide to Guys: Meeting Them, Managing Them and All That Love Stuff",Rachel Hill,4.34,2,200
8315,Ordeal,Tatyana K. Varenko,4.01,2,200
8316,Saint Paul Trois Chateaux: 1948,C. JoyBell C.,4.00,2,200
8317,"By Fire, By Water",Mitchell James Kaplan,3.75,2,200
8318,Dutch,Jamie Christian Desplaces,4.10,2,200
8319,The Seed,Fola,3.61,2,200
8320,"The Dark Age (Survivors of the Pulse, #2)",Jeff W. Horton,3.98,2,200
8321,Sundial,C.F. Fruzzetti,3.69,2,200
8322,"Making Waves (Lake Manawa Summers, #1)",Lorna Seilstad,3.86,2,200
8323,Mere Enchantment,Alicia Rivoli,3.90,2,200
8324,The Museum of Innocence,Orhan Pamuk,3.78,2,200
8325,Will Work For Peace: New Political Poems,Brett Axel,4.31,2,200
8326,The First and Last Freedom,J. Krishnamurti,4.23,2,200
8327,"All My Love, Detrick (All My Love, Detrick, #1)",Roberta Kagan,4.14,2,200
8328,Snow,Kathryn  Hewitt,4.09,2,200
8329,Sticks and Stones,Veronica Lovejoy,3.46,2,200
8330,"Shadow of Darkness (Creature Kid, #1)",Rashad Freeman,4.42,2,200
8331,Where the Deer Dwell,Dorothy Gravelle,3.73,2,200
8332,The Adventures of Jewel Cardwell,Fumi Hancock,4.00,2,200
8333,Legacy of Rescue: A Daughter's Tribute,Marta Fuchs,4.38,2,200
8334,Until Tuesday: A Wounded Warrior and the Golden Retriever Who Saved Him,Luis Carlos Montalván,4.19,2,200
8335,Some Girls Are,Courtney Summers,3.87,3,200
8336,Barriers of the New World,Barbara Rayne,3.67,2,200
8337,Mana,Asher Tensei,4.25,2,200
8338,Hard Wired: A Crash Course in Small College Football,Jebb A. Rebal,3.75,2,200
8339,Cutter,T.S. Martin,3.91,2,200
8340,Life's A Bitch!,C.P.,3.83,2,200
8341,Logan's Run,William F. Nolan,3.64,3,200
8342,"Progress (Progress, #1)",Amy Queau,3.80,2,200
8343,From Hurt to Happiness: Emotional Rescue from the Ground Up,Mr Mike Van,4.27,2,200
8344,"Midnight for Charlie Bone (The Children of the Red King, #1)",Jenny Nimmo,3.84,3,200
8345,"God, Save the Pirate",Ria Warrick,3.15,2,200
8346,Dreaming My Animal Selves: Le Songe de mes Ames Animales,Helene Cardona,4.75,2,200
8347,The Speed of Dark,Clayton Clifford Bye,4.38,2,200
8348,"Portrait of a Protégé (Portraits, #2)",J.B. Chicoine,4.20,2,200
8349,"The Secrets of Albion Falls (The Secrets Series, Volume 1)",Sass Cadeaux,4.96,2,200
8350,Adventure-Pom!,Sean Dryden,4.13,2,200
8351,Aether Warriors (The Hidden War Series #1),Dean Ravenola,4.28,2,200
8352,Danyrogof Deep,Ross Dinwiddy,4.36,2,200
8353,Sorcerer's Apprentice,Tahir Shah,4.15,2,200
8354,The Scorpion's Sting,J.D. Masterson,3.73,2,200
8355,It Comes Natural - Understanding Natural and Integrative Medicine,Marsha Gujurati,4.44,2,200
8356,Son of the Morning,Linda Howard,4.00,3,200
8357,"Have I Told You (Black Hollywood, #1)",F.L. Jacob,3.74,2,200
8358,Non Friction,Morgan   Parker,3.91,2,200
8359,Running with God: A discipleship guide to grow in faith and experience the power and love of God,Liz Hill-O'Shea,4.67,2,200
8360,Unthinkable Consequences,Bob Rector,3.92,2,200
8361,Beneath the Bamboo: A Vietnam War Story,Stan Taylor,4.25,2,200
8362,Why the World Sucks and What We Can Do About It,B. Regan Asher,3.36,2,200
8363,Matter of Choice,R.M. Alexander,3.70,2,200
8364,"Circle of Five (Pha Yul, #1)",Jan Raymond,4.24,2,200
8365,Things Grak Hates,Peter J. Story,3.75,2,200
8366,Safe & Sound,T.S. Krupa,3.90,2,200
8367,Planet Graxpiex,Rudi Hilmanto,3.64,2,200
8368,Bite Marks,C.J. Galaway,4.65,2,200
8369,Plebs,Jim Goforth,4.18,2,200
8370,"Kiss Me Like This (The Morrisons, #1)",Bella Andre,4.04,2,200
8371,"Ancient Truth (Line of Blood Saga, #1)",Jack Goodwind,4.37,2,200
8372,Angelwood. Kings & Queens,Hendrik Birke,3.96,2,200
8373,The Longest Distance,David      Scott,4.41,2,200
8374,Naji and the mystery of the dig,Vahid Imani,4.58,2,200
8375,I See You,Frantiska Oliver,4.38,2,200
8376,The Savvy Woman's Secrets to Outwit a Cheating Man,Ellen Ames,4.54,2,200
8377,"Liliana (Liliana, #1)",Neva Squires-Rodriguez,3.95,2,200
8378,Survivor's Guilt: The Secret Service and the Failure to Protect President Kennedy,Vincent Michael Palamara,4.19,2,200
8379,Into Exile,Elin Toona Gottschalk,4.71,2,200
8380,"Sparks (Anya Kalinczyk, #2)",Laura Bickle,3.81,2,200
8381,Love Them Back to LIFE,Ariane Page,4.89,2,200
8382,Eclavarda Rising,Stephen Christiansen,5.00,2,200
8383,"Sky Child (Sky Child, #1)",T.M. Brenner,3.95,2,200
8384,"Hunters of Satan's Monsters (Legend of the Rolling Calf, #1)",Horace S. Mallette,4.60,2,200
8385,Melody Jackson and the House on Lafayette Street,B.M.B. Johnson,4.59,2,200
8386,The Seventh Simian,Gary Kurylo,5.00,2,200
8387,"Les Misérables: Volume Two (Les Misérables, #2)",Victor Hugo,4.42,2,200
8388,The Rainbow Bridge: Bridge to Inner Peace and to World Peace,Brent N. Hunter,4.21,2,200
8389,"Abuse (Abuse, #1)",Nikki Sex,4.06,2,200
8390,A Thousand Lies,Sharon Sala,4.31,2,200
8391,The Short Life of Sparrows,Emm Cole,3.97,2,200
8392,Dyslexic and Un-Stoppable: How Dyslexia Helps Us Create the Life of Our Dreams and How You Can Do It Too,Lucie M. Curtiss,3.69,2,200
8393,Rei Wan The Outsider,Jim Herman,5.00,2,200
8394,Living My Life,Emma Goldman,4.27,2,200
8395,Where Pain Thrives,Mie Hansson,4.06,2,200
8396,A Gateway to Hope,E.C. Jackson,4.26,2,200
8397,"Moonbreeze (The Dragonian, #4)",Adrienne Woods,4.16,2,200
8398,"Complicate Me (The Good Ol' Boys, #1)",M.  Robinson,4.01,2,200
8399,American Story: A Lifetime Search for Ordinary People Doing Extraordinary Things,Bob Dotson,3.63,2,200
8400,Pray Hard & Speak Life: Finding Hope in the Midst of: Addictions Bankruptcy Suicide Cancer,Clifton J. Powell,4.43,2,200
8401,Fighting The Storm,Marcia Burns,4.44,2,200
8402,How to Grow an Addict,J.A.  Wright,4.18,2,200
8403,The Forbidden Line,Mayank Kashyap,4.00,2,200
8404,Quantos Rising,Venancio Cadle Gomani Jr.,4.78,2,200
8405,Monique,Fox Emerson,4.48,2,200
8406,Murphy's Path,Madeleyn Questman,4.62,2,200
8407,Dawn of Procyon,Mark R. Healy,4.03,2,200
8408,"Mutantupproret 99,4% DNA",Martin J. Sallberg,4.50,2,200
8409,"Secret of the Cassin's Family Curse (Castle of Mysteries, #1)",Julie-Anne Gamble,4.88,2,200
8410,He Whistles for the Cricket,Gwen Walker,4.50,2,200
8411,"The Very Devil, Herself!",Loren Molloy,3.73,2,200
8412,"The End of the Jesus Era (An Investigation, #1)",Danail Hristov,3.86,2,200
8413,Flash,Alex Hoagland,4.45,2,200
8414,At First Blush,Beth Ellyn Summer,3.87,2,200
8415,How an iPhone Made Me the Youngest Billionaairee,K SARAFF,4.51,2,200
8416,Lady Thatcher's Wink,David Arscott,4.67,2,200
8417,Cara's Twelve,Chantel Seabrook,3.97,2,200
8418,Recreant,Geffrey Kane,4.38,2,200
8419,The Devil's Prayer,Luke Gracias,3.98,2,200
8420,"The Devil's Advocate (The Wages of Sin, #1)",L.E.  Parker,4.28,2,200
8421,Saltwater,Cathy McLennan,4.09,2,200
8422,Should I Hate or Love,Kisnaa,3.97,2,200
8423,Vagabonds in France,Michael  A. Barry,3.81,2,200
8424,Action Words: Journey of a Journalist,Shaune Bordere,4.73,2,200
8425,Reminiscences Of A Seeker: Dark Face Of The White World,Kapil Kumar Bhaskar,4.39,2,200
8426,Forty Autumns: A Family's Story of Courage and Survival on Both Sides of the Berlin Wall,Nina Willner,4.37,2,200
8427,Under The Rug: The Unforgettable Forgotten,L. Marie Williams,4.32,2,200
8428,What Healing Should Be: How to relieve pain and stop suffering,George  Alexandru,4.87,2,200
8429,Single-Minded,Lisa Daily,3.53,2,200
8430,HOW TO BE A SUCCESSFUL SLAVE: Using LAME Methodology,Evory Salieri,5.00,2,200
8431,Zombie Park,Simon Marlowe,5.00,2,200
8432,Loving Ordinary Life: The Self-Help Book for People Who Are Tired of Self-Help Books,Anastasia Petrenko,4.01,2,200
8433,A Long Walk to Water,Linda Sue Park,4.25,2,200
8434,A Butler Christmas,Rahiem Brooks,4.73,2,200
8435,Veronica,Nicholas Christopher,3.80,2,200
8436,Number One Chinese Restaurant,Lillian Li,3.01,2,200
8437,"The Shaman's Apprentice (Jovai, #1)",B. Muze,4.33,2,200
8438,The Enigmatic Expanse - Existence,Sreedhar P. Iyer,4.33,2,200
8439,"Horn-Horn (Horn-Horn, #1)",A.D.T. McLellan,4.62,2,200
8440,Are Men the Weaker Sex?,Josette Sona,3.45,2,200
8441,Rush,Lisa Patton,3.93,2,200
8442,Humanism: The Whore of Babylon and the Sleeping Church,Christina M.  Lopez,3.58,2,200
8443,Rivers Never Fill The Sea,Giselle V. Steele,4.87,2,200
8444,"Everybody, Always: Becoming Love in a World Full of Setbacks and Difficult People",Bob       Goff,4.44,2,200
8445,"The Maze Runner (Maze Runner, #1)",James Dashner,4.05,2,200
8446,They Called Me Wyatt,Natasha Tynes,1.66,2,200
8447,Learn Spanish with stories and audios as workbook. Spanish language course for beginners and advanced learners.: Spanish made simple. (SPRAUCH nº 1) (Spanish Edition),Anton Hager,4.92,2,200
8448,"Eye on the Ball (Playing for Glory, #1)",Francine Beaton,4.31,2,200
8449,The Search for Alice (Dreaming of Wonderland #1),Amy Koto,4.37,2,200
8450,Easy Money Management: A Give and Save 3-6-5 Approach to Personal Finance,Laurick Ingram,4.73,2,200
8451,Shalmar,Serena Whynd,4.08,2,200
8452,The Association,Sharon Ann Ziegler,4.33,2,200
8453,Not Just Yet. Egypt 2011: News - Incidents - Causes,Mohamed Abdel-Maksoud,4.58,2,200
8454,Going Off Grid,Dave  Lewis,4.89,2,200
8455,The Explorer's Mindset: Unlock Health Happiness and Success the Fun Way,Francis Shenstone,4.14,2,200
8456,Unju - The Jump,Gleneley Stander,4.57,2,200
8457,The God Particle Conspiracy,Don  Phelan,4.48,2,200
8458,To Love An Invisible God,Jocelyn Soriano,4.38,2,200
8459,The Fell,Robert   Jenkins,4.10,2,200
8460,"Tower of Dawn (Throne of Glass, #6)",Sarah J. Maas,4.27,3,200
8461,The Night Diary,Veera Hiranandani,4.22,2,200
8462,Magic Melody: Power of Kindness,Zain Haseeb,4.80,2,200
8463,Untitled Document: The Mystery Unfolds,Sufyan Sher,4.10,2,200
8464,Will & Mysteria: Two Inseparable Yogi's,Christa Reynolds,4.80,2,200
8465,Finding Identity,Silenus,4.08,2,200
8466,"The Creation of Me, Them and Us",Heather  Marsh,4.55,2,200
8467,"Monogamy Book One. Lover (Monogamy, #1)",Victoria Sobolev,4.07,2,200
8468,We of the Forsaken World...,Kiran Bhat,4.21,2,200
8469,They Come in All Colors,Malcolm Hansen,3.45,2,200
8470,"Brother Odd (Odd Thomas, #3)",Dean Koontz,4.01,3,200
8471,LOVE OVER CAPPUCCINO,Mansi Modi,3.88,2,200
8472,The Thresher,Paul  Christensen,3.94,2,200
8473,Living The Dream: My Life With Horses,Andrew   Reeves,4.00,2,200
8474,"A Dance for the Gods (The Last Warrior King Series, #2)",E.O. Odiase,4.08,2,200
8475,The Convent,Sarah Sheridan,3.95,2,200
8476,Geeks Beyond Time,S.R. Thomas,4.86,2,200
8477,Remnants of Atonement (True paths #1),G.P. McKenna,4.06,2,200
8478,"The Crossing Gate  (A Waltz of Sin and Fire, #1)",Asiel R. Lavie,3.90,2,200
8479,"5 Minute Fitness Strength Training for Senior Women at 50+ : Simple Home Exercises to Maintain Your Healthier Body, Increase Energy Level, and Improve Strength in 2 Weeks",Bruce Harris,4.69,2,200
8480,The City of Joy,Dominique Lapierre,4.26,3,200
8481,"Muhammad, the World-Changer: An Intimate Portrait",Mohamad Jebara,4.48,2,200
8482,Optimal Happiness: The Fastest & Surest Way to Reach Your Happiest Potential,Roman Russo,4.43,2,200
8483,Pretty Dead Queens,Alexa Donne,3.70,2,200
8484,"Lies Sleeping (Rivers of London, #7)",Ben Aaronovitch,4.24,3,200
8485,The Water Walls,iLana Markarov,3.98,2,200
8486,Oneless Oneness: Tao as an Existential Remedy,Marcel Eschauzier,4.50,2,200
8487,The Heart of Touqar - THT -  Epic - Vol 1,Eng.Sara Ahmad,4.87,2,200
8488,Eleanor Oliphant Is Completely Fine,Gail Honeyman,4.23,2,200
8489,Paper Targets: Art Can Be Murder,Steve S. Saroff,4.16,2,200
8490,The Everything Store: Jeff Bezos and the Age of Amazon,Brad Stone,4.14,3,200
8491,Planet Ignis,Cassio Ferreira,4.29,2,200
8492,Leadership: In Turbulent Times,Doris Kearns Goodwin,4.40,2,200
8493,Holy Parrot,Angel  A.,4.79,2,200
8494,Bone Gap,Laura Ruby,3.81,2,200
8495,"The Crossing (Harry Bosch, #18; Harry Bosch Universe, #28)",Michael    Connelly,4.28,3,200
8496,A Stronger Kinship: One Town's Extraordinary Story of Hope and Faith,Anna-Lisa Cox,3.78,2,199
8497,Windmills of the Gods,Sidney Sheldon,3.88,3,199
8498,In The Eye of The Beholder:  A Novel of The Phantom of the Opera,Sharon E. Cathcart,3.68,2,199
8499,The Corner: A Year in the Life of an Inner-City Neighborhood,David Simon,4.45,2,199
8500,Jonbull’s Stock Guide,J.P. Obienugh,4.00,2,199
8501,"Soul Surfer: A True Story of Faith, Family, and Fighting to Get Back on the Board",Bethany Hamilton,4.05,2,199
8502,"Cutters Don't Cry (SoCal, #1)",Christine Dzidrums,4.02,2,199
8503,Grace of Giving,Marja Meijers,4.18,2,199
8504,O Mandarim,Eça de Queirós,3.67,2,199
8505,Economics in One Lesson 1st edition by Henry Hazlitt (2008) Hardcover,Henry Hazlitt,4.17,2,199
8506,The Robber Hotzenplotz,Otfried Preußler,4.21,2,199
8507,From Dictatorship to Democracy,Gene Sharp,3.81,2,199
8508,The Wicked Girls,Alex Marwood,3.48,2,199
8509,Caribbean,James A. Michener,3.97,3,199
8510,Disney's Prince and the Pauper,Walt Disney Company,4.03,3,199
8511,"Spell Bound (Hex Hall, #3)",Rachel Hawkins,4.05,4,199
8512,Shadowboxer,Paula Sophia,4.33,2,199
8513,Nobody's Boy,Hector Malot,4.40,2,199
8514,Pravus,Ema Arius,3.97,2,199
8515,"Sands of Betrayal (Kilted Desire, #1)",A.B. McKinley,4.12,2,199
8516,Sliding on the Snow Stone,Andy Szpuk,3.71,2,199
8517,The Art of The Fellowship of the Ring,Gary Russell,4.60,2,199
8518,"At Swim, Two Boys",Jamie O'Neill,4.11,2,199
8519,"Winter Queen (Fairy Queens, #1)",Amber Argyle,3.66,2,199
8520,Regine's Book: A Teen Girl's Last Words,Regine Stokke,4.10,2,199
8521,Delta Project: Rescue (Book 2),Jessica L. Jaster,4.78,2,199
8522,"Sweet Oblivion (Sweet, #1)",Bailey Ardisone,3.79,2,199
8523,Women Will Save the World,Caroline A. Shearer,3.78,2,199
8524,The Garden,Robin Craig Clark,3.75,2,199
8525,Voyager: The Art of Pure Awareness,Robin Craig Clark,3.68,2,199
8526,The Scapegoat,Daphne du Maurier,4.00,3,199
8527,The Gone-Away World,Nick Harkaway,4.10,2,199
8528,Manuscript Found in Accra,Paulo Coelho,3.81,2,199
8529,Winter's Bone,Daniel Woodrell,3.86,3,199
8530,Life Of Love,Santonu Kumar Dhar,3.76,2,199
8531,"Arielle: Immortal Awakening (Immortal Rapture, #1)",Lilian Roberts,3.75,2,199
8532,The Last American Martyr,Tom Winton,3.76,2,199
8533,LOVE ISN'T FOR COWARDS: Just Let Love Be,Francis Otieno,4.50,2,199
8534,My Prison Without Bars: The Journey of a Damaged Woman to Someplace Normal,Taylor Evan Fulks,4.08,2,199
8535,The Book of Paul,Richard  Long,3.43,2,199
8536,Win The Fight: The Fight Fore My Life,Jeremy Gant,4.75,2,199
8537,Divided By Seven Billion,Balkaran Singh Sidhu,4.92,2,199
8538,Find Me (Rhiannon McVee Mystery #1),Melissa Pouliot,4.08,2,199
8539,Eastland,Marian Manseau Cheatham,4.21,2,199
8540,Addicted To Greed,Catherine Rose Putsche,4.67,2,199
8541,23 Things They Don't Tell You About Capitalism,Ha-Joon Chang,3.96,3,199
8542,The Immortality Game,Ted Cross,3.69,2,199
8543,Demon Singer I,Benjamin J. Nichols,4.06,2,199
8544,Following the Sun,Alisa Mullen,4.58,2,199
8545,Theodore Roosevelt: An Autobiography,Theodore Roosevelt,3.90,2,199
8546,Debbie Harry Sings in French,Meagan Brothers,3.71,2,199
8547,Ripples Through Time,Lincoln Cole,4.19,2,199
8548,Last Call,Sam Parker  McLeod,4.00,2,199
8549,Double Trouble,D.M. Wolfenden,4.43,2,199
8550,Midwifing Death: Returning to the Arms of the Ancient Mother,Leslene della Madre,4.44,2,199
8551,The Yellow Wallpaper and Other Stories,Charlotte Perkins Gilman,3.92,2,199
8552,Blind Side,Jennie Ensor,3.99,2,199
8553,Scarlet Crosses: The Truth Lies Within,J. Beckham Steele,4.60,2,199
8554,A Moonbow Night,Laura Frantz,4.21,2,199
8555,"Degeneration (Degeneration, #1)",Mark D.  Campbell,3.72,2,199
8556,Soft Tortures,P.A. Bitez,4.05,2,199
8557,Introverts: Leverage Your Strengths for an Effective Job Search,Gabriela Casineanu,4.46,2,199
8558,The Interludes: A Sexual Odyssey,J.K. Duval,4.22,2,199
8559,"The Feds' Folly: Who Stole $17 Trillion? (The Jones, #2)",Bill   Brown,4.26,2,199
8560,Rhesus X: Blood Is Thicker Than Water,Roger David Francis,4.24,2,199
8561,Ripperville,Roger David Francis,3.92,2,199
8562,CHINESE ASTROLOGY FOR HEALTH AND WELLBEING,Althea S.T.,4.86,2,199
8563,Inherit The Whirlwind: The Final Showdown Between Science And Religion,D.R. Pope,4.52,2,199
8564,Grief Demystified: An Introduction,Caroline Lloyd,4.50,2,199
8565,The Brazilian,Terence Winstead,4.31,2,199
8566,Briskwood Blood Rain,Christopher Joubert,4.40,2,199
8567,Sea Prayer,Khaled Hosseini,4.10,2,199
8568,Resilience Road: Exploring Your Authentic Life Path,Beth Koritz,3.98,2,199
8569,"N*gga Theory: Race, Language, Unequal Justice, and the Law",Jody Armour,4.33,2,199
8570,Solitary: Unbroken by Four Decades in Solitary Confinement,Albert Woodfox,4.42,2,199
8571,"Horn-Horn, Cracked (The Horn-Horn Series Book 2)",A.D.T. McLellan,4.61,2,199
8572,The Fortress,Meša Selimović,4.67,2,199
8573,Anshuman krit Saral Vastu Gyan,Anshuman Srivastav,5.00,2,199
8574,The Outcasts - A Thousand Dreams of Redemption,Lidija Stankovikj,4.03,2,199
8575,Alexander's Infinity,Lidija Stankovikj,5.00,2,199
8576,The Wives,Tarryn Fisher,3.66,3,199
8577,"A Dying Fall (Ruth Galloway, #5)",Elly Griffiths,4.06,3,199
8578,"Final Life (The Final Life, #1)",Rose Garcia,4.05,2,199
8579,"Fae Away (Fae Bloodlines, #1)",Rose Garcia,4.02,2,199
8580,"Gator Country: Deception, Danger, and Alligators in the Everglades",Rebecca Renner,3.80,2,199
8581,"Troubled Blood (Cormoran Strike, #5)",Robert Galbraith,4.38,2,199
8582,The You Beyond You: The Knowledge of the Willing,Ramzi Najjar,4.33,2,199
8583,"The Tale of the Body Thief (The Vampire Chronicles, #4)",Anne Rice,3.76,3,199
8584,The Mystery of Mrs. Christie,Marie Benedict,3.74,2,199
8585,Death of an Ordinary Life,Aaron Mitchell,4.67,2,198
8586,Just the Way You Are,Max Lucado,4.49,3,198
8587,Evolution of Insanity,Haresh Daswani,4.29,2,198
8588,Julian,Gore Vidal,4.22,3,198
8589,Dare to Dream,Debbie Vaughan,4.59,2,198
8590,"Airborn (Matt Cruse, #1)",Kenneth Oppel,4.18,2,198
8591,Dream of the Red Chamber,Cao Xueqin,4.19,2,198
8592,Empty Chairs,Stacey Danson,4.08,2,198
8593,Ingo,Helen Dunmore,3.95,2,198
8594,"Neophyte (The Wiccan Diaries, #2)",T.D. McMichael,4.00,2,198
8595,Cider with Rosie & As I Walked Out One Summer Morning,Laurie Lee,4.10,2,198
8596,Nira/Sussa,Julian Darius,3.77,2,198
8597,Wooded Windows,Strider Marcus Jones,4.89,2,198
8598,Peer-e-Kamil/پیر کامل,Umera Ahmed,4.47,2,198
8599,Abraham Lincoln: The Prairie Years and the War Years,Carl Sandburg,4.28,2,198
8600,Ways to Live Forever,Sally Nicholls,4.19,2,198
8601,Nutrition and Physical Degeneration: A Comparison of Primitive and Modern Diets and Their Effects,Weston A. Price,4.39,2,198
8602,The Mind,John     Fitzgerald,4.67,2,198
8603,The Invention of Christianity,Alexander Drake,4.10,2,198
8604,"Portrait of a Girl Running (Portraits, #1)",J.B. Chicoine,3.78,2,198
8605,Metatron: The Angel Has Risen,Laurence St. John,3.98,2,198
8606,"Interviews With the Dead, Part 1",Collette Sinclaire,4.31,2,198
8607,The Sheltering Sky,Paul Bowles,3.89,3,198
8608,The Book of Night Women,Marlon James,4.37,2,198
8609,Fuzzy Green Things,Jennifer Szewczuk,4.34,2,198
8610,Johnny the Homicidal Maniac: Director's Cut,Jhonen Vásquez,4.34,2,198
8611,"Temptation (Temptation, #1)",Karen Ann Hopkins,3.79,2,198
8612,Four Days with Hemingway's Ghost,Tom Winton,3.61,2,198
8613,The Peach Keeper,Sarah Addison Allen,3.86,3,198
8614,The Painter,Peter Heller,3.83,2,198
8615,Candle Girl,Rudi Hilmanto,5.00,2,198
8616,"UnWholly (Unwind, #2)",Neal Shusterman,4.24,2,198
8617,"XO, Blake (The Undergrad Years, #3)",Avery Aster,3.57,2,198
8618,All My Friends Are Dead,Avery Monsen,4.14,2,198
8619,Warrior King Legacy,Anthony Hogger,4.24,2,198
8620,Little Children,Tom Perrotta,3.64,2,198
8621,أقوم قيلا,سلطان موسى الموسى,3.90,2,198
8622,A Dry White Season,André Brink,4.06,2,198
8623,"You Are My Sunshine (All My Love, Detrick, #2)",Roberta Kagan,4.18,2,198
8624,The Pacific Depths,Gary Paul Stephenson,4.00,2,198
8625,Fiction,Steve Finando,3.50,2,198
8626,Chasing Shadows (Rising Shadows #2),Ashley Townsend,4.25,2,198
8627,"The Genetic Lottery (Egalia, #1)",Allison Goh,3.60,2,198
8628,In My Brother's Shadow,Peter D. Campbell,3.59,2,198
8629,"Sister Pelagia and the White Bulldog (Sister Pelagia Mysteries, #1)",Boris Akunin,3.75,3,198
8630,King Arthur's Sister in Washington's Court,Kim Iverson Headlee,3.49,2,198
8631,Flipping Numbers PT 1,Ernest Morris,3.96,2,198
8632,There Will Be Lies,Nick Lake,3.42,2,198
8633,AJ's IRELAND: A Christmas Comedy,Renee Riva,4.42,2,198
8634,The Fantastic Flying Books of Mr. Morris Lessmore,William Joyce,4.46,3,198
8635,Walking the Path of Compassion,Amit Ray,4.89,2,198
8636,"Mrs. Bridge (Mrs and Mr Bridge, #1)",Evan S. Connell,4.07,2,198
8637,Calls Across the Pacific,Zoë S. Roy,4.27,2,198
8638,A Dark Design,Emma V. Leech,4.74,2,198
8639,Twisting My Kaleidoscope,Shannon Love,4.57,2,198
8640,"What Does it Mean to be White in America?: Breaking the White Code of Silence, A Collection of Personal Narratives (2LP EXPLORATIONS IN DIVERSITY)",Gabrielle David,3.77,2,198
8641,Nuestra historia de amor de fracaso hasta San Valentin,Athira Bhargavan,5.00,2,198
8642,The Dragon and the Princess,Andrew P.M. Yiallouros,5.00,2,198
8643,"March Violets (Bernie Gunther, #1)",Philip Kerr,3.80,3,198
8644,From Antarctica to Zimbabwe: How I Hit the Reset Button On My Life,Quinta,3.75,2,198
8645,The Bobby Pins and other Short Stories,Debashri Banerjee,4.33,2,198
8646,الحرافيش,Naguib Mahfouz,4.39,2,198
8647,سال بلوا,Abbas Maroufi,4.01,2,198
8648,Chinese Astrology for Wealth and Prosperity,Althea S.T.,4.29,2,198
8649,"Wrath (The Faithful and the Fallen, #4)",John Gwynne,4.52,2,198
8650,"God, the Evolver: A Secular Approach to the Divine",Faiz King,4.50,2,198
8651,Traces of My Love: The Secrets of Heart,C.L Ross,4.97,2,198
8652,Elementals: Mystic Warriors,Katherine  L. Moore,4.23,2,198
8653,"On the Edge of the Dark Sea of Darkness (The Wingfeather Saga, #1)",Andrew       Peterson,4.33,2,198
8654,Imaginary Museums: Stories,Nicolette Polek,3.63,2,198
8655,Adhaata Asao's Liege,Afroz  Alam,4.58,2,198
8656,Where's Waldo?,Martin Handford,4.16,2,198
8657,Pe urmele șamanului albastru,Miruna Drăghici,4.67,2,198
8658,"A Cry to War (The Last Warrior King Series, #1)",E.O. Odiase,3.89,2,198
8659,The Blue Umbrella,Ruskin Bond,4.25,2,198
8660,Ikigai: The Japanese Secret to a Long and Happy Life / The Little Book of Lykke / Lagom: The Swedish Art of Balanced Living,Héctor  García,3.85,2,198
8661,"The Productivity Project: Accomplishing More by Managing Your Time, Attention, and Energy",Chris   Bailey,3.94,3,198
8662,"Brown Bear, Brown Bear, What Do You See?",Bill Martin Jr.,4.27,3,198
8663,"The Last Sun (The Tarot Sequence, #1)",K.D. Edwards,4.18,2,198
8664,"The Hanged Man (The Tarot Sequence, #2)",K.D. Edwards,4.54,2,198
8665,"The Housemaid (The Housemaid, #1)",Freida McFadden,4.31,2,198
8666,The Essays of Warren Buffett : Lessons for Corporate America,Warren Buffett,4.33,2,198
8667,"The Book of Chaos (Vivian Amberville, #2)",Louise Blackwick,4.67,2,198
8668,"High Heels, Honey Lips, and White Powder - third edition: The Tales and Salvation of a Proverbs 5 Woman",Rose Maria McCarthy Anding,4.39,2,198
8669,"The Empress of Salt and Fortune (The Singing Hills Cycle, #1)",Nghi Vo,3.93,2,198
8670,"Iron Flame (The Empyrean, #2)",Rebecca Yarros,4.37,2,198
8671,Kill Your Darlings,L.E. Harper,4.15,2,198
8672,"Il ladro di fulmini (Percy Jackson e gli dei dell'Olimpo, #1)",Rick Riordan,4.31,2,198
8673,Hood Feminism: Notes from the Women That a Movement Forgot,Mikki Kendall,4.37,3,198
8674,State of Terror,Hillary Rodham Clinton,4.09,2,198
8675,And So We Dream,Linda Mahkovec,4.27,2,198
8676,How Can You Smell the Roses if the Tops Have Been Cut Off?,Margaret A. Gray,4.67,2,197
8677,Beyond Civilization: Humanity's Next Great Adventure,Daniel Quinn,3.90,2,197
8678,"Jean-Christophe, Vol. 1",Romain Rolland,4.17,2,197
8679,Dante's Divine Comedy: Boxed Set,Marcus Sanders,4.08,3,197
8680,Good Grief,Lolly Winston,3.73,3,197
8681,Time of Wonder,Robert McCloskey,4.10,3,197
8682,The Four Elements of Life,Roxana Jones,4.07,2,197
8683,"The Fourth Queen (The Empyrical Tales, #1)",Mark  Miller,4.36,2,197
8684,"The Lost Queen (The Empyrical Tales, #2)",Mark  Miller,4.61,2,197
8685,Red Earth and Pouring Rain,Vikram Chandra,3.80,2,197
8686,"The Man Who Warned America: The Life and Death of John O'Neill, the FBI's Embattled Counterterror Warrior",Murray Weiss,4.31,2,197
8687,Lost in Infinity,Travis Besecker,3.71,2,197
8688,Aurélia and Other Writings,Gérard de Nerval,4.03,2,197
8689,Desert Rose: The Life and Legacy of Coretta Scott King,Edythe Scott Bagley,4.28,2,197
8690,"The Sweetness at the Bottom of the Pie (Flavia de Luce, #1)",Alan Bradley,3.82,3,197
8691,The Mabinogion,Unknown,3.93,3,197
8692,Mavericks,Strider Marcus Jones,5.00,2,197
8693,Love Dreams,January Valentine,3.45,2,197
8694,Cosmic Connection: An Extraterrestrial Perspective,Carl Sagan,4.25,2,197
8695,The Uses of Enchantment: The Meaning and Importance of Fairy Tales,Bruno Bettelheim,3.83,3,197
8696,The Chronicles of Fire and Ice (The Legend of The Archangel #1),L.L. Hunter,3.39,2,197
8697,Freddy and Fredericka,Mark Helprin,3.79,2,197
8698,The Dwarf,Pär Lagerkvist,3.69,2,197
8699,Bone: The Complete Edition,Jeff Smith,4.46,2,197
8700,Bonjour tristesse,Françoise Sagan,3.73,3,197
8701,Letter to a Child Never Born,Oriana Fallaci,4.01,2,197
8702,The Bridge Over the River Kwai,Pierre Boulle,3.95,3,197
8703,Beyond Nostalgia,Tom Winton,3.60,2,197
8704,"The Sight (The Sight, #1)",David Clement-Davies,4.14,2,197
8705,The Bookmaker of Business: A Financial Tale,Murray H. Williams,4.83,2,197
8706,The Night's Night,D.B. Tarpley,3.61,2,197
8707,Musings of a usual mind,Smiran Bhandari,4.00,2,197
8708,One Nation: What We Can All Do to Save America's Future,Ben Carson,4.09,2,197
8709,Dragon's Bait,Vivian Vande Velde,3.93,2,197
8710,Twisted,Laurie Halse Anderson,3.82,2,197
8711,Forgiveness,Rain Murphy,4.19,2,197
8712,Lemon Girl,Jyoti Arora,4.03,2,197
8713,The Travels of Marco Polo,Giulio Einaudi,3.00,2,197
8714,The Pact (book 1),Robert Patrick Lewis,3.83,2,197
8715,Shift!,Bill C.  Castengera,4.00,2,197
8716,"Inheritance (Wizards of Seattle, #1)",John O'Riley,3.67,2,197
8717,Best Of Ruskin Bond,Ruskin Bond,4.29,2,197
8718,A Perfect Spy,John Le Carré,3.99,2,197
8719,Silver Haze,Pankaj Varma,4.19,2,197
8720,The Sane Society,Erich Fromm,4.25,2,197
8721,"Doon (Doon, #1)",Carey Corp,3.89,2,197
8722,The Robber Knight (The Robber Knight Saga #1),Robert Thier,4.37,2,197
8723,Bridgetown High,Paul W. West,4.24,2,197
8724,Bluefish,Pat Schmatz,3.85,2,197
8725,The Unknown She,Brooksie D. Thompson,0.00,2,197
8726,"Road to Nowhere (Road to Nowhere, #1)",M.  Robinson,4.08,2,197
8727,True Stories,Lev Emmanuilovich Razgon,4.40,2,197
8728,I Am Malala: How One Girl Stood Up for Education and Changed the World,Malala Yousafzai,4.33,2,197
8729,Twisted Tax Tales: Bizarre and twisted short stories,Success Tax Professionals,4.83,2,197
8730,News of the World,Paulette Jiles,4.08,3,197
8731,"When the Lion Feeds (Courtney publication, #1; Courtney chronological, #10)",Wilbur Smith,4.23,2,197
8732,"Rush Revere and the Brave Pilgrims (Adventures of Rush Revere, #1)",Rush Limbaugh,4.12,2,197
8733,The Proximity of Stars,Benedict Stuart,4.34,2,197
8734,Anti-Matter (Beyond The Green New Deal and Survival of the Human Race - Book Series.),Michael Mathiesen,4.62,2,197
8735,Caged Lions Never Roar,Arthur Archambeau,4.59,2,197
8736,Essence of Being,Mimi Novic,4.33,2,197
8737,"Selfish: Permission to Pause, Live, Love and Laugh Your Way to Joy",Naketa Ren Thigpen,4.82,2,197
8738,"Spin (Spin, #1)",Robert Charles Wilson,4.04,3,197
8739,পথের পাঁচালী (অপুর পাঁচালী #1),Bibhutibhushan Bandyopadhyay,4.61,2,197
8740,"The Skull Beneath the Skin (Cordelia Gray, #2)",P.D. James,3.78,2,197
8741,The Orange Girl,Jostein Gaarder,3.91,2,197
8742,The Diana Chronicles,Tina  Brown,3.80,2,197
8743,Scaling Up: How a Few Companies Make It...and Why the Rest Don't (Rockefeller Habits 2.0 Revised Edition),Verne Harnish,4.16,2,197
8744,Damn Right!: Behind the Scenes with Berkshire Hathaway Billionaire Charlie Munger,Janet Lowe,4.16,2,197
8745,"Pietr the Latvian (Maigret, #1)",Georges Simenon,3.46,2,197
8746,"Hopeless (Hopeless, #1)",Colleen Hoover,4.23,2,197
8747,Vanished: True Stories from Families of Australian Missing Persons,Nicole  Morris,4.28,2,197
8748,Whispers In The Tall Grass,Nick Brokhausen,4.15,2,197
8749,I Who Have Never Known Men,Jacqueline Harpman,4.18,2,197
8750,Easter Scales (Witches of Moonhaven #4),Melissa Bellis,5.00,2,197
8751,The Echoes of Enigma: Illuminating Life's Profound Akashic Mysteries,Ramzi Najjar,4.81,2,197
8752,"The Ghost Map: The Story of London's Most Terrifying Epidemic—and How It Changed Science, Cities, and the Modern World",Steven Johnson,3.89,3,197
8753,Cime tempestose,Emily Brontë,3.90,2,197
8754,The Orphaned Anything's: Memoir of a Lesser Known,Stephen Christian,4.09,2,196
8755,Resurrection,Leo Tolstoy,4.17,2,196
8756,The Three Questions,Jon J. Muth,4.35,3,196
8757,Life's That Way,Jim Beaver,4.52,2,196
8758,"The World as Will and Representation, Volume I",Arthur Schopenhauer,4.22,2,196
8759,A Woman in Berlin: Eight Weeks in the Conquered City: A Diary,Anonymous,4.28,2,196
8760,Journey by Moonlight,Antal Szerb,4.22,2,196
8761,One Night at the Call Center,Chetan Bhagat,2.53,2,196
8762,"Speak to Me of Abduction (Reel to Real, #1)",Lillian  Grant,4.32,2,196
8763,"Hidden (Marchwood Vampires, #1)",Shalini Boland,3.69,2,196
8764,The Corporation: The Pathological Pursuit of Profit and Power,Joel Bakan,4.07,2,196
8765,Spontaneous Combustion: Enlightenment and the Cosmic Crucible,Miles Gentry,4.20,2,196
8766,I Am Not Myself These Days,Josh Kilmer-Purcell,3.96,2,196
8767,"Fantasy Lover (Hunter Legends, #1)",Sherrilyn Kenyon,4.15,3,196
8768,Art and Fear,David Bayles,3.78,2,196
8769,Mockingbird,Kathryn Erskine,4.20,2,196
8770,"Orion: The Fight for Vox (Voxian, #2)",Ruth Watson-Morris,4.64,2,196
8771,Coriolanus,William Shakespeare,3.72,3,196
8772,A Lua de Joana,Maria Teresa Maia Gonzalez,3.83,2,196
8773,Telling Time by the Shadows,John     Fitzgerald,5.00,2,196
8774,Only the Paranoid Survive: How to Exploit the Crisis Points that Challenge Every Company and Career,Andrew S. Grove,3.97,2,196
8775,Spilled Coffee,J.B. Chicoine,3.88,2,196
8776,Kris,Patrick O'Scheen,4.14,2,196
8777,"The Tree House (The Tree House, #1)",Shay Lynam,4.15,2,196
8778,Success Isn't for Everyone:  How to build a Successful Foundation for your life.,Daniel Willey,4.25,2,196
8779,Be Great!: 365 Inspirational Quotes from the World's Most Influential People,Daniel Willey,4.65,2,196
8780,"365 Fun, Uplifting, and Inspirational Quotes from all the Top Movies",Daniel Willey,4.29,2,196
8781,Bentwhistle The Dragon in A Chilling Revelation (Book 2),Paul Cude,4.62,2,196
8782,The Library of Babel,Jorge Luis Borges,4.34,2,196
8783,"Trust Trilogy (Trust Trilogy, #1-3; Trust series, #1-8)",Cristiane Serruya,4.09,2,196
8784,"Unsaid (The Manhattanites, #3)",Avery Aster,3.51,2,196
8785,Soldier and Spice - An Army Wife's Life,Aditi Mathur Kumar,4.02,2,196
8786,"Untainted (Photographer Trilogy, #3)",Sarah  Robinson,4.31,2,196
8787,The Warrior,Joyce Swann,4.34,2,196
8788,Anne Hawksmoor: Time in the Tower,K.C. Harry,4.25,2,196
8789,"Opiate Addiction - The Painkiller Addiction Epidemic, Heroin Addiction and the Way Out",Taite Adams,3.95,2,196
8790,Liberty Defined: 50 Essential Issues That Affect Our Freedom,Ron Paul,4.22,2,196
8791,Earthly Powers,David       Anderson,4.57,2,196
8792,"Unveiled (The Keeper, #5)",O.L. Ramos,4.50,2,196
8793,Doctors,Erich Segal,4.07,2,196
8794,The Secret of Childhood,Maria Montessori,4.17,2,196
8795,Shades of Blue,Karen Kingsbury,4.23,2,196
8796,The Quran: English Meanings and Notes,Saheeh International,4.45,2,196
8797,A New Forest Witch,Siobhan Searle,5.00,2,196
8798,"Shadow Maker (Nick Baron, #2)",James R. Hannibal,4.20,2,196
8799,Introducing Charlotte,Charlotte Hains,4.69,2,196
8800,Solitaire,Alice Oseman,3.92,2,196
8801,Pangaea,A.J. Questerly,4.89,2,196
8802,Ray of Sunlight,Brynn Stein,4.21,2,196
8803,"El amor, las mujeres y la vida",Mario Benedetti,4.23,2,196
8804,The Illicit Happiness of Other People,Manu Joseph,4.08,2,196
8805,Persona normal,Benito Taibo,4.38,2,196
8806,"Resistance (Ilyon Chronicles, #1)",Jaye L. Knight,4.49,2,196
8807,The Sentinel,Arthur C. Clarke,3.96,3,196
8808,"Proposed Roads to Freedom: Socialism, Anarchism and Syndicalism",Bertrand Russell,3.87,2,196
8809,Standing for Something: 10 Neglected Virtues That Will Heal Our Hearts and Homes,Gordon B. Hinckley,4.60,2,196
8810,"Mage Blood (Beyond Series, #1.5)",Janet E. Morris,4.70,3,196
8811,Supergirl Mixtapes,Meagan Brothers,3.52,2,196
8812,Alchemist of the East,Aporva Kala,4.46,2,196
8813,Billy The Kid: An Autobiography,Daniel A. Edwards,4.09,2,196
8814,Behind Blue Eyes,D.M. Wolfenden,4.26,2,196
8815,"Targeted for Murder (Wilderness, Inc, #1)",Elizabeth Goddard,4.26,2,196
8816,The Standard Grand,Jay Baron Nicorvo,3.08,2,196
8817,Fracked,Mark D.  Campbell,4.23,2,196
8818,Desolation (Degeneration #2),Mark D.  Campbell,4.41,2,196
8819,Destiny of Souls: New Case Studies of Life Between Lives,Michael   Newton,4.35,2,196
8820,I'd rather Starve than Cook!,Lisa M. Orban,4.27,2,196
8821,Lone Wolf,Jodi Picoult,3.73,2,196
8822,"Hungerspelen (The Hunger Games, #1)",Suzanne Collins,4.34,2,196
8823,Inconvenient Memories: A Personal Account of the Tiananmen Square Incident and China Before and After,Anna Wang  Yuan,3.98,2,196
8824,"Grey (Fifty Shades as Told by Christian, #1)",E.L. James,3.83,2,196
8825,"Death's End (Remembrance of Earth’s Past, #3)",Liu Cixin,4.41,2,196
8826,The Sense of Touch,Ron  Parsons,4.19,2,196
8827,The Truth-Seeker’s Handbook: A Science-Based Guide,Gleb Tsipursky,4.18,2,196
8828,Istorii cu Vlad Țepeș,Miruna Drăghici,5.00,2,196
8829,Stories Of The Prophets,Ibn Kathir,4.50,2,196
8830,The Illusion of Murder (Illusions and Shadows #1),Diane Henson,4.79,2,196
8831,Percy Jackson and the Greek Gods (English),Rick Riordan,4.43,2,196
8832,بين القصرين,Naguib Mahfouz,4.20,2,196
8833,THE BOOK THAT HAPPENED – Is Reality but Sheer Coincidence?,Attila  Pergel,4.24,2,196
8834,The Prison of Deviants,Tamuna Tsertsvadze,4.60,2,196
8835,Rich Dad's Cashflow Quadrant: Rich Dad's Guide to Financial Freedom,Robert T. Kiyosaki,4.16,3,196
8836,And So it Goes: Kurt Vonnegut: A Life,Charles J. Shields,3.96,2,196
8837,Every Love Story Is a Ghost Story: A Life of David Foster Wallace,D.T. Max,3.76,2,196
8838,How the Word Is Passed: A Reckoning with the History of Slavery Across America,Clint   Smith,4.71,2,196
8839,"White Hot Kiss (The Dark Elements, #1)",Jennifer L. Armentrout,4.17,3,196
8840,Making Friends With Monsters,Sandra L. Rostirolla,4.44,2,196
8841,A Storm Rises (Bloodlines Legacy #1),Rose Garcia,4.46,2,196
8842,Hamnet,Maggie O'Farrell,4.19,2,196
8843,"Walk on Earth a Stranger  (The Gold Seer Trilogy, #1)",Rae Carson,3.93,3,196
8844,"Flawless (Pretty Little Liars, #2)",Sara Shepard,3.88,2,196
8845,Picasso at the Lapin Agile and Other Plays,Steve  Martin,3.97,2,196
8846,The Huntress,Kate Quinn,4.30,2,196
8847,The Mystery of Marriage: Meditations on the Miracle,Mike Mason,4.25,2,195
8848,The Enemy Within,Sheila L. Jackson,4.20,2,195
8849,"Shabanu: Daughter of the Wind (Shabanu, #1)",Suzanne Fisher Staples,3.77,2,195
8850,Prayer for a Child,Rachel Field,3.94,4,195
8851,Nothing Lasts Forever,Sidney Sheldon,3.88,3,195
8852,Home Repair,Liz Rosenberg,3.20,2,195
8853,Broken: My Story of Addiction and Redemption,William Cope Moyers,3.96,2,195
8854,Lincoln,David Herbert Donald,4.19,4,195
8855,Alicia: My Story,Alicia Appleman-Jurman,4.14,2,195
8856,"Witch Song (Witch Song, #1)",Amber Argyle,3.69,2,195
8857,"The Wiccan Diaries (The Wiccan Diaries, #1)",T.D. McMichael,3.75,2,195
8858,Hazardous Choices,Joseph Rinaldo,3.83,2,195
8859,The Irresistible Revolution: Living as an Ordinary Radical,Shane Claiborne,4.04,2,195
8860,Crabwalk,Günter Grass,3.47,2,195
8861,Songmaster,Orson Scott Card,3.75,2,195
8862,The Ramayana,Vālmīki,4.19,2,195
8863,"Asura: Tale Of The Vanquished, The Story of Ravana and His People",Anand Neelakantan,3.71,2,195
8864,Teatro de Gil Vicente,Gil Vicente,3.80,3,195
8865,الأسود يليق بك,Ahlam Mosteghanemi,3.63,2,195
8866,The Art of Worldly Wisdom: A Pocket Oracle,Baltasar Gracián,4.17,2,195
8867,"Smaragdgrün (Edelstein-Trilogie, #3)",Kerstin Gier,4.20,2,195
8868,The Savage Detectives,Roberto Bolaño,4.18,2,195
8869,The Deptford Trilogy,Robertson Davies,4.32,3,195
8870,The Forever War,Dexter Filkins,4.13,2,195
8871,The Last Day of a Condemned Man,Victor Hugo,3.97,2,195
8872,The Unfettered Mind: Writings of the Zen Master to the Sword Master (The ^AWay of the Warrior Series),Takuan Soho,4.05,2,195
8873,"The Nightlife: Las Vegas (The Nightlife, #2)",Travis Luedke,3.86,2,195
8874,Ethereal Revelations - Volume I: Access to Another Dimension,Lizelle DuPlessis,4.50,2,195
8875,"The Deep End of the Ocean (Cappadora Family, #1)",Jacquelyn Mitchard,3.87,3,195
8876,ആടുജീവിതം / Aatujeevitham,Benyamin,4.31,2,195
8877,There's More to Life Than This,Theresa Caputo,4.18,2,195
8878,Jackboot Britain,Daniel S. William Fletcher,3.63,2,195
8879,A Flicker of Light,Roberta Kagan,3.95,2,195
8880,"Yes, That's What They Call Me, Nobody",Dhananjay Singh,4.50,2,195
8881,"The Land Uncharted (Uncharted, #1)",Keely Brooke Keith,4.11,2,195
8882,Sinnabar,Richard Wolkomir,4.27,2,195
8883,Outpassage,Janet E. Morris,4.09,2,195
8884,The Clash,Carlos Ramón Advincola Jr.,5.00,2,195
8885,"Shiva Trilogy (Shiva Trilogy, #1-3)",Amish Tripathi,4.35,2,195
8886,Liberty,Kim Iverson Headlee,3.98,2,195
8887,From Ouch to Oops,Ramg Vallath,4.10,2,195
8888,"Wild Things (Chicagoland Vampires, #9)",Chloe Neill,4.20,2,195
8889,The Hellbound Heart,Clive Barker,4.08,2,195
8890,Land of the Seven Rivers: A Brief History of India's Geography,Sanjeev Sanyal,4.03,2,195
8891,"The Second Summer of the Sisterhood (Sisterhood, #2)",Ann Brashares,3.81,3,195
8892,Deferred Consumption (Consumption #1),Shana James,3.88,2,195
8893,White Star,Lisa Terry,4.40,2,195
8894,"The Starving Heart  (Darkeye, #3)",Lydia West,4.42,2,195
8895,"Christianity Made Simple: A Regular Parent’s Guide to Making Sense of Christianity, Answering the Hard Questions, and Building Lasting Values in the Modern World",Matthew Fortunato,5.00,2,195
8896,Give It Back,Danielle Esplin,3.79,2,195
8897,Hiding Haelo (Candeon Heirs #1),T.M. Holladay,4.31,2,195
8898,Unveil The Eagle,S. O'Sade,5.00,2,195
8899,"Mountains of Tibet, The",Mordicai Gerstein,4.43,2,195
8900,From Sand and Ash,Amy Harmon,4.38,2,195
8901,Collected Fictions,Jorge Luis Borges,4.56,2,195
8902,ಆವರಣ [Aavarana],S.L. Bhyrappa,4.45,2,195
8903,Castle of Wizardry (The Belgariad #4),David Eddings,4.18,2,195
8904,The Great Alone,Kristin Hannah,4.45,2,195
8905,20th Century Ghosts,Joe Hill,3.90,2,195
8906,Indian Horse,Richard Wagamese,4.41,2,195
8907,Colors of the Mountain: A Memoir,Da Chen,3.96,2,195
8908,Corners: Voices on Change,Amy Lou Jenkins,3.67,2,195
8909,چشم‌هایش,Bozorg Alavi,3.66,2,195
8910,The Divan,Hafez,4.66,2,195
8911,Long Live Phoenixes,Jasmine Farrell,4.65,2,195
8912,"Valor (The Faithful and the Fallen, #2)",John Gwynne,4.43,2,195
8913,"Ruin (The Faithful and the Fallen, #3)",John Gwynne,4.50,2,195
8914,The Story of Philosophy: The Lives and Opinions of the World's Greatest Philosophers,Will Durant,4.15,2,195
8915,Archibald Finch and the Lost Witches (Archibald Finch #1),Michel Guyon,4.07,2,195
8916,Matchmaking for Beginners,Maddie Dawson,3.99,2,195
8917,"The Wrath of Truth (The Wages of Sin, #2)",L.E.  Parker,4.45,2,195
8918,"The Fall of Innocence (The Wages of Sin, #3)",L.E.  Parker,4.45,2,195
8919,"The Birth of Death (The Wages of Sin, #4)",L.E.  Parker,4.48,2,195
8920,"The Dawn of Evil (The Wages of Sin, #5)",L.E.  Parker,4.48,2,195
8921,"Forgotten Bones (Dead Remaining, #1)",Vivian Barz,4.04,2,195
8922,"The Short Victorious War (Honor Harrington, #3)",David Weber,4.18,2,195
8923,Falsely Accused of the Unthinkable,Glenis Kellet,4.39,2,195
8924,The Breath Between Waves,Charlotte Anne Hamilton,3.72,2,195
8925,"Magic Dark, Magic Divine (Warrior of the Divine Sword, #1)",A.J. Locke,4.05,2,195
8926,Nausicaä of the Valley of the Wind: The Complete Series,Hayao Miyazaki,4.76,2,195
8927,Splitting the Arrow: Understanding the business of Life,Prem Rawat,4.17,2,195
8928,"The Rise and Fall of D.O.D.O. (D.O.D.O., #1)",Neal Stephenson,3.86,2,195
8929,"The Prize Winner of Defiance, Ohio: How My Mother Raised 10 Kids on 25 Words or Less",Terry Ryan,3.92,2,195
8930,Prairie Tale,Melissa Gilbert,3.62,2,195
8931,"Suspect (Joseph O'Loughlin, #1)",Michael Robotham,3.90,3,195
8932,A Year of Biblical Womanhood,Rachel Held Evans,4.03,2,195
8933,"The Perfect Marriage (Perfect, #1)",Jeneva Rose,3.97,2,195
8934,"The Beautiful Ashes (Broken Destiny, #1)",Jeaniene Frost,3.65,2,195
8935,Magical Matchmaker (Witches of Moonhaven #3),Melissa Bellis,4.19,2,195
8936,Manchild in the Promised Land,Claude  Brown,4.28,2,195
8937,The Best of Elizabeth Bear,Elizabeth Bear,4.04,2,195
8938,"Dream a Little Dream (Chicago Stars, #4)",Susan Elizabeth Phillips,4.16,2,195
8939,"If He Had Been With Me (If He Had Been with Me, #1)",Laura Nowlin,3.79,2,195
8940,Whatever Happened to Justice?,Richard J. Maybury,4.25,2,194
8941,Let the Shadows Fall Behind You,Kathy-Diane Leveille,3.72,2,194
8942,"Dead By Sunset: Perfect Husband, Perfect Killer?",Ann Rule,4.13,3,194
8943,Freedom: A Novel of Abraham Lincoln and the Civil War,William Safire,4.13,2,194
8944,"Hyperspace: A Scientific Odyssey Through Parallel Universes, Time Warps, and the Tenth Dimension",Michio Kaku,4.15,2,194
8945,Double Identity,Margaret Peterson Haddix,4.01,3,194
8946,"Wind in the Grasses Dancing (Dancing the Dream, #1)",Terrie McClay,3.96,2,194
8947,Dragon Wish,Judith Leger,4.00,2,194
8948,The Swimmer,Zsuzsa Bánk,3.89,2,194
8949,Pornography: Men Possessing Women,Andrea Dworkin,4.01,2,194
8950,Eight of Jacks,T.D. McMichael,4.38,2,194
8951,Murphy,Samuel Beckett,3.81,2,194
8952,Mildred Pierce,James M. Cain,3.93,3,194
8953,Tom's Midnight Garden,Philippa Pearce,4.05,3,194
8954,The Divine Heart of God the Father,Marcelle Bartolo-Abela,4.31,2,194
8955,Girlfriend in a Coma,Douglas Coupland,3.62,2,194
8956,"Fifty Shades Trilogy (Fifty Shades, #1-3)",E.L. James,4.11,2,194
8957,"The First Pillar (Everville, #1)",Roy Huff,3.61,2,194
8958,Spring Water,John     Fitzgerald,4.36,2,194
8959,"Shattered and Shaken (Shaken, #1)",Julie Bailes,4.09,2,194
8960,کلیدر: دوره ۱۰ جلدی,Mahmoud Dowlatabadi,4.36,2,194
8961,Knight of Flame,Scott Eder,4.03,2,194
8962,"The Golden Spruce: A True Story of Myth, Madness, and Greed",John Vaillant,4.12,2,194
8963,"Impulse (Impulse, #1)",Ellen Hopkins,4.26,2,194
8964,Small Sacrifices,Ann Rule,4.25,3,194
8965,TOP SCHOOLS: Little Success Secrets,Francis Otieno,4.83,2,194
8966,"Vampire Princess Rising (The Winters Family Saga, #2)",Jami Brumfield,4.38,2,194
8967,"Dante's Amulet (Coriola, #2)",Melinda De Ross,4.58,2,194
8968,Love Poems and Sonnets,William Shakespeare,4.26,2,194
8969,"Arthamulla Hindu Matham, Vols. 1-10",Kannadasan,4.09,2,194
8970,Things a Little Bird Told Me: Confessions of the Creative Mind,Biz Stone,3.92,2,194
8971,The Half Brother,Lars Saabye Christensen,4.12,2,194
8972,Colorless Tsukuru Tazaki and His Years of Pilgrimage,Haruki Murakami,3.87,2,194
8973,"Highland Darkness (The Donahue McGregor Saga, #1)",Lilian Jade,4.17,2,194
8974,Brave Brush-Tail Possum,Diane Redfield Massie,4.43,2,194
8975,The Mark of Man,Owen H. Lewis,4.29,2,194
8976,A Sudden Light,Garth Stein,3.65,2,194
8977,"Edge of Eternity (The Century Trilogy, #3)",Ken Follett,4.20,3,194
8978,Tale of the Lost Daughter,Karen  Clark,4.29,2,194
8979,The Jester,James  Patterson,3.81,2,194
8980,Dark Incidence,A.G. Liam,4.05,2,194
8981,"Lady Fiasco (My Notorious Aunt, #1)",Kathleen Baldwin,3.81,2,194
8982,Raiders of the Dawn (Raiders of the Dawn #1),M. Benjamin Woodall,3.83,2,194
8983,"Adulthood Is a Myth (Sarah's Scribbles, #1)",Sarah Andersen,4.12,2,194
8984,Miro,A.E. Nasr,4.51,2,194
8985,"Library of Souls (Miss Peregrine's Peculiar Children, #3)",Ransom Riggs,4.14,2,194
8986,"Oliver's Story (Love Story, #2)",Erich Segal,3.25,2,194
8987,"Limits of Destiny (Limits of Destiny, #1)",Sharlyn G. Branson,3.84,2,194
8988,"Limits of Destiny (Limits of Destiny, #2)",Sharlyn G. Branson,4.29,2,194
8989,"Limits of Destiny (Limits of Destiny, #3)",Sharlyn G. Branson,4.35,2,194
8990,"Limits of Destiny (Limits of Destiny, #4)",Sharlyn G. Branson,4.41,2,194
8991,From Failure to Success: A Treasury of 50 Inspiring Stories,Abhinav Kushwaha,4.27,2,194
8992,Oh God! What Have We Done?,Yvonne Parks,5.00,2,194
8993,The Magnolia Story,Chip Gaines,4.18,3,194
8994,The Inconvenient Indian: A Curious Account of Native People in North America,Thomas King,4.25,2,194
8995,Self Growth - 3: Easy Way to Use Inspirational Quotes,Ron Millicent,4.31,2,194
8996,Crash Lane News,CrashLaneNews.com,4.28,2,194
8997,Nidhug's Story: An Evil Cricket King,Julie-Anne Gamble,5.00,2,194
8998,How to Stop Time,Matt Haig,3.83,2,194
8999,روزنامه‌ی سفر میمنت اثر ایالات متفرقه‌ی امریغ,احمد شاملو,3.38,2,194
9000,The Vampire Gideon's Suicide Hotline and Halfway House for Orphaned Girls,Andrew Katz,3.85,2,194
9001,"The Crazy Life of a Kid from Brooklyn: My Crazy Life in history, with celebrities, with travel & with business (2019 Update)",Bill Morgenstein,4.47,2,194
9002,The Perfect Mother,Aimee Molloy,3.53,2,194
9003,Born Slippy,Tom Lutz,3.89,2,194
9004,"Spintecătorul Sorții (Cartea Zeilor,#2)",Miruna Drăghici,4.80,2,194
9005,The Translation of the Meanings of Summarized Sahih Al-Bukhari: Arabic-English,Muhammad M. Khan,4.60,2,194
9006,WOLF WHISPERER SERIES  Vol 1 & 2,Angeline Gallant,5.00,2,194
9007,"Death in Holy Orders (Adam Dalgliesh, #11)",P.D. James,3.92,3,194
9008,"Crossover (Cross your Heart and Die, #1)",Diane L. Kowalyshyn,4.30,2,194
9009,Ignotia: The Staff of Ivellious,Grayden McClellan,4.44,2,194
9010,"Caddie Woodlawn (Caddie Woodlawn, #1)",Carol Ryrie Brink,4.02,2,194
9011,"The Twelve (The Passage, #2)",Justin Cronin,4.03,3,194
9012,The Fountains of Paradise,Arthur C. Clarke,3.95,2,194
9013,The Immortal Irishman: The Irish Revolutionary Who Became an American Hero,Timothy Egan,4.30,2,194
9014,The Kitchen and the Studio: A Memoir of Food and Art,Mallory M. O'Connor,4.39,2,194
9015,Always Looking Up: The Adventures of an Incurable Optimist,Michael J. Fox,3.82,2,194
9016,"The Golden Enclaves (The Scholomance, #3)",Naomi Novik,4.13,2,194
9017,The Johnstown Flood,David McCullough,4.13,2,194
9018,"Haveli (Shabanu, #2)",Suzanne Fisher Staples,3.94,2,193
9019,"The Druid of Shannara (Heritage of Shannara, #2)",Terry Brooks,4.04,3,193
9020,The Culture of Fear: Why Americans Are Afraid of the Wrong Things,Barry Glassner,3.70,2,193
9021,"He, She and It",Marge Piercy,3.99,2,193
9022,Me & Emma,Elizabeth Flock,3.91,2,193
9023,Fire Under the Snow: Testimony of a Tibetan Prisoner,palden-gyatso-tsering-shakya-dalai-lama-xiv,4.42,2,193
9024,The Place of the Lion,Charles  Williams,3.86,2,193
9025,"Everlost (The Skinjacker Trilogy, #1)",Neal Shusterman,3.96,2,193
9026,Safely Home,Randy Alcorn,4.41,2,193
9027,Commentaries on Living: First Series,J. Krishnamurti,4.42,2,193
9028,"Bone Crossed (Mercy Thompson, #4)",Patricia Briggs,4.34,3,193
9029,"Bloodfever (Fever, #2)",Karen Marie Moning,4.25,2,193
9030,Taking the Leap: Freeing Ourselves from Old Habits and Fears,Pema Chödrön,4.23,2,193
9031,The Romance of Tristan and Iseult,Joseph Bédier,3.52,2,193
9032,"Just Don't Fall: How I Grew Up, Conquered Illness, and Made It Down the Mountain",Josh Sundquist,4.18,2,193
9033,"The Gods of Gotham (Timothy Wilde, #1)",Lyndsay Faye,3.87,2,193
9034,"Joy in the Morning (Jeeves, #8)",P.G. Wodehouse,4.28,2,193
9035,The Making of a Surgeon,William A. Nolen,4.21,2,193
9036,A Tear and a Smile,Kahlil Gibran,3.95,2,193
9037,My Boss's Slave,Kathryn Morgan Parry,3.30,2,193
9038,Les Méthodes Marketing Électronique: Comment se maintenir à flot dans un marché en constant changement,Maria Johnsen,4.80,2,193
9039,Multilingual Digital Marketing: How To Achieve Your Digital Marketing Objectives And Increase Sales,Maria Johnsen,4.58,2,193
9040,Annihilation of Caste,B.R. Ambedkar,4.61,2,193
9041,Story of The Ghost,Charles  Mahoney,4.50,2,193
9042,Hamburg 1947: A Place for the Heart to Kip,Harry Leslie Smith,4.41,2,193
9043,"A Time to Reap (The Legend of Carter Gabel, #1)",Jonas     Lee,4.03,2,193
9044,"The Dragonet Prophecy (Wings of Fire, #1)",Tui T. Sutherland,4.23,2,193
9045,The Wonderful Story of Henry Sugar and Six More,Roald Dahl,4.12,2,193
9046,Unleash The Power of Social Media Marketing: Explosive Proven Strategies to Boost Your Social Media Marketing Campaign,Joe Praveen Sequeira,4.80,2,193
9047,Finding Parker,Scott Hildreth,4.15,2,193
9048,Rush to Destiny,L.J. Martin,4.36,2,193
9049,How to Make Her LET GO & GIVE IN: The No-Bullshit Guide to Great Sex,Stan Findus,2.67,2,193
9050,Morium: Dark Horizons (Morium Trilogy #2),S.J. Hermann,4.79,2,193
9051,Tell It to the World: International Justice and the Secret Campaign to Hide Mass Murder in Kosovo,Eliott Behar,4.27,2,193
9052,"Learning to Live (Infinite Love, #1)",Kira Adams,4.34,2,193
9053,Operation Mincemeat: How a Dead Man and a Bizarre Plan Fooled the Nazis and Assured an Allied Victory,Ben Macintyre,4.03,2,193
9054,Book of My Mother,Albert Cohen,3.87,2,193
9055,The Great Zoo of China,Matthew Reilly,3.78,2,193
9056,Until Dark (Until forever series Book 1),Sheridan Cooper,4.25,2,193
9057,Nikola Tesla: Imagination and the Man That Invented the 20th Century,Sean Patrick,3.88,2,193
9058,The Birds' Christmas Carol,Kate Douglas Wiggin,4.01,2,193
9059,"Understanding Human Psychology: Guide to Mastering the Art of Mind Control, Mentalism and Hypnosis (how to use that knowledge to influence and control people using different techniques.)",Kevin Jobson,3.83,2,193
9060,Beneath the Skin,Kyla Stone,4.20,2,193
9061,"Dom Wars: Round Two (Dom Wars, #2)",Lucian Bane,4.14,2,193
9062,"Dragons of Spring Dawning (Dragonlance: Chronicles, #3)",Margaret Weis,4.14,2,193
9063,A Sunday at the Pool in Kigali,Gil Courtemanche,3.95,3,193
9064,Jacob,Mark D.  Campbell,4.87,2,193
9065,"Mona Lisa's Secret (Joey Peruggia, #1)",Phil Philips,3.98,2,193
9066,Your Soul's Plan: Discovering the Real Meaning of the Life You Planned Before You Were Born,Robert Schwartz,4.34,2,193
9067,The Shadow Girl,Misty Mount,4.25,2,193
9068,"The Heights of Perdition (The Divine Space Pirates, #1)",C.S.  Johnson,4.13,2,193
9069,"To The Falls (The Falls Trilogy, #1)",Heather  Renee,4.08,2,193
9070,The House on the Strand,Daphne du Maurier,3.83,3,193
9071,The Grass Is Singing,Doris Lessing,3.83,2,193
9072,"Secret of the Cassin's Family Curse (Castle of Mysteries, #1)",Julie-Anne Gamble,4.88,2,193
9073,All the Light We Cannot See,Anthony Doerr,4.31,2,193
9074,The Woman in the Window,A.J. Finn,3.94,2,193
9075,"Love in the Victory Garden (The Serve, #2)",Cece Whittaker,4.12,2,193
9076,Brilliance of Dawn,Mimi Novic,4.67,2,193
9077,Wonder,R.J. Palacio,4.36,2,193
9078,Beyond Red Lines,Pierre Rehov,4.75,2,193
9079,No Longer Shy: Conquering Shyness and Social Anxiety,Reniel Anca,5.00,2,193
9080,Zemsta,Aleksander Fredro,3.15,2,193
9081,The Dance of Intimacy: A Woman's Guide to Courageous Acts of Change in Key Relationships,Harriet Lerner,4.02,3,193
9082,The Passenger,Ulrich Alexander Boschwitz,3.95,2,193
9083,The HP Way: How Bill Hewlett And I Built Our Company,David Packard,3.90,2,193
9084,The Millionaire Messenger: Make a Difference and a Fortune Sharing Your Advice,Brendon Burchard,4.11,2,193
9085,The Tree Lady: The True Story of How One Tree-Loving Woman Changed a City Forever,H. Joseph Hopkins,4.19,2,193
9086,Isabella: The Warrior Queen,Kirstin Downey,4.12,2,193
9087,The Bookish Life of Nina Hill,Abbi Waxman,3.80,2,193
9088,"The Lady's Guide to Celestial Mechanics (Feminine Pursuits, #1)",Olivia Waite,3.99,2,193
9089,"Means of Ascent (The Years of Lyndon Johnson, #2)",Robert A. Caro,4.27,2,193
9090,Empire of the Summer Moon,S.C. Gwynne,4.24,2,193
9091,"Do No Harm: Stories of Life, Death and Brain Surgery",Henry Marsh,4.25,2,193
9092,Emma in the Night,Wendy   Walker,3.71,2,193
9093,Nine Lives,Peter  Swanson,3.56,2,193
9094,Wrong Place Wrong Time,Gillian McAllister,3.98,2,193
9095,"The King's Curse (The Plantagenet and Tudor Novels, #7)",Philippa Gregory,4.06,3,193
9096,"Strawberry Shortcake Murder (Hannah Swensen, #2)",Joanne Fluke,3.85,3,193
9097,The Wishing Tree (Witches of Moonhaven #2),Melissa Bellis,4.50,2,193
9098,"Dreams of a Dark Warrior (Immortals After Dark, #10)",Kresley Cole,4.34,2,193
9099,"Pleasure of a Dark Prince (Immortals After Dark, #8)",Kresley Cole,4.37,2,193
9100,Saving Elijah,Fran Dorf,3.70,2,192
9101,Human Action: A Treatise on Economics,Ludwig von Mises,4.34,2,192
9102,Home with God: In a Life That Never Ends,Neale Donald Walsch,4.52,2,192
9103,"The Day the World Came to Town: 9/11 in Gander, Newfoundland",Jim DeFede,4.25,2,192
9104,"Downbelow Station (The Company Wars, #1)",C.J. Cherryh,3.90,2,192
9105,Here Comes Everybody: The Power of Organizing Without Organizations,Clay Shirky,3.78,3,192
9106,Khyber Run,Amber Green,3.74,2,192
9107,Awakenings,Oliver Sacks,4.09,3,192
9108,"Enchanted (Medieval, #3)",Elizabeth Lowell,4.02,2,192
9109,"Silver Borne (Mercy Thompson, #5)",Patricia Briggs,4.38,2,192
9110,El túnel,Ernesto Sabato,4.02,3,192
9111,Versus,Hlovate,4.54,2,192
9112,1453: The Holy War for Constantinople and the Clash of Islam and the West,Roger Crowley,4.25,2,192
9113,The Icon of the Divine Heart of God the Father: Apologia and Canon,Marcelle Bartolo-Abela,4.14,2,192
9114,"Listen, Little Man!",Wilhelm Reich,3.97,2,192
9115,"Chronicles, Volume One",Bob Dylan,3.98,2,192
9116,Chasing Redbird,Sharon Creech,4.10,2,192
9117,Jealousy,Jenna Galicki,4.07,2,192
9118,The Call of Cthulhu and Other Weird Stories,H.P. Lovecraft,4.03,2,192
9119,The Foundation Pit,Andrei Platonov,3.78,2,192
9120,Quail Farming: Markets and Marketing Strategies,Francis Otieno,4.75,2,192
9121,"Dragon Wing (The Death Gate Cycle, #1)",Margaret Weis,3.97,2,192
9122,"Midnight Flight (Broken Wings, #2)",V.C. Andrews,3.93,2,192
9123,The Gomorrah Principle,Rick DeStefanis,4.49,2,192
9124,"They're Rugby Boys, Don't You Know?",Natalie Vellacott,4.11,2,192
9125,Aimee and the Bear,Toby Stone,4.67,2,192
9126,"The Soul and the Seed (The Kyrennei, #1)",Arie Farnam,4.16,2,192
9127,Odes,Michael Arthur Bucko,4.65,2,192
9128,Twice,Frank van der Kok,5.00,2,192
9129,Campos de fresas,Jordi Sierra i Fabra,3.24,2,192
9130,Asleep with One Eye Open,Dale S. Ailes,4.22,2,192
9131,أرض الغجر,أحمد أبو هيبة,3.87,2,192
9132,"My Dear I Wanted to Tell You (My Dear I Wanted to Tell You, #1)",Louisa Young,3.86,2,192
9133,"Shadow Hand (Tales of Goldstone Wood, #6)",Anne Elisabeth Stengl,4.33,2,192
9134,"Stormdancer (The Lotus Wars, #1)",Jay Kristoff,3.79,2,192
9135,It's a Wonderful Death,Sarah J. Schmitt,3.77,2,192
9136,Tanakh: The Holy Scriptures,Anonymous,4.36,2,192
9137,The Art of Your Surrender,Celeste C Owens,4.67,2,192
9138,"Mistaken Kiss (My Notorious Aunt, #2)",Kathleen Baldwin,3.92,2,192
9139,Diary of a Teenage Fairy Godmother,Kathleen Baldwin,3.73,2,192
9140,All the Things We Leave Behind,Riel Nason,4.02,2,192
9141,Bed-Stuy Is Burning,Brian Platzer,3.11,2,192
9142,Please Look After Mom,Kyung-Sook Shin,3.91,2,192
9143,Finding Your Colors: Fine Art Adult Coloring Book,Hertz Nazaire,4.78,2,192
9144,Of Roses and Lily,Ali Abbass,4.75,2,192
9145,Classy Mr Murray: A Second Chance Romantic Suspense Saga,Margaret  Kelleher,4.10,2,192
9146,"Sword Song (The Saxon Stories, #4)",Bernard Cornwell,4.32,4,192
9147,When Breath Becomes Air,Paul Kalanithi,4.41,2,192
9148,"17th Suspect (Women's Murder Club, #17)",James  Patterson,4.02,2,192
9149,"Still Me (Me Before You, #3)",Jojo Moyes,4.11,4,192
9150,Art Matters: Because Your Imagination Can Change the World,Neil Gaiman,4.29,2,192
9151,"Dawn (Xenogenesis, #1)",Octavia E. Butler,4.15,2,192
9152,Sahih Muslim,Imam Abul-Husain Muslim,4.67,2,192
9153,Despite the Devil,Shawna  James,4.18,2,192
9154,"Double Cross (Cross Your Heart and Die, #2)",Diane L. Kowalyshyn,4.28,2,192
9155,Crying in H Mart,Michelle Zauner,4.25,3,192
9156,Models: Attract Women Through Honesty,Mark Manson,4.30,2,192
9157,VALIS,Philip K. Dick,3.92,3,192
9158,The Fred Factor: How Passion in Your Work and Life Can Turn the Ordinary into the Extraordinary,Mark Sanborn,3.88,2,192
9159,Always Look on the Bright Side of Life: A Sortabiography,Eric Idle,3.90,2,192
9160,"Who's Got Your Back: The Breakthrough Program to Build Deep, Trusting Relationships That Create Success--And Won't Let You Fail",Keith Ferrazzi,3.67,2,192
9161,"The Private Patient (Adam Dalgliesh, #14)",P.D. James,3.81,2,192
9162,"S is for Silence (Kinsey Millhone, #19)",Sue Grafton,3.95,3,192
9163,"Freedom's Landing (Catteni, #1)",Anne McCaffrey,3.98,2,192
9164,Hyperfocus: How to Be More Productive in a World of Distraction,Chris   Bailey,3.88,2,192
9165,"Ashes (Dark in You, #3)",Suzanne Wright,4.32,2,192
9166,انتحار فاشل,أحمد جمال الدين رمضان,4.55,2,192
9167,مصرائيل,أحمد جمال الدين رمضان,4.62,2,192
9168,Wounded,Jasinda Wilder,3.96,2,192
9169,"Surviving Desert View (Kids vs. Nature, #2)",Karl Steam,4.29,2,192
9170,The Future of Man: Extinction or Glory?,Peter Hollings,4.40,2,191
9171,Booze House,María Mendoza,4.38,2,191
9172,فوضى الحواس,Ahlam Mosteghanemi,3.78,2,191
9173,In Country,Bobbie Ann Mason,3.59,2,191
9174,South of Broad,Pat Conroy,3.86,3,191
9175,"Ransom (Highlands' Lairds, #2)",Julie Garwood,4.33,4,191
9176,"Faefever (Fever, #3)",Karen Marie Moning,4.28,2,191
9177,"The Darkest Road (The Fionavar Tapestry, #3)",Guy Gavriel Kay,4.20,2,191
9178,The Wheel of time series by Robert Jordan (1-11),Robert Jordan,4.59,2,191
9179,The Child in Time,Ian McEwan,3.58,2,191
9180,Woman at Point Zero,Nawal El Saadawi,4.20,2,191
9181,Christian Controversies: Seeking the Truth,Scott S. Haraburda,3.60,2,191
9182,The Miracle Worker: A Play,William  Gibson,4.19,2,191
9183,"The Extraordinary Education of Nicholas Benedict (The Mysterious Benedict Society, #0)",Trenton Lee Stewart,4.37,2,191
9184,"Egipcjanin Sinuhe, tom 1",Mika Waltari,4.21,2,191
9185,"Dragon Rider (Dragon Rider, #1)",Cornelia Funke,4.00,2,191
9186,THE FOUR PAINFUL LIFE STORIES: How We Contracted Hiv/Aids,Francis Okumu,4.36,2,191
9187,The Meat Market (Jonathan Harkon Adventures #1),James Chalk,3.70,2,191
9188,History of Art,H.W. Janson,3.81,2,191
9189,"Lone Wolf Rising (The Winters Family Saga, #1)",Jami Brumfield,3.72,2,191
9190,"The Road to Los Angeles (The Saga of Arturo Bandini, #2)",John Fante,3.79,2,191
9191,Sounds of Silence,Phillip Tomasso III,4.26,2,191
9192,Mortal End: A Simmering Pit of Jiggery Pokery,Toula Mavridou-Messer,4.08,2,191
9193,Letters to My Daughter's Killer,Cath Staincliffe,4.15,2,191
9194,Totally at Random,Jenny Hammerle,3.67,2,191
9195,"Hart Attack (Titan, #5)",Cristin Harber,4.40,2,191
9196,Armageddon: Fall of the Vampires,Chisto Healy,4.22,2,191
9197,"Will You Please Be Quiet, Please?",Raymond Carver,4.20,3,191
9198,Depression: The Ultimate Cure: How To Get Rid Of Depression In 30 Days or Less,Cole Sisco,4.42,2,191
9199,"Stanton Adore (Stanton, #1)",T.L. Swan,4.03,2,191
9200,The Time in Between,María Dueñas,4.19,2,191
9201,"Raven's Gate (Power of Five, #1)",Anthony Horowitz,3.90,2,191
9202,"Sweet Evil (Sweet, #1)",Wendy Higgins,4.07,2,191
9203,"Earth Girl (Earth Girl, #1)",Janet  Edwards,3.84,2,191
9204,"The Crystal of Yggdrasil (Aki and the Spheres of Time, #1)",Gianni Perticaroli,4.14,2,191
9205,"Because of Mr. Terupt (Mr. Terupt, #1)",Rob Buyea,4.35,2,191
9206,Das Kapital,Karl Marx,4.09,2,191
9207,Dark Age,Felix O. Hartmann,3.83,2,191
9208,"The World of Lights (The Beginning, #1)",E.N. Nasimi,4.69,2,191
9209,"A New Life: The Chronicles of the Reverie, Novella 1",Natomi Karkael,4.24,2,191
9210,"Searching (The Starlight Chronicles, #0)",C.S.  Johnson,4.04,2,191
9211,Martin Luther's Ninety-Five Theses,Martin Luther,3.88,2,191
9212,"From The Falls (The Falls Trilogy, #2)",Heather  Renee,4.62,2,191
9213,The Prophecy,Julie-Anne Gamble,4.67,2,191
9214,"Ancillary Sword (Imperial Radch, #2)",Ann Leckie,4.08,2,191
9215,"What If It's Us (What If It's Us, #1)",Becky Albertalli,3.81,2,191
9216,"The Hunger Games (The Hunger Games, #1)",Suzanne Collins,4.34,2,191
9217,"The Fyfield Plantation (Arcadia’s Children, #2)",Andrew R.  Williams,4.41,2,191
9218,"Coyote Waits (Leaphorn & Chee, #10)",Tony Hillerman,4.06,2,191
9219,The Gravity of Missing Things,Marisa  Urgo,3.74,2,191
9220,Mourning Grey: Part Three The Guardians Of The Temple Saga,Marie Montine,4.39,2,191
9221,The Marshmallow Test: Mastering Self-Control,Walter Mischel,3.73,2,191
9222,The Toyota Way: 14 Management Principles from the World's Greatest Manufacturer,Jeffrey K. Liker,4.08,2,191
9223,"A Murder in Time (Kendra Donovan, #1)",Julie McElwain,3.79,2,191
9224,"Into the Fire (Orphan X, #5)",Gregg Hurwitz,4.44,2,191
9225,"Two Girls Down (Alice Vega, #1)",Louisa Luna,3.86,2,191
9226,It's Not Supposed to Be This Way: Finding Unexpected Strength When Disappointments Leave You Shattered,Lysa TerKeurst,4.29,2,191
9227,"Suffering, Redemption and Triumph: The first wave of post-war Australian immigrants 1945-66",Peter Brune,4.27,2,191
9228,Overall Fun,Garth A. Edgar,4.30,2,191
9229,طفيليات,أحمد جمال الدين رمضان,4.45,2,191
9230,Spellbound Masquerade (Witches of Moonhaven #1),Melissa Bellis,4.02,2,191
9231,"Hit List (Anita Blake, Vampire Hunter, #20)",Laurell K. Hamilton,3.97,2,191
9232,The Choice: Embrace the Possible,Edith Eger,4.58,2,191
9233,Beyond the Wand: The Magic & Mayhem of Growing Up a Wizard,Tom Felton,4.29,2,191
9234,The Foxe & the Hound,R.S. Grey,4.02,2,191
9235,Notes on Grief,Chimamanda Ngozi Adichie,4.22,2,191
9236,Disability Visibility: First-Person Stories from the Twenty-first Century,Alice  Wong,4.46,2,191
9237,Cold Sassy Tree,Olive Ann Burns,4.02,2,191
9238,Slavery by Another Name: The Re-Enslavement of Black Americans from the Civil War to World War II,Douglas A. Blackmon,4.38,2,190
9239,The Adventure of English: The Biography of a Language,Melvyn Bragg,3.94,2,190
9240,The Talismans of Shannara,Terry Brooks,4.04,3,190
9241,The Grounding of Group 6,Julian F. Thompson,3.87,2,190
9242,Steal Away,Amber Green,4.17,2,190
9243,The Everlasting Man,G.K. Chesterton,4.16,2,190
9244,Start-up Nation: The Story of Israel's Economic Miracle,Dan Senor,4.11,2,190
9245,بيكاسو وستاربكس,ياسر حارب,3.47,2,190
9246,The Piper's Son,Melina Marchetta,4.06,2,190
9247,Ward No. 6 and Other Stories,Anton Chekhov,4.30,2,190
9248,Musicophilia: Tales of Music and the Brain,Oliver Sacks,3.95,2,190
9249,Modoc: The True Story of the Greatest Elephant That Ever Lived,Ralph Helfer,4.22,3,190
9250,Rooftop Rant,Hlovate,4.48,2,190
9251,Heavy Duty People (Brethren Trilogy #1),Iain Parke,4.02,2,190
9252,"Airhead (Airhead, #1)",Meg Cabot,3.77,3,190
9253,Devdas,Sarat Chandra Chattopadhyay,3.92,2,190
9254,The Sittaford Mystery,Agatha Christie,3.77,2,190
9255,Touching from a Distance: Ian Curtis and Joy Division,Deborah Curtis,3.92,2,190
9256,The Importance of Being Earnest and Other Plays,Oscar Wilde,4.23,2,190
9257,Charlotte Gray,Sebastian Faulks,3.83,2,190
9258,"The Winds of Winter (A Song of Ice and Fire, #6)",George R.R. Martin,4.39,2,190
9259,The Laramie Project,Moisés Kaufman,4.19,2,190
9260,The Fifth Discipline: The Art & Practice of The Learning Organization,Peter M. Senge,3.93,2,190
9261,The Trouble With Islam Today: A Muslim's Call for Reform in Her Faith,Irshad Manji,3.65,2,190
9262,Thirteen,Richard K. Morgan,3.90,2,190
9263,"The Six-Gun Tarot (Golgotha, #1)",R.S. Belcher,3.78,2,190
9264,Catching Lightning Without the Bottle,Timothy F. Bouvine,4.29,2,190
9265,"Lobster Tales, Life Lessons, and Laughter",Dennis M. (Pap) Dupuis,4.58,2,190
9266,Edgy Conversations: How Ordinary People Can Achieve Outrageous Success,Dan Waldschmidt,3.82,2,190
9267,Science of Happiness,Manuel Kraus,3.43,2,190
9268,Psychaotic: See The World In Red And Black,Irum Zahra,4.06,2,190
9269,"Endymion (Hyperion Cantos, #3)",Dan Simmons,4.19,2,190
9270,On Herring Cove Road: Mr. Jew and the Goy Boy,Michael Kroft,4.31,2,190
9271,The Last of Her Kind,JoAnn Rackear Goldrich,3.67,2,190
9272,"Home (Gilead, #2)",Marilynne Robinson,4.04,2,190
9273,"Shivaratri, How I Saw God",Susana Franco,4.33,2,190
9274,"Cut from the Same Cloth (My Notorious Aunt, #3)",Kathleen Baldwin,3.92,2,190
9275,Redemption,Elora Mitchell,4.16,2,190
9276,Molloy,Samuel Beckett,4.04,2,190
9277,Under Milk Wood,Dylan Thomas,4.02,2,190
9278,The Danish Girl,David Ebershoff,3.76,2,190
9279,Revolutionary Suicide,Huey P. Newton,4.48,2,190
9280,I Dream of Yellow Kites: What if it was all just a nightmare?,Retta Bono,3.95,2,190
9281,Something There In Between (The Between Series Book 1),S.   Ferguson,4.01,2,190
9282,The Genius of Birds,Jennifer Ackerman,4.05,2,190
9283,The Karma Code,Daniel Davidsohn,3.56,2,190
9284,The Dead Silence,Jane B.,4.00,2,190
9285,Prince William: At Olympics 2012,Mike Scantlebury,4.24,2,190
9286,"The Biology Of Belief: Unleashing The Power Of Consciousness, Matter And Miracles",Bruce H. Lipton,4.15,2,190
9287,The Beak of the Finch: A Story of Evolution in Our Time,Jonathan Weiner,4.17,2,190
9288,Slumbering (The Starlight Chronicles #1),C.S.  Johnson,3.64,2,190
9289,Barbarian (Forgotten Legends of the Germanic Peoples Book 1),Tamuna Tsertsvadze,4.75,2,190
9290,The Night Circus,Erin Morgenstern,4.01,2,190
9291,Jami' At-Tirmidhi,Muhammad al-Tirmidhi,4.65,2,190
9292,"Dead in the Family (Sookie Stackhouse, #10)",Charlaine Harris,3.90,2,190
9293,Galileo,Bertolt Brecht,3.66,2,190
9294,I Will Teach You to Be Rich: No Guilt. No Excuses. No BS. Just a 6-Week Program That Works,Ramit Sethi,4.20,3,190
9295,The Return of the Soldier,Rebecca West,3.69,2,190
9296,El Deafo,Cece Bell,4.20,2,190
9297,"Bones Are Forever (Temperance Brennan, #15)",Kathy Reichs,3.91,2,190
9298,"Peach Cobbler Murder (Hannah Swensen, #7)",Joanne Fluke,3.92,2,190
9299,"Brownies and Broomsticks (A Magical Bakery Mystery, #1)",Bailey Cates,3.79,2,190
9300,Just as I Am,Billy Graham,4.30,2,190
9301,The Boy Who Loved Math: The Improbable Life of Paul Erdos,Deborah Heiligman,4.18,2,190
9302,Twice in a Blue Moon,Christina Lauren,3.63,2,190
9303,"The Lewis Man (Lewis Trilogy, #2)",Peter  May,4.22,2,190
9304,"A Curse So Dark and Lonely (Cursebreakers, #1)",Brigid Kemmerer,3.96,2,190
9305,The Roanoke Girls,Amy Engel,3.72,2,190
9306,"The Sleep Waves (Wisdom Revolution, #4)",Misba,4.70,2,190
9307,Felix Ever After,Kacen Callender,4.23,2,190
9308,مشاغب,أحمد جمال الدين رمضان,4.45,2,190
9309,"Hostage to Pleasure (Psy-Changeling, #5)",Nalini Singh,4.19,2,190
9310,"Lady Knight (Protector of the Small, #4)",Tamora Pierce,4.33,2,190
9311,Talking to Strangers: What We Should Know About the People We Don't Know,Malcolm Gladwell,4.00,2,190
9312,The Company of Women,Khushwant Singh,3.27,2,189
9313,Believing Christ: The Parable of the Bicycle and Other Good News,Stephen E. Robinson,4.51,2,189
9314,Täällä Pohjantähden alla 1–3,Väinö Linna,4.56,2,189
9315,Thirteen Moons,Charles Frazier,3.75,2,189
9316,गुनाहों का देवता,Dharamvir Bharati,4.34,2,189
9317,"The Great Collapse (Survivors of the Pulse, #1)",Jeff W. Horton,3.87,2,189
9318,The End of Alice,A.M. Homes,3.48,2,189
9319,Flotsam,David Wiesner,4.24,3,189
9320,Mary Queen of Scotland and The Isles,Margaret George,4.09,2,189
9321,Run Baby Run,Nicky Cruz,4.23,2,189
9322,The Day I Stopped Drinking Milk,Sudha Murty,4.00,2,189
9323,We the Animals,Justin Torres,3.72,2,189
9324,Hurt Go Happy,Ginny Rorby,4.26,2,189
9325,A Sound of Thunder and Other Stories,Ray Bradbury,4.20,2,189
9326,Secret Daughter,Shilpi Somaya Gowda,4.00,3,189
9327,We Are Called to Rise,Laura  McBride,3.94,2,189
9328,The Dictator's Handbook: Why Bad Behavior Is Almost Always Good Politics,Bruce Bueno de Mesquita,4.26,2,189
9329,Five Years - The Meeting,Leonard Belmont,4.48,2,189
9330,Everblaze (Keeper of the Lost Cities #3),Shannon Messenger,4.48,2,189
9331,Aparição,Vergílio Ferreira,3.69,2,189
9332,Engleby,Sebastian Faulks,3.75,2,189
9333,"The Madman's Daughter (The Madman's Daughter, #1)",Megan Shepherd,3.68,2,189
9334,Promises and Other Broken Things (Amelia and Declan #1),J.S. Eades,4.38,2,189
9335,The Harem,Thomas Sweeney,4.24,2,189
9336,Unglued: Making Wise Choices in the Midst of Raw Emotions,Lysa TerKeurst,4.16,2,189
9337,No Ordinary Day,Polly Becks,4.23,2,189
9338,witchbird,Tony Yarbro,0.00,2,189
9339,Dark Temptations: The Naughty Proposal!,Shanaya Taneja,3.05,2,189
9340,Two Brothers,Ben Elton,4.39,2,189
9341,2010: Odyssey Two,Arthur C. Clarke,3.95,2,189
9342,"Beauty from Pain (Beauty, #1)",Georgia Cates,4.22,2,189
9343,"The Tombs of Atuan (Earthsea Cycle, #2)",Ursula K. Le Guin,4.13,3,189
9344,"Crystal (Orphans, #2)",V.C. Andrews,3.70,2,189
9345,November 9,Colleen Hoover,4.12,2,189
9346,Yoga and Vipassana: An Integrated Life Style,Amit Ray,4.57,2,189
9347,Train to Pakistan,Khushwant Singh,3.94,2,189
9348,The Sailweaver's Son (Sky Riders of Etherium Book 1),Jeff Minerd,4.23,2,189
9349,"Dark Confessions of an Extraordinary, Ordinary Woman",Jenn Sadai,4.42,2,189
9350,All the Truth That's in Me,Julie Berry,3.91,2,189
9351,Psychological Types,C.G. Jung,4.31,2,189
9352,By Grand Central Station I Sat Down and Wept,Elizabeth Smart,3.49,2,189
9353,Black Glitter,Diamond Burks,4.22,2,189
9354,The Holy Man,Susan Trott,4.30,2,189
9355,"Dear Leader: Poet, Spy, Escapee - A Look Inside North Korea",Jang Jin-sung,4.33,2,189
9356,Western Song,Leigh Podgorski,4.20,2,189
9357,"The Year I Turned 25: A Memoir About Sex, Anxiety and a Dog Named She-Devil",Raquel Fletcher,4.13,2,189
9358,"Everything, Everything",Nicola Yoon,3.97,2,189
9359,"Embracing The Falls (The Falls Trilogy, #3)",Heather  Renee,4.67,2,189
9360,The Call to Serve (The Serve #1),Cece Whittaker,4.27,2,189
9361,"Gone (Wake, #3)",Lisa McMann,3.71,2,189
9362,Number9Dream,David Mitchell,3.87,2,189
9363,"The Atlantis Gene (The Origin Mystery, #1)",A.G. Riddle,3.79,2,189
9364,The Ragged Edge of Night,Olivia Hawker,4.16,2,189
9365,An American Princess: The Many Lives of Allene Tew,Annejet van der Zijl,3.73,2,189
9366,Memory Wall,Anthony Doerr,4.08,2,189
9367,The Overstory,Richard Powers,4.12,2,189
9368,Last Man Standing,David Baldacci,4.06,2,189
9369,The Miracles of the Namiya General Store,Keigo Higashino,4.42,2,189
9370,Lush Life,Richard Price,3.73,2,189
9371,"Ramona and Her Mother (Ramona Quimby, #5)",Beverly Cleary,4.11,3,189
9372,Pre-Suasion: A Revolutionary Way to Influence and Persuade,Robert B. Cialdini,4.01,2,189
9373,Freedom in Exile: The Autobiography of the Dalai Lama,Dalai Lama XIV,4.17,2,189
9374,A Time for Change: How White Supremacy Ideology Harms All Americans,Martha R Bireda,4.32,2,189
9375,Kissed By The Krampus (Monster in my Bed #1),L. Eveland,3.92,2,189
9376,Queen of Scots: The True Life of Mary Stuart,John Guy,3.94,2,189
9377,Me,Elton John,4.33,2,189
9378,"Master of Crows (Master of Crows, #1)",Grace Draven,3.92,2,189
9379,العصبي,أحمد جمال الدين رمضان,4.60,2,189
9380,"Glitches (The Lunar Chronicles, #0.5)",Marissa Meyer,3.96,2,189
9381,"Surviving Horse Island (Kids vs. Nature, #3)",Karl Steam,4.33,2,189
9382,Rite of Passage,Alexei Panshin,3.82,2,189
9383,Thieves' Paradise,Eric Jerome Dickey,4.06,2,188
9384,The September Sisters,Jillian Cantor,3.69,2,188
9385,The Plague of Doves,Louise Erdrich,3.80,3,188
9386,Iron John: A Book About Men,Robert  Bly,3.90,3,188
9387,Virgins of Paradise,Barbara Wood,4.38,2,188
9388,"World War II: London Blitz Diary, Volume 2",Ruby Side Thompson,4.17,2,188
9389,The Love of a Good Woman,Alice Munro,4.01,2,188
9390,The Way of Zen,Alan W. Watts,4.17,2,188
9391,Istanbul: Memories and the City,Orhan Pamuk,3.82,2,188
9392,House,Frank E. Peretti,3.56,2,188
9393,If Nobody Speaks Of Remarkable Things,Jon McGregor,3.89,2,188
9394,Lendas e Narrativas,Alexandre Herculano,3.77,3,188
9395,"Sent (The Missing, #2)",Margaret Peterson Haddix,3.94,3,188
9396,Teaching a Stone to Talk: Expeditions and Encounters,Annie Dillard,4.15,2,188
9397,The Analyst,John Katzenbach,4.12,2,188
9398,"Bruchko: The Astonishing True Story of a 19-Year-Old American, His Capture by the Motilone Indians and His Adventures in Christianizing the Stone Age Tribe",Bruce Olson,4.35,2,188
9399,"The Bourne Objective (Jason Bourne, #8)",Eric Van Lustbader,4.07,2,188
9400,Essays and Poems,Ralph Waldo Emerson,4.01,3,188
9401,The Longest Ride,Nicholas Sparks,4.17,2,188
9402,"Music Notes (Heartbeat, #3)",Renee Lee Fisher,4.32,2,188
9403,معالم في الطريق,Sayyid Qutb,3.93,2,188
9404,"Conversations With God: An Uncommon Dialogue, Book 2",Neale Donald Walsch,4.15,3,188
9405,"Y: The Last Man, Vol. 1: Unmanned",Brian K. Vaughan,4.08,2,188
9406,Scarred for Life: A Boy's Brutal Suffering and a Man's Raging Regret,Joel Hunter Gun,4.30,2,188
9407,"The Heart of Everything That Is: The Untold Story of Red Cloud, An American Legend",Bob Drury,4.13,2,188
9408,Three Graves Full,Jamie  Mason,3.22,2,188
9409,The Love Connection,Michael R. Mundy,4.00,2,188
9410,"The King's Scrolls (Ilyon Chronicles, #2)",Jaye L. Knight,4.54,2,188
9411,Half-Blood (Ilyon Chronicles #0.5),Jaye L. Knight,4.53,2,188
9412,The Minds of Billy Milligan,Daniel Keyes,4.28,2,188
9413,Knowing People: The Personal Use of Social Psychology,Michael J. Lovaglia,4.30,2,188
9414,"Hunter (The Hunter Saga, #1)",Sarai Henderson,3.72,2,188
9415,Damascus Cover,Howard Kaplan,3.96,2,188
9416,Verse for Ages,Colleen Thatcher,4.70,2,188
9417,"The Way of Shadows (Night Angel, #1)",Brent Weeks,4.15,2,188
9418,Glimpse Spirit vol. 6 (The Glimpse Series - Imagined Scenes from Imagined Lives),Lisa Mathisen,4.23,2,188
9419,The Female of the Species,Mindy McGinnis,4.15,2,188
9420,Loyalty and Deceit,Beanie Sigel,3.94,2,188
9421,The Divinity Bureau,Tessa Clare,4.06,2,188
9422,The Watchmaker's Doctor,G.M.T. Schuilling,4.05,2,188
9423,Good-Bye Def Leppard: I'll Miss Those Jeans,Stef Kramer,3.87,2,188
9424,"Flooded (Beautiful but Strange, #1)",J.J. Sorel,4.05,2,188
9425,The Art Dealer's Wife,Joe Hilley,4.41,2,188
9426,"Everything Is Always Gonna Be Alright, Durban Frankenshooze",Jamie McHone,4.34,2,188
9427,Sunan Abu Dawud,أبو داود السجستاني,4.59,2,188
9428,Magic Alex and the Secret History of Rock and Roll,Harry F. MacDonald,4.25,2,188
9429,Mindfulness for Beginners: Reclaiming the Present Moment―and Your Life,Jon Kabat-Zinn,3.78,2,188
9430,The Christmas Pig,J.K. Rowling,4.17,2,188
9431,"The Blinding Knife (Lightbringer, #2)",Brent Weeks,4.41,2,188
9432,Room on the Broom,Julia Donaldson,4.46,2,188
9433,Invisible Influence: The Hidden Forces that Shape Behavior,Jonah Berger,3.70,2,188
9434,The Boston Girl,Anita Diamant,3.83,2,188
9435,Eat & Run: My Unlikely Journey to Ultramarathon Greatness,Scott Jurek,4.03,2,188
9436,"The Bedwetter: Stories of Courage, Redemption, and Pee",Sarah Silverman,3.53,2,188
9437,My Dark Vanessa,Kate Elizabeth Russell,4.10,3,188
9438,"The Paris Vendetta (Cotton Malone, #5)",Steve Berry,3.94,2,188
9439,"The Hidden Child (Patrik Hedström, #5)",Camilla Läckberg,4.01,2,188
9440,The Other Black Girl,Zakiya Dalila Harris,3.36,2,188
9441,"Sand (The Sand Chronicles, #1)",Hugh Howey,3.96,2,188
9442,"All the Devils Are Here (Chief Inspector Armand Gamache, #16)",Louise Penny,4.43,2,188
9443,"Erebos (Erebos, #1)",Ursula Poznanski,4.09,2,188
9444,"Undead and Unappreciated (Undead, #3)",MaryJanice Davidson,3.88,2,188
9445,"Micah (Anita Blake, Vampire Hunter, #13)",Laurell K. Hamilton,3.68,2,188
9446,Laura Dean Keeps Breaking Up with Me,Mariko Tamaki,3.85,2,188
9447,A Fine Dark Line,Joe R. Lansdale,4.11,2,188
9448,Seven Plays,Sam Shepard,4.16,2,188
9449,The Book of Dragons,E. Nesbit,3.85,2,187
9450,Acts of Faith,Philip Caputo,3.94,2,187
9451,Not Even a Hint: Guarding Your Heart Against Lust,Joshua Harris,4.00,2,187
9452,In Your Eyes,Adelle Laudan,3.63,2,187
9453,The Poor Mouth,Flann O'Brien,4.06,2,187
9454,Dianetics: The Modern Science of Mental Health,L. Ron Hubbard,2.57,2,187
9455,Chill Factor,Sandra       Brown,4.05,2,187
9456,I Am the Cheese,Robert Cormier,3.77,2,187
9457,The Little Drummer Girl,John Le Carré,3.99,2,187
9458,"Here, Home, Hope",Kaira Rouda,3.42,2,187
9459,"Stone of Tears (Sword of Truth, #2)",Terry Goodkind,4.11,2,187
9460,The King's Agent,Donna Russo Morin,3.97,2,187
9461,Sobre héroes y tumbas,Ernesto Sabato,4.27,2,187
9462,Votive Mass of the Divine Heart of God the Father: Texts and Lectionary,Apostolate of the Divine Heart,3.75,2,187
9463,"Brookhaven (Web of Fate, #1)",J.C. Eggleton,4.25,2,187
9464,At Swim-Two-Birds,Flann O'Brien,3.85,2,187
9465,Being and Nothingness,Jean-Paul Sartre,3.99,3,187
9466,"Eragon & Eldest (The Inheritance Cycle, #1-2)",Christopher Paolini,4.31,2,187
9467,The Man in the Iron Mask (Le vicomte de Bragelonne #4),Alexandre Dumas,3.99,3,187
9468,Far Tortuga,Peter Matthiessen,3.91,2,187
9469,Twerking Cruxes and a Cloaked Visage,Kemka Ezinwo,4.73,2,187
9470,Acide sulfurique,Amélie Nothomb,3.57,2,187
9471,"The Unwanteds (Unwanteds, #1)",Lisa McMann,4.12,2,187
9472,Fears of Darkness,J.M. Northup,4.27,2,187
9473,The Wet Woman,Alejandra Díaz Mattoni,3.94,2,187
9474,"There's No Crying in Rock-n-Roll (Guitar Face, #2)",Sasha Marshall,4.50,2,187
9475,That's Not the Wind Out In the Trees: A Collection of Short Stories by Buster Wellman,Buster Wellman,3.90,2,187
9476,"Conspiracy (The Keeper, #6)",O.L. Ramos,4.66,2,187
9477,Internal  Conflict,E.A. Stripling,4.33,2,187
9478,Angels at the Gate,T.K. Thorne,4.24,2,187
9479,Lost in the River of Grass,Ginny Rorby,3.89,2,187
9480,"Queen Song (Red Queen, #0.1)",Victoria Aveyard,3.79,2,187
9481,Operation Sunset (Alex Hoffmann #5),Leslie Wolfe,4.42,2,187
9482,Leopard's Kiss (Shadow Guardians #1),Stephanie Rowe,4.09,2,187
9483,Exploits of a War Party from Seraph'Ithil (Hershel Saga #1),James Wells,4.50,2,187
9484,The Dark Side of Honor: A Jack Dublin Novel,S.T. Phillips,4.50,2,187
9485,The Perennial Wanderer: An American in the World,Steven D. Orr,4.18,2,187
9486,I Am Funny Like That: A Funny Look At Life,Helen C. Escott,4.17,2,187
9487,Enochi: 3 Of Light,Syquan Perrett,4.60,2,187
9488,"Self Growth (Life's Path, #1)",Ron Millicent,4.26,2,187
9489,Toute la lumière que nous ne pouvons voir,Anthony Doerr,4.31,2,187
9490,Société,Alexander Helas,4.27,2,187
9491,Funny in Farsi: A Memoir of Growing Up Iranian in America,Firoozeh Dumas,3.83,2,187
9492,Goodpoint: We see only what we focus on. Although what we don't focus on can change our lives.,Roberto F. Canducci,3.65,2,187
9493,Something in the Water,Catherine Steadman,3.56,2,187
9494,"In Good Faith (Joe Dillard, #2)",Scott Pratt,4.27,2,187
9495,Fifty-one Shades: A Parody,Andrew Shaffer,3.52,2,187
9496,Life is Big,Kiki Denis,4.04,2,187
9497,"The Gathering (Darkness Rising, #1)",Kelley Armstrong,4.02,3,187
9498,Mary Me: One Woman’s Incredible Adventure with God,Elizabeth Bristol,4.44,2,187
9499,Arising Son: Part One (The Guardians of the Temple Saga),Marie Montine,4.33,2,187
9500,The Family Nobody Wanted,Helen Grigsby Doss,4.31,2,187
9501,Competitive Strategy: Techniques for Analyzing Industries and Competitors,Michael E. Porter,4.17,2,187
9502,EntreLeadership: 20 Years of Practical Business Wisdom from the Trenches,Dave Ramsey,4.19,2,187
9503,Think Like a Rocket Scientist: Simple Strategies You Can Use to Make Giant Leaps in Work and Life,Ozan Varol,4.19,2,187
9504,FDR,Jean Edward Smith,4.08,2,187
9505,"Under One Roof (The STEMinist Novellas, #1)",Ali Hazelwood,3.65,2,187
9506,"The Neon Rain (Dave Robicheaux, #1)",James Lee Burke,3.91,2,187
9507,Bobby Kennedy: The Making of a Liberal Icon,Larry Tye,4.39,2,187
9508,The Secret Life of Houdini: The Making of America's First Superhero,William Kalush,3.86,2,187
9509,Bittersweet: How Sorrow and Longing Make Us Whole,Susan Cain,3.97,2,187
9510,"Deep Down (Jack Reacher, #16.5)",Lee Child,3.88,2,187
9511,Georgetown Academy: Season One,Alyssa Embree Schwartz,4.23,2,187
9512,The Last of the Crazy People,Timothy Findley,3.84,2,187
9513,"L.A. Confidential (L.A. Quartet, #3)",James Ellroy,4.18,2,187
9514,"Magic Binds (Kate Daniels, #9)",Ilona Andrews,4.54,2,187
9515,Holistic Mysticism: The Integrated Spiritual Path of the Quakers,Amos Smith,4.37,2,187
9516,ابتسم,عائض القرني,3.68,2,186
9517,"Beginner's Luck (Hallie Palmer, #1)",Laura Pedersen,3.87,2,186
9518,Going Green Without Going Broke,"Diedra ""DD"" Holley",4.50,2,186
9519,Union Street,Pat Barker,4.01,2,186
9520,"Evergreen (Werner Family Saga, #1)",Belva Plain,4.02,2,186
9521,Passion and Purity: Learning to Bring Your Love Life Under Christ's Control,Elisabeth Elliot,4.14,2,186
9522,Messages from the Masters: Tapping into the Power of Love,Brian L. Weiss,4.35,2,186
9523,Scat,Carl Hiaasen,3.96,2,186
9524,Young Men and Fire,Norman Maclean,4.04,2,186
9525,Borstal Boy,Brendan Behan,4.01,2,186
9526,Around the World in 80 Days,Marian Leighton,4.01,2,186
9527,The Orchardist,Amanda Coplin,3.80,2,186
9528,"Outcasts United: A Refugee Team, an American Town",Warren St. John,3.84,2,186
9529,The Westward Journey of the Nebraskan Wind,Gary D. Henry,4.60,2,186
9530,The Seven Basic Plots: Why We Tell Stories,Christopher Booker,3.76,2,186
9531,Serenad,Zülfü Livaneli,4.38,2,186
9532,David Copperfield,Malvina G. Vogel,4.05,2,186
9533,"A Christmas Proposal (Hidden Threat, #1.5)",Sherri Hayes,3.84,2,186
9534,"Bright White Darkness, New York Shift",A.G. Betts,5.00,2,186
9535,Dream Walker,Denise Harvey,3.50,2,186
9536,Snow in July,Kim Iverson Headlee,3.86,2,186
9537,Alone... You're Not,serenity finlay,4.33,2,186
9538,The Sunflower: On the Possibilities and Limits of Forgiveness,Simon Wiesenthal,4.11,2,186
9539,"Biting Bad (Chicagoland Vampires, #8)",Chloe Neill,4.19,2,186
9540,My Name Is Memory,Ann Brashares,3.72,2,186
9541,"Klondike: The Last Great Gold Rush, 1896-1899",Pierre Berton,4.24,2,186
9542,"In the Afterlight (The Darkest Minds, #3)",Alexandra Bracken,4.24,2,186
9543,"Twisted (Sinister Tales, #2)",Anna Gallegos,4.50,2,186
9544,The High House (Evenmere Chronicles #1),James Stoddard,4.06,2,186
9545,Mr. Popper's Penguins,Richard Atwater,3.97,2,186
9546,The Kingdom of This World,Alejo Carpentier,3.77,2,186
9547,The Constitution of the Tunisian Republic: Unofficial Translation,Med-Ali Mekki,5.00,2,186
9548,"Blue Dahlia (In the Garden, #1)",Nora Roberts,4.13,2,186
9549,Nineteen Cuts,Ringo Gene Hayden,4.56,2,186
9550,From The Shadows (Blaze #1),David    Carter,4.32,2,186
9551,"Crooked Kingdom (Six of Crows, #2)",Leigh Bardugo,4.58,2,186
9552,"Legion (The Exorcist, #2)",William Peter Blatty,3.69,2,186
9553,"Side Jobs (The Dresden Files, #12.5)",Jim  Butcher,4.25,2,186
9554,"Lila (Gilead, #3)",Marilynne Robinson,3.95,2,186
9555,Return to the Castle (Castle of Mysteries #2),Julie-Anne Gamble,4.80,2,186
9556,"The Lion's Tail (The Fruängen Bureau, #1)",Luna Miller,4.02,2,186
9557,Our Souls at Night,Kent Haruf,3.92,2,186
9558,Daily Prayer: A Modern Guide to Ancient Practices,Joy F Hilley,4.62,2,186
9559,Sunan An-Nasa'i,أحمد بن شعيب النسائي,4.58,2,186
9560,Notes of Oisin: From an Irish Monk to a Skaldic Poet,Tamuna Tsertsvadze,4.71,2,186
9561,Klara and the Sun,Kazuo Ishiguro,3.74,2,186
9562,"Stenhuggaren (Patrik Hedström, #3)",Camilla Läckberg,3.93,2,186
9563,"Death in the Clouds (Hercule Poirot, #12)",Agatha Christie,3.86,2,186
9564,"Poirot's Early Cases: 18 Hercule Poirot Mysteries (Hercule Poirot, #43)",Agatha Christie,3.94,2,186
9565,"Dead Souls (Inspector Rebus, #10)",Ian Rankin,4.07,2,186
9566,The Pleasures of God: Meditations on God's Delight in Being God,John      Piper,4.26,2,186
9567,This Time Together: Laughter and Reflection,Carol Burnett,4.07,2,186
9568,"5th Horseman (Women's Murder Club, #5)",James  Patterson,4.10,2,186
9569,The Friends of Eddie Coyle,George V. Higgins,4.05,2,186
9570,"Afterworlds (Afterworlds, #1)",Scott Westerfeld,3.72,2,186
9571,Cut,Patricia McCormick,3.76,2,186
9572,The Raj Quartet,Paul Scott,4.49,5,185
9573,Tractatus Logico-Philosophicus,Ludwig Wittgenstein,4.09,2,185
9574,The Road To Forever,Ron Felt,4.14,2,185
9575,The World's Religions,Huston Smith,4.05,2,185
9576,"The Road to Avalon (Dark Ages of Britain, #1)",Joan Wolf,4.05,2,185
9577,Darwin's Black Box: The Biochemical Challenge to Evolution,Michael J. Behe,3.79,2,185
9578,Lit!: A Christian Guide to Reading Books,Tony Reinke,4.17,2,185
9579,The High Rise Glorious Skittle Skat Roarious Sky Pie Angel Food Cake,Nancy Willard,4.41,2,185
9580,Earthly Powers,Anthony Burgess,4.13,2,185
9581,"Acidalia The Beginning of Kallos (Kallos, #.05)",Khelsey Jackson,4.04,2,185
9582,The Weapon of My Delusion,Ambrose Vendetto Bruno,5.00,2,185
9583,The Etiquette of Social Media,Leonard Kim,3.02,2,185
9584,Kürk Mantolu Madonna,Sabahattin Ali,4.39,2,185
9585,Upside Down Kingdom,Jody Brown Vettori,3.80,2,185
9586,Manual of Mineralogy,Cornelis Klein,3.92,2,185
9587,South of Reality,A.I. Alexen,4.60,2,185
9588,Suskunlar,İhsan Oktay Anar,4.36,2,185
9589,"Feverborn (Fever, #8)",Karen Marie Moning,4.24,2,185
9590,Fraulein Schmidt and Mr Anstruther,Elizabeth von Arnim,3.90,2,185
9591,Eat Dirt: Why Leaky Gut May Be the Root Cause of Your Health Problems and 5 Surprising Steps to Cure It,Josh Axe,4.03,2,185
9592,A Bird in the House,Margaret Laurence,3.95,2,185
9593,Buffering: Unshared Tales of a Life Fully Loaded,Hannah Hart,4.24,2,185
9594,The Complete Shakespeare Sonnets,William Shakespeare,4.25,2,185
9595,Monsieur Ibrahim and the Flowers of the Qur'an,Éric-Emmanuel Schmitt,3.84,2,185
9596,Embers of Atlanta: A short story,Laurențiu M. Badea,4.42,2,185
9597,Becoming Kimberly: A Transgender's Journey,Kimberly Davis,3.77,2,185
9598,"Ghost (Track, #1)",Jason Reynolds,4.19,2,185
9599,Wishful Drinking,Carrie Fisher,3.82,2,185
9600,Okinawa Diet,Marco Carestia,4.97,2,185
9601,"Mina drömmars stad (Stadserien, #1)",Per Anders Fogelström,4.06,2,185
9602,Dakota Son,Mary Ramsey,4.40,2,185
9603,Her Innocent Marine,Arthur Archambeau,3.95,2,185
9604,Hour of the Bees,Lindsay Eagar,4.19,2,185
9605,"A Court of Frost and Starlight (A Court of Thorns and Roses, #3.5)",Sarah J. Maas,3.73,2,185
9606,"Temple of the Winds (Sword of Truth, #4)",Terry Goodkind,4.03,2,185
9607,"The 19th Christmas (Women's Murder Club, #19)",James  Patterson,3.94,2,185
9608,Going Bovine,Libba Bray,3.67,2,185
9609,"Tiger and the Robot (Chandler Gray, #1)",Grahame Shannon,4.37,2,185
9610,Inherent Vice,Thomas Pynchon,3.79,2,185
9611,The Vanishing Half,Brit Bennett,4.13,2,185
9612,Socialism: Utopian and Scientific,Friedrich Engels,4.25,2,185
9613,"The Black Book (Inspector Rebus, #5)",Ian Rankin,3.97,2,185
9614,"Dark Towers: Deutsche Bank, Donald Trump, and an Epic Trail of Destruction",David Enrich,3.97,2,185
9615,We Do This 'til We Free Us: Abolitionist Organizing and Transforming Justice,Mariame Kaba,4.65,2,185
9616,"A Princess in Theory (Reluctant Royals, #1)",Alyssa Cole,3.78,2,185
9617,Transfigured Sea,Sally Ann Hunter,4.30,2,185
9618,Tokyo Vice: An American Reporter on the Police Beat in Japan,Jake Adelstein,3.91,3,185
9619,"The Star-Touched Queen (The Star-Touched Queen, #1)",Roshani Chokshi,3.57,3,185
9620,"Three to Get Deadly (Stephanie Plum, #3)",Janet Evanovich,4.15,3,185
9621,Gender Queer: A Memoir,Maia Kobabe,4.27,2,185
9622,Intimations,Zadie Smith,3.98,2,185
9623,The Confidence Gap,Russ Harris,4.05,2,185
9624,The Magnolia Palace,Fiona  Davis,3.88,2,185
9625,"Post Captain (Aubrey & Maturin, #2)",Patrick O'Brian,4.26,2,185
9626,"The Return (Inspector Van Veeteren, #3)",Håkan Nesser,3.69,2,185
9627,Cassin (Millionaire Monster Daddies #1),August St. Clare,4.47,2,185
9628,Kyne (Millionaire Monster Daddies #3),August St. Clare,4.63,2,185
9629,The Boar,Joe R. Lansdale,3.86,2,185
9630,"Lame Deer, Seeker of Visions",John Fire Lame Deer,4.28,2,184
9631,The Glory and the Dream: A Narrative History of America 1932-72,William Manchester,4.43,3,184
9632,"So Long, See You Tomorrow",William Maxwell,3.90,2,184
9633,The Adventures of Augie March,Saul Bellow,3.84,2,184
9634,Unlocked,Karen Kingsbury,4.29,2,184
9635,Fear and Misery of the Third Reich,Bertolt Brecht,4.08,2,184
9636,"Built to Last: Successful Habits of Visionary Companies (Good to Great, 2)",Jim Collins,4.06,2,184
9637,The Afghan,Frederick Forsyth,3.76,2,184
9638,The Personal MBA: Master the Art of Business,Josh Kaufman,4.11,2,184
9639,The Joke,Milan Kundera,4.03,2,184
9640,The Painted Bird,Jerzy Kosiński,3.91,2,184
9641,"Devil's Brood  (Plantagenets #3; Henry II & Eleanor of Aquitaine, #3)",Sharon Kay Penman,4.38,2,184
9642,Pathways to Bliss: Mythology and Personal Transformation,Joseph Campbell,4.33,2,184
9643,"Shades of Grey (Shades of Grey, #1)",Jasper Fforde,4.15,2,184
9644,Abundance: The Future Is Better Than You Think (Exponential Technology Series),Peter H. Diamandis,4.05,2,184
9645,"World War II London Blitz Diary, Volume 1",Ruby Side Thompson,3.66,2,184
9646,The Double,José Saramago,3.97,2,184
9647,"Fables, Vol. 1: Legends in Exile",Bill Willingham,3.98,2,184
9648,"The Dawn of Tecton (Alienman, #1)",Jayn,5.00,2,184
9649,Inga,Poile Sengupta,3.95,2,184
9650,"Capital: A Critique of Political Economy, Volume 2",Karl Marx,4.10,2,184
9651,Sweet Mungo,Meriel Brooke,4.26,2,184
9652,Pictures of Hollis Woods,Patricia Reilly Giff,4.03,2,184
9653,Demain,Guillaume Musso,4.15,2,184
9654,The Love Song of Miss Queenie Hennessy,Rachel Joyce,4.08,3,184
9655,Lord Jim,Joseph Conrad,3.61,3,184
9656,"Demented (Sinister Tales, #1)",Anna Gallegos,4.57,2,184
9657,"Forgotten, Saved, Loved: The Prologue (Nightfall, #1.5)",Violet Samuels,4.23,2,184
9658,The Adventures of Hop-hop and the Great Flying Rabbit,Sara Pappas,5.00,2,184
9659,"Peace Fire (Peaceforgers, #1)",Amber Bird,4.18,2,184
9660,"City of Stairs (The Divine Cities, #1)",Robert Jackson Bennett,4.10,2,184
9661,Slade House,David Mitchell,3.81,2,184
9662,Castle of Mysteries Three: The Complete Series,Julie-Anne Gamble,5.00,2,184
9663,Mindy Returns Home: A New Beginning,Julie-Anne Gamble,4.33,2,184
9664,The Only Investment Guide You'll Ever Need,Andrew Tobias,3.90,2,184
9665,Riptide - Mörderische Flut,Douglas Preston,3.98,3,184
9666,"Cold Days (The Dresden Files, #14)",Jim  Butcher,4.47,2,184
9667,"The Elfstones of Shannara  (The Original Shannara Trilogy, #2)",Terry Brooks,3.99,3,184
9668,"My Lady Jane (The Lady Janies, #1)",Cynthia Hand,4.01,2,184
9669,Sunan Ibn Majah,ابن ماجه,4.46,2,184
9670,Starman Jones,Robert A. Heinlein,3.89,3,184
9671,"Dangerous Games (DCYE, #4)",Lynessa Layne,4.27,2,184
9672,"Dark of the Moon (Virgil Flowers, #1)",John Sandford,4.00,2,184
9673,Games People Play,Eric Berne,3.73,2,184
9674,The Essex Serpent,Sarah Perry,3.53,2,184
9675,"The 1-Page Marketing Plan: Get New Customers, Make More Money, And Stand out From The Crowd",Allan Dib,4.32,2,184
9676,All Over But the Shoutin',Rick Bragg,4.13,2,184
9677,Augustus: First Emperor of Rome,Adrian Goldsworthy,4.28,2,184
9678,I Am Dynamite! A Life of Nietzsche,Sue Prideaux,4.31,2,184
9679,Meet Cute,Helena Hunting,3.73,2,184
9680,"The Will of the Many (Hierarchy, #1)",James  Islington,4.61,2,184
9681,Here I Stand: A Life of Martin Luther,Roland H. Bainton,3.87,2,184
9682,Hard to Be a God,Arkady Strugatsky,4.12,2,184
9683,The Happiest Man on Earth,Eddie Jaku,4.62,2,184
9684,Cult of the Clan,Frank  Lambert,4.46,2,184
9685,Millionaire Monster Daddies: Collection 1,August Oliver,4.64,2,184
9686,Delilah: Millionaire Monster Daddies Book Two,August St. Clare,5.00,2,184
9687,Longbourn,Jo Baker,3.66,2,184
9688,"Bloody Jack (Bloody Jack, #1)",L.A. Meyer,4.12,4,184
9689,"Just One Year (Just One Day, #2)",Gayle Forman,3.88,2,184
9690,Burning Down Rome,Melodie Ramone,4.08,2,184
9691,The Real Inspector Hound,Tom Stoppard,3.90,2,184
9692,"The Riftwar Saga (The Riftwar Saga, #1-4)",Raymond E. Feist,4.42,3,183
9693,The Jumping Frog,Mark Twain,3.68,3,183
9694,Lovingkindness: The Revolutionary Art of Happiness,Sharon Salzberg,4.20,2,183
9695,Twenty-Five Years Ago Today,Stacy Juba,3.75,2,183
9696,"Mortal Engines (Mortal Engines, #1)",Philip Reeve,3.77,2,183
9697,"Bones of the Hills (Conqueror, #3)",Conn Iggulden,4.37,2,183
9698,Cane,Jean Toomer,3.82,2,183
9699,"If Only They Could Talk (All Creatures Great and Small, #1)",James Herriot,4.34,2,183
9700,Malevil,Robert Merle,4.26,2,183
9701,An Ordinary Man: An Autobiography,Paul Rusesabagina,4.19,2,183
9702,Call Me Hope,Gretchen Olson,4.24,2,183
9703,"Raising the Stones (Arbai, #2)",Sheri S. Tepper,4.07,2,183
9704,The Unabridged Journals of Sylvia Plath,Sylvia Plath,4.27,2,183
9705,The Origin,Irving Stone,4.12,2,183
9706,Oldest Living Confederate Widow Tells All,Allan Gurganus,3.84,2,183
9707,The Divided Self: An Existential Study in Sanity and Madness,R.D. Laing,4.11,3,183
9708,The New Testament,Anonymous,4.26,2,183
9709,Better Never to Have Been: The Harm of Coming into Existence,David Benatar,3.90,2,183
9710,"Dom Wars: Round 1 & 2 (Dom Wars, #1-2)",Lucian Bane,4.18,2,183
9711,Short Stories from Rabindranath Tagore,Pratima Bowes,4.23,2,183
9712,"Daja's Book (Circle of Magic, #3)",Tamora Pierce,4.13,2,183
9713,Sixteenth Notes: the breaking of the rose-colored glasses,Taylor Rhodes,4.88,2,183
9714,Broken Open: How Difficult Times Can Help Us Grow,Elizabeth Lesser,4.03,2,183
9715,Daniel's Diary,Rajeshwari Chauhan,4.12,2,183
9716,"Stalk Me (The Keatyn Chronicles, #1)",Jillian Dodd,3.96,2,183
9717,THE YEAR OF THE FROG,Juls Amor,4.00,2,183
9718,The Brugan,Stephen          Moore,5.00,2,183
9719,The Fog,James Herbert,3.88,2,183
9720,The Humans,Matt Haig,4.08,2,183
9721,The Book of Tea,Kakuzō Okakura,3.85,2,183
9722,Wildflower,Drew Barrymore,3.60,2,183
9723,The  Alternate Ending,M.J. Thompson,3.88,2,183
9724,Every Natural Fact: Five Seasons of Open-Air Parenting,Amy Lou Jenkins,4.16,2,183
9725,Anthills of the Savannah,Chinua Achebe,3.85,2,183
9726,"The Ghost Road (Regeneration, #3)",Pat Barker,4.09,2,183
9727,Trigger Warning: Short Fictions and Disturbances,Neil Gaiman,3.91,2,183
9728,Homegoing,Yaa Gyasi,4.47,2,183
9729,"Dom Wars: Round Three (Dom Wars, #3)",Lucian Bane,4.27,2,183
9730,Spinning Black Hole Inside Our Earth,Ed Lukowich,4.80,2,183
9731,"iWoz: Computer Geek to Cult Icon: How I Invented the Personal Computer, Co-Founded Apple, and Had Fun Doing It",Steve Wozniak,3.84,2,183
9732,Self Growth - 2: Self Growth Through Self Esteem Techniques,Ron Millicent,4.36,2,183
9733,"First, Break All the Rules: What the World's Greatest Managers Do Differently",Marcus Buckingham,3.94,2,183
9734,Harry Potter and the Methods of Rationality,Eliezer Yudkowsky,4.39,2,183
9735,"Gateway (Heechee Saga, #1)",Frederik Pohl,4.06,2,183
9736,Matthias and the Shadow,Michael Blythe,4.40,2,183
9737,"Peter and the Starcatchers (Peter and the Starcatchers, #1)",Dave Barry,4.05,2,183
9738,A Sick Day for Amos McGee,Philip C. Stead,4.26,2,183
9739,"Too Like the Lightning (Terra Ignota, #1)",Ada Palmer,3.82,2,183
9740,"Tiamat's Wrath (The Expanse, #8)",James S.A. Corey,4.57,2,183
9741,Storm of Steel,Ernst Jünger,4.15,2,183
9742,How to Build a Billion Dollar App,George Berkowski,4.13,2,183
9743,The New Strategic Selling: The Unique Sales System Proven Successful by the World's Best Companies,Robert B. Miller,3.89,2,183
9744,"Mine Till Midnight (The Hathaways, #1)",Lisa Kleypas,4.06,2,183
9745,"American Royals (American Royals, #1)",Katharine McGee,3.82,2,183
9746,America's First Daughter,Stephanie Dray,4.23,2,183
9747,"Rewire Your Anxious Brain: How to Use the Neuroscience of Fear to End Anxiety, Panic, and Worry",Catherine M. Pittman,4.12,2,183
9748,Allegra Maud Goldman,Edith Konecky,4.07,2,183
9749,"The Rivals (Claudia Lin, #2)",Jane Pek,3.65,2,183
9750,Lost At Sea: The Jon Ronson Mysteries,Jon Ronson,3.98,3,183
9751,"Taking Charge of Your Fertility: The Definitive Guide to Natural Birth Control, Pregnancy Achievement, and Reproductive Health",Toni Weschler,4.55,2,182
9752,The Ode Less Travelled: Unlocking the Poet Within,Stephen Fry,4.06,2,182
9753,Am I Not a Man?: The Dred Scott Story,Mark L. Shurtleff,3.91,3,182
9754,"The Day of the Scorpion (The Raj Quartet, #2)",Paul Scott,4.29,2,182
9755,Duncan's Diary: Birth of a Serial Killer,Christopher C. Payne,3.42,2,182
9756,"Archangel's Kiss (Guild Hunter, #2)",Nalini Singh,4.19,3,182
9757,"The Rising Sun: The Decline & Fall of the Japanese Empire, 1936-45",John  Toland,4.29,3,182
9758,The Tracker: The True Story of Tom Brown Jr.,Tom Brown Jr.,4.19,3,182
9759,Devotion to the Divine Heart of God the Father,Apostolate of the Divine Heart,4.64,2,182
9760,Goodbye to All That,Robert  Graves,3.93,2,182
9761,"Into the Woods: Tales from the Hollows and Beyond (The Hollows, #10.1)",Kim Harrison,4.06,2,182
9762,Blue Smoke,Nora Roberts,4.06,2,182
9763,"Ethereal (Celestra, #1)",Addison Moore,3.75,2,182
9764,"Betsy-Tacy (Betsy-Tacy, #1)",Maud Hart Lovelace,4.08,2,182
9765,The Swerve: How the World Became Modern,Stephen Greenblatt,3.87,2,182
9766,The Damnation Game,Clive Barker,3.82,2,182
9767,Indigo Blue,Cathy Cassidy,3.91,2,182
9768,The Miseducation of Cameron Post,Emily M. Danforth,4.07,2,182
9769,Authentic Happiness: Using the New Positive Psychology to Realize Your Potential for Lasting Fulfillment,Martin E.P. Seligman,3.92,2,182
9770,The Pursuit of Holiness,Jerry Bridges,4.34,2,182
9771,Advanced WORLDBUILDING: A creative writing guide.,Jaime Buckley,3.64,2,182
9772,Armor,John Steakley,4.10,2,182
9773,A Lion in Your Number,Kevin Klix,3.42,2,182
9774,The Vagabond Vicar (Hearts of Amberley #1),Charlotte Brentwood,4.08,2,182
9775,What Survives of Us (Colorado Chapters #1),Kathy Miner,4.30,2,182
9776,Hocus Pocus,Teresa Roblin,3.28,2,182
9777,Mother of Pearl,Melinda Haynes,3.70,2,182
9778,God Emperor of Dune (Dune #4),Frank Herbert,3.88,2,182
9779,The Scar,Ashley Winters,4.40,2,182
9780,"The Valentine Date: Long Distance, Billionaires and Former Bad Boy's Collection",Ashley Winters,4.75,2,182
9781,Goofsville,Sammy Hahn,4.67,2,182
9782,Blonde,Joyce Carol Oates,3.93,2,182
9783,A Dark-Adapted Eye,Barbara Vine,3.93,2,182
9784,"The Fires of Heaven (The Wheel of Time, #5)",Robert Jordan,4.20,4,182
9785,Rainbirds,Clarissa Goenawan,3.48,2,182
9786,"The Novice (Summoner, #1)",Taran Matharu,4.12,2,182
9787,"Friendlationships: From Like, to Like Like, to Love in Your Twenties",Jeff  Taylor,3.48,2,182
9788,NO is not enough - defeating the new shock politics,Naomi Klein,4.11,2,182
9789,Advise and Consent,Allen Drury,4.09,2,182
9790,"Wake (Wake, #1)",Lisa McMann,3.75,2,182
9791,"The Dark Web Murders (Inspector Sheehan Mysteries, #4)",Brian O'Hare,4.24,2,182
9792,Euphoria,Lily King,3.86,2,182
9793,"The Complete Robot (Robot, #0.3)",Isaac Asimov,4.33,2,182
9794,The Line of Beauty,Alan Hollinghurst,3.77,2,182
9795,The Watchers: The Tomb,Carl Novakovich,4.28,2,182
9796,Translations,Brian Friel,3.84,2,182
9797,It Doesn't Have to Be Crazy at Work,Jason Fried,4.01,2,182
9798,Competing Against Luck,Clayton M. Christensen,4.15,2,182
9799,"Rumors (Luxe, #2)",Anna Godbersen,3.85,3,182
9800,"The First Man in Rome (Masters of Rome, #1)",Colleen McCullough,4.13,2,182
9801,"The Gray Man (Gray Man, #1)",Mark Greaney,4.16,2,182
9802,"Plague (Gone, #4)",Michael  Grant,4.16,2,182
9803,The Game of Life and How to Play It,Florence Scovel Shinn,4.08,2,182
9804,"The Dark Vineyard (Bruno, Chief of Police, #2)",Martin  Walker,3.98,2,182
9805,Slouching Towards Kalamazoo,Peter De Vries,3.74,2,182
9806,The Premonition: A Pandemic Story,Michael   Lewis,4.33,2,182
9807,The Hatbox Letters,Beth Powning,3.11,2,181
9808,عمارة يعقوبيان,علاء الأسواني,3.71,2,181
9809,The Acorn Gathering: Writers Uniting Against Cancer,Duane Simolke,5.00,2,181
9810,The Cure,Sonia Levitin,3.81,2,181
9811,"Goddess of Spring (Goddess Summoning, #2)",P.C. Cast,4.19,2,181
9812,"Collected Poems, 1947-1980",Allen Ginsberg,4.18,2,181
9813,Desiring God: Meditations of a Christian Hedonist,John      Piper,4.18,2,181
9814,"Märchenmond (Märchenmond, #1)",Wolfgang Hohlbein,3.88,2,181
9815,Amplified Bible,Anonymous,4.70,2,181
9816,The Weight of Silence,Heather Gudenkauf,3.95,2,181
9817,"Bone, Vol. 1: Out from Boneville (Bone, #1)",Jeff Smith,4.19,2,181
9818,La mort est mon métier,Robert Merle,4.36,2,181
9819,Dirt: The Erosion of Civilizations,David R. Montgomery,4.04,2,181
9820,"600 Hours of Edward (Edward, #1)",Craig Lancaster,4.12,2,181
9821,On Becoming a Person: A Therapist's View of Psychotherapy,Carl R. Rogers,4.16,2,181
9822,"Blackout (Newsflesh, #3)",Mira Grant,4.08,2,181
9823,Driving Miss Daisy,Alfred Uhry,4.24,2,181
9824,മയ്യഴിപ്പുഴയുടെ തീരങ്ങളിൽ | Mayyazhippuzhayude Theerangalil,M. Mukundan,4.18,2,181
9825,"A Grimm Warning (The Land of Stories, #3)",Chris Colfer,4.45,2,181
9826,Your Leadership Edge,Dr. Ravinder Tulsiani,4.06,2,181
9827,Last Man in Tower,Aravind Adiga,3.57,2,181
9828,By My Choice... A Valentine's Day Story,Christine Blackthorn,4.06,2,181
9829,Elmer Gantry,Sinclair Lewis,4.01,2,181
9830,"One, Two, Three...Infinity: Facts and Speculations of Science",George Gamow,4.21,2,181
9831,Hangman's Creek,Kol Anderson,4.50,2,181
9832,"Gods and Generals (The Civil War Trilogy, #1)",Jeff Shaara,4.09,2,181
9833,When Everything Good Comes,Oluwakemi Omowaire,5.00,2,181
9834,Messed Up... By Choice,Nikita,3.00,2,181
9835,"Melt (TimeBend, #1)",Ann  Denton,3.94,2,181
9836,"Cuts Like An Angel Book 1 (Cuts Like an Angel, #1)",Mason Sabre,4.49,2,181
9837,Decline and Fall,Evelyn Waugh,3.83,3,181
9838,Summer,Edith Wharton,3.67,2,181
9839,When Helping Hurts: How to Alleviate Poverty Without Hurting the Poor . . . and Yourself,Steve Corbett,4.20,2,181
9840,Grown-up Shmown-up,Nicky Allen,4.50,2,181
9841,The Amityville Horror,Jay Anson,3.83,2,181
9842,"Golden Fool (Tawny Man, #2)",Robin Hobb,4.37,2,181
9843,The Friend,Teresa Driscoll,4.02,2,181
9844,Autonomous,Annalee Newitz,3.58,2,181
9845,"Unspoken (The Lynburn Legacy, #1)",Sarah Rees Brennan,3.82,2,181
9846,"She Who Became the Sun (The Radiant Emperor, #1)",Shelley Parker-Chan,3.85,2,181
9847,"Ozma of Oz (Oz, #3)",L. Frank Baum,3.97,3,181
9848,Stone Soup,Marcia Brown,4.25,2,181
9849,"Boneshaker (The Clockwork Century, #1)",Cherie Priest,3.52,3,181
9850,Descent,Tim Johnston,3.61,2,181
9851,American Buffalo: A Play,David Mamet,3.74,3,181
9852,"Quite Ugly One Morning (Jack Parlabane, #1)",Christopher Brookmyre,3.91,3,181
9853,"Nietzsche: Philosopher, Psychologist, Antichrist",Walter Kaufmann,4.24,2,181
9854,The Map That Changed the World: William Smith and the Birth of Modern Geology,Simon Winchester,3.82,2,181
9855,Kingdom Wealth: The Power to Get It - 2nd Edition,Apostle J. Vernon Duncan,4.38,2,181
9856,They Went Left,Monica Hesse,4.23,2,181
9857,Those Left Behind (Serenity #1),Joss Whedon,4.04,2,181
9858,The Night Shift,Alex Finlay,3.90,2,181
9859,"A Reaper at the Gates (An Ember in the Ashes, #3)",Sabaa Tahir,4.14,2,181
9860,"Cry Wolf (Alpha & Omega, #1)",Patricia Briggs,4.12,2,181
9861,"Destroy Me (Shatter Me, #1.5)",Tahereh Mafi,3.96,2,181
9862,"Point of Retreat (Slammed, #2)",Colleen Hoover,4.11,2,181
9863,Forever Since An Apple,Ken Welsch,4.00,2,181
9864,Dancing at Lughnasa,Brian Friel,3.72,2,181
9865,Uncharted,Angela Elwell Hunt,3.62,2,180
9866,The Emigrants,W.G. Sebald,4.17,2,180
9867,The Cross and the Switchblade,David Wilkerson,4.26,4,180
9868,The Leadership Challenge,James M. Kouzes,4.01,2,180
9869,Love Poems from God: Inspirations from Twelve Sacred Voices of the East and West,Daniel Ladinsky,4.26,2,180
9870,Knowing God,J.I. Packer,4.33,2,180
9871,"Tsubasa: RESERVoir CHRoNiCLE, Vol. 01 (Tsubasa: RESERVoir CHRoNiCLE, #1)",Clamp,4.14,2,180
9872,A Treatise of Human Nature,David Hume,3.95,3,180
9873,The Healing,Jonathan Odell,4.00,2,180
9874,"Fallen Crest High (Fallen Crest High, #1)",Tijan,4.07,2,180
9875,"The Cairo Trilogy: Palace Walk, Palace of Desire, Sugar Street (The Cairo Trilogy #1-3)",Naguib Mahfouz,4.46,2,180
9876,The Days of Abandonment,Elena Ferrante,3.87,2,180
9877,Pygmalion and Three Other Plays,George Bernard Shaw,4.03,2,180
9878,The Twins,Tessa de Loo,3.61,2,180
9879,Night and Day,Virginia Woolf,3.76,3,180
9880,The Sound of One Hand Clapping,Richard Flanagan,3.77,2,180
9881,Song of Myself,Walt Whitman,4.16,3,180
9882,"K-Pax (K-Pax, #1)",Gene Brewer,4.10,2,180
9883,In the Kingdom of Ice: The Grand and Terrible Polar Voyage of the USS Jeannette,Hampton Sides,4.28,2,180
9884,Swami and Friends,R.K. Narayan,4.22,2,180
9885,Croquetas y wasaps,Begoña Oro,3.49,2,180
9886,Dividers,Travis Adams Irish,3.68,2,180
9887,The Little Sentinel Of The Sierra Nevada,Paul        Williams,4.19,2,180
9888,"Hard Bitten (Chicagoland Vampires, #4)",Chloe Neill,4.14,2,180
9889,I'll Sing for My Dinner,B.R. Kingsolver,4.04,2,180
9890,"Lover Mine (Black Dagger Brotherhood, #8)",J.R. Ward,4.39,2,180
9891,"Lover Avenged (Black Dagger Brotherhood, #7)",J.R. Ward,4.36,2,180
9892,"Neanderthal Seeks Human (Knitting in the City, #1)",Penny Reid,3.89,2,180
9893,Odyssey from River Bend,Tom McGowen,4.39,2,180
9894,She Bites,Roger Arsht,4.55,2,180
9895,SELF HELP: How to unleash your true potential,Shivam,4.13,2,180
9896,Rascal,Sterling North,4.17,3,180
9897,The Last Defender: A Novel,Travis Pearson,4.47,2,180
9898,My Life Next Door,Huntley Fitzpatrick,3.97,2,180
9899,The Moviegoer,Walker Percy,3.65,2,180
9900,"Strange the Dreamer (Strange the Dreamer, #1)",Laini Taylor,4.28,3,180
9901,The Uninhabitable Earth: Life After Warming,David Wallace-Wells,4.00,2,180
9902,The Starchild Compact (Starchild Series),Robert G. Williscroft,4.25,2,180
9903,"A Faint Cold Fear (Grant County, #3)",Karin Slaughter,4.04,2,180
9904,If We Were Villains,M.L. Rio,4.12,2,180
9905,In the Night Kitchen,Maurice Sendak,4.00,2,180
9906,Contagious: Why Things Catch On,Jonah Berger,3.98,2,180
9907,"A Little Bit Wicked: Life, Love, and Faith in Stages",Kristin Chenoweth,3.84,2,180
9908,The Tea Girl of Hummingbird Lane,Lisa See,4.28,2,180
9909,"The Accidental Billionaires: The Founding of Facebook, a Tale of Sex, Money, Genius, and Betrayal",Ben Mezrich,3.58,2,180
9910,"Crazy Stupid Bromance (Bromance Book Club, #3)",Lyssa Kay Adams,3.87,2,180
9911,You Are What You Love: The Spiritual Power of Habit,James K.A. Smith,4.11,2,180
9912,"The Proposal (The English Garden, #1)",Lori Wick,3.92,2,180
9913,"Moon Over Soho (Rivers of London, #2)",Ben Aaronovitch,4.08,2,180
9914,"Dead Witch Walking (The Hollows, #1)",Kim Harrison,4.04,2,180
9915,"The Madness of Crowds (Chief Inspector Armand Gamache, #17)",Louise Penny,4.19,2,180
9916,Keeping the Moon,Sarah Dessen,3.84,3,180
9917,The Bad Behavior of Belle Cantrell,Loraine Despres,3.69,2,180
9918,Ma Rainey's Black Bottom,August Wilson,4.00,2,180
9919,Cradle to Cradle: Remaking the Way We Make Things,William McDonough,4.09,2,179
9920,"Wayside School Boxed Set (Wayside School, #1-3)",Louis Sachar,4.43,4,179
9921,The Fight for Naturah: The Reclamation,Lloyd Blake,3.55,2,179
9922,The Country Bunny and the Little Gold Shoes,DuBose Heyward,4.33,2,179
9923,"Intwine (Intwine, #1)",Christina Moss,4.09,2,179
9924,The Green Book,Jill Paton Walsh,3.69,2,179
9925,The Satyricon,Petronius,3.78,2,179
9926,"Dark Days (Skulduggery Pleasant, #4)",Derek Landy,4.42,2,179
9927,"The Faceless Ones (Skulduggery Pleasant, #3)",Derek Landy,4.40,2,179
9928,"Tough Times Never Last, But Tough People Do!",Robert H. Schuller,4.19,2,179
9929,Zebra Forest,Adina Rishe Gewirtz,3.74,2,179
9930,The Earth,Émile Zola,4.09,2,179
9931,"Found (The Missing, #1)",Margaret Peterson Haddix,3.98,3,179
9932,Oscar and Lucinda,Peter Carey,3.73,2,179
9933,The Black Arrow,Robert Louis Stevenson,3.79,2,179
9934,"Red: The Heroic Rescue (The Circle, #2)",Ted Dekker,4.28,2,179
9935,Stillwell,Michael Phillip Cash,3.95,2,179
9936,"City of Bones / City of Ashes / City of Glass / City of Fallen Angels / City of Lost Souls (The Mortal Instruments, #1-5)",Cassandra Clare,4.56,3,179
9937,My American Journey,Colin Powell,4.08,2,179
9938,The Star Wars Trilogy,George Lucas,4.26,2,179
9939,A Shot of Faith (to the Head): Be a Confident Believer in an Age of Cranky Atheists,Mitch Stokes,4.22,2,179
9940,This Divided Island: Stories from the Sri Lankan War,Samanth Subramanian,4.36,2,179
9941,Loves-Me-Not,Lesley  Elliot,3.83,2,179
9942,Know that I am God,P. Ritwik,4.00,2,179
9943,Bad : Six Sexy Gents Unmasked,Elle Brace,4.02,2,179
9944,Resistance,Allana Kephart,4.31,2,179
9945,Caesar: Life of a Colossus,Adrian Goldsworthy,4.23,2,179
9946,What Have We Done?,Zoe Moor,0.00,2,179
9947,The Complete Dead Sea Scrolls in English,Géza Vermes,4.02,2,179
9948,"Disowned (Allegiance, #1)",Sarah Addison-Fox,4.10,2,179
9949,The Mark of the Horse Lord,Rosemary Sutcliff,4.16,2,179
9950,Creepshow,Stephen        King,4.07,2,179
9951,Annabel Horton: Lost Witch of Salem,Vera Jane Cook,4.27,2,179
9952,The Unremembered Girl,Eliza Maxwell,3.84,2,179
9953,"Dragonsong (Harper Hall, #1)",Anne McCaffrey,4.26,2,179
9954,The Nightingale,Kristin Hannah,4.64,2,179
9955,Quarantina,Wayne Tatum,4.33,2,179
9956,Making Amends,D.J. Callaghan,4.16,2,179
9957,"Tyrannosaur Canyon (Wyman Ford, #1)",Douglas Preston,3.87,2,179
9958,"The Maid (Molly the Maid, #1)",Nita Prose,3.76,3,179
9959,"White Jazz (L.A. Quartet, #4)",James Ellroy,3.92,2,179
9960,First Man: The Life of Neil A. Armstrong,James R. Hansen,3.92,2,179
9961,"Shadow of the Fox (Shadow of the Fox, #1)",Julie Kagawa,4.01,2,179
9962,"Down Among the Sticks and Bones (Wayward Children, #2)",Seanan McGuire,4.14,2,179
9963,"One, Two, Buckle My Shoe (Hercule Poirot, #23)",Agatha Christie,3.78,3,179
9964,From Bruised Fell,Jane Finlay-Young,3.71,2,179
9965,The Conditions of Love,Dale M. Kushner,3.88,2,179
9966,"Darius the Great Is Not Okay (Darius The Great, #1)",Adib Khorram,4.24,3,179
9967,"The Marlow Murder Club (Marlow Murder Club, #1)",Robert Thorogood,3.79,2,179
9968,After the Ocean,Lauren E. Rico,3.97,2,179
9969,Trouble Island,Sharon Short,3.46,2,179
9970,Guernica,Dave Boling,4.03,2,178
9971,The Art of Devotion,Samantha Bruce-Benjamin,3.53,2,178
9972,Open Veins of Latin America: Five Centuries of the Pillage of a Continent,Eduardo Galeano,4.31,2,178
9973,Airs Above the Ground,Mary  Stewart,4.10,2,178
9974,A Christmas Carol / The Chimes / The Cricket on the Hearth,Charles Dickens,4.14,2,178
9975,The Ground of Union: Deification in Aquinas and Palamas,A.N. Williams,4.62,2,178
9976,The Mayor of Castro Street: The Life and Times of Harvey Milk,Randy Shilts,4.14,2,178
9977,Idylls of the King,Alfred Tennyson,3.97,3,178
9978,"A Song of Ice and Fire (A Song of Ice and Fire, #1-5)",George R.R. Martin,4.60,3,178
9979,Crush,Richard Siken,4.34,2,178
9980,"The Year of Secret Assignments (Ashbury/Brookfield, #2)",Jaclyn Moriarty,3.92,2,178
9981,Memoirs of Dr Andrew Moonir Khan - A great Educator In Trinidad and Tobago,Brenda C. Mohammed,4.40,2,178
9982,"The Black Count: Glory, Revolution, Betrayal, and the Real Count of Monte Cristo",Tom Reiss,4.02,2,178
9983,A Dance in the Woods: A Mother's Insight,Janet K. Brennan,4.71,2,178
9984,"It's Not Summer Without You (Summer, #2)",Jenny Han,3.76,2,178
9985,A Timeless Abandon,Collin Pearman,4.80,2,178
9986,Reclaim Your Heart: Personal Insights on Breaking Free from Life's Shackles,Yasmin Mogahed,4.41,2,178
9987,Krabat,Otfried Preußler,3.91,2,178
9988,The Room,Jonas Karlsson,3.61,2,178
9989,Atemschaukel,Herta Müller,3.90,2,178
9990,Disabling Professions,Ivan Illich,4.13,2,178
9991,Tales from the Perilous Realm,J.R.R. Tolkien,4.07,3,178
9992,The Minority Report,Philip K. Dick,3.84,2,178
9993,Driving in LA,Brenda Bakke,4.83,2,178
9994,La leyenda del Rey Errante,Laura Gallego García,4.04,2,178
9995,"The Innocence of Father Brown (Father Brown, #1)",G.K. Chesterton,3.82,2,178
9996,"Anne's House of Dreams (Anne of Green Gables, #5)",L.M. Montgomery,4.18,2,178
9997,Prayers & Poetry,Rashawn Johnson,4.80,2,178
9998,Superstoe,William Borden,4.24,2,178
9999,"Hunting Harkonnens (Legends of Dune, #0.5)",Brian Herbert,3.66,2,178
